degree,window,bandwidth,avg_return,num_stocks,min_return,max_return,median_return,std_return
5,90,2.4999999999999996,340.52770137552665,86,-73.77176165285823,2063.6212835124043,207.16766787460602,383.34957985903293
