degree,window,bandwidth,avg_return,num_stocks,min_return,max_return,median_return,std_return
4,80,3.6999999999999993,311.72534703365613,86,-62.01506682487346,3756.323304986526,166.57989331662003,518.9848366285286
