degree,window,bandwidth,avg_return,num_stocks,min_return,max_return,median_return,std_return
2,20,1.1999999999999997,477.9473891317657,86,-35.860960907983625,3001.9319949989945,347.1565518623223,522.3616527470053
