degree,window,bandwidth,avg_return,num_stocks,min_return,max_return,median_return,std_return
8,20,0.6,437.69000021152857,86,4.770827103043321,3237.8691003710637,311.28219533403626,483.5186539930306
