degree,window,bandwidth,avg_return,num_stocks,min_return,max_return,median_return,std_return
1,90,1.2999999999999998,422.6609597775743,86,-59.005346925336475,4198.5994199279685,257.22627575644555,572.1426216580671
