degree,window,bandwidth,avg_return,num_stocks,min_return,max_return,median_return,std_return
6,50,0.5,259.05942385112405,86,-76.13642501191481,1748.9693716342,183.34379638679889,277.27504331447494
