degree,window,bandwidth,avg_return,num_stocks,min_return,max_return,median_return,std_return
9,50,0.7999999999999999,316.7887390139565,86,-73.96021959192043,2375.7278235256704,204.5799855635695,413.3467806155754
