degree,window,bandwidth,avg_return,num_stocks,min_return,max_return,median_return,std_return
3,100,3.2999999999999994,252.27092847906812,86,-34.943102946125975,974.3118812519605,190.9393761754759,239.161036499387
