degree,window,bandwidth,avg_return,num_stocks,min_return,max_return,median_return,std_return
5,90,3.8999999999999995,289.0959259697836,86,-71.78912822345112,1817.2117262939737,203.9629809278737,339.26992862337016
