degree,window,bandwidth,avg_return,num_stocks,min_return,max_return,median_return,std_return
9,100,0.7,233.8144901825415,86,-85.65812474765531,1455.3304227800827,174.04868275338163,264.9925367248902
