degree,window,bandwidth,avg_return,num_stocks,min_return,max_return,median_return,std_return
6,100,0.6,599.5604402718777,86,-45.265828288649644,5139.537272246659,355.280290917207,839.5642567288701
