degree,window,bandwidth,avg_return,num_stocks,min_return,max_return,median_return,std_return
5,30,2.4999999999999996,273.54700029591817,86,-80.7094138091902,1608.2943627383745,211.5965184624515,289.7824517886265
