degree,window,bandwidth,avg_return,num_stocks,min_return,max_return,median_return,std_return
6,100,2.6999999999999993,467.3761477831057,86,-44.79015998063612,7329.380274886608,240.45588641084612,878.8209551086112
