degree,window,bandwidth,avg_return,num_stocks,min_return,max_return,median_return,std_return
3,90,2.7999999999999994,398.25103816433256,86,-73.51496904717425,3547.9399863687418,216.59261678347974,568.7094572178225
