degree,window,bandwidth,avg_return,num_stocks,min_return,max_return,median_return,std_return
1,20,3.499999999999999,502.1447325957971,86,-44.765337653374324,3312.8710459815443,285.2294890472839,615.1265650943536
