degree,window,bandwidth,avg_return,num_stocks,min_return,max_return,median_return,std_return
4,100,3.999999999999999,252.281168911956,86,-76.820777276793,1614.0809223407093,158.60024529761898,313.5928769780065
