degree,window,bandwidth,avg_return,num_stocks,min_return,max_return,median_return,std_return
8,80,0.6,226.53116141631924,86,-78.93024213554538,1780.1983012618853,166.45622294047683,276.2995560048703
