degree,window,bandwidth,avg_return,num_stocks,min_return,max_return,median_return,std_return
7,20,3.599999999999999,689.8280217006871,86,-54.01803845914894,5264.5701477694865,398.23778139799117,970.5544327064548
