degree,window,bandwidth,avg_return,num_stocks,min_return,max_return,median_return,std_return
7,50,3.2999999999999994,276.4851951551459,86,-82.67824684064541,1511.0148245782932,188.09770444668825,312.26794208810617
