degree,window,bandwidth,avg_return,num_stocks,min_return,max_return,median_return,std_return
8,60,3.599999999999999,268.6709943592266,86,-78.19301337256269,1433.3857856350737,202.6695287836958,292.8835387264083
