degree,window,bandwidth,avg_return,num_stocks,min_return,max_return,median_return,std_return
2,100,3.6999999999999993,370.80545486518326,86,-62.6881019875001,2142.019437459272,215.14593255697963,424.98496552227505
