degree,window,bandwidth,avg_return,num_stocks,min_return,max_return,median_return,std_return
8,80,2.4999999999999996,264.05547267783,86,-68.33758330775758,4138.08589079435,137.1664147841666,505.16065133329334
