degree,window,bandwidth,avg_return,num_stocks,min_return,max_return,median_return,std_return
1,110,0.7999999999999999,404.4345868035792,86,-47.67039234172346,4061.820309936324,257.9323192435292,546.5184508328598
