degree,window,bandwidth,avg_return,num_stocks,min_return,max_return,median_return,std_return
8,30,1.4,783.7197184294781,86,-16.181516725938998,5199.577325053628,526.9440590409954,850.5812672833616
