degree,window,bandwidth,avg_return,num_stocks,min_return,max_return,median_return,std_return
8,70,2.3,212.4487678406266,86,-95.11401720762927,889.6539969574221,179.06072624516764,193.53960240626452
