degree,window,bandwidth,avg_return,num_stocks,min_return,max_return,median_return,std_return
6,90,0.7,564.0620828756797,86,-25.93353931418235,4710.729489053175,301.3630308251701,752.0465446760985
