degree,window,bandwidth,avg_return,num_stocks,min_return,max_return,median_return,std_return
6,30,1.7999999999999998,280.5277606319519,86,-75.3891652278384,1765.268134426818,145.46123924620443,391.43314592785504
