degree,window,bandwidth,avg_return,num_stocks,min_return,max_return,median_return,std_return
1,100,2.5999999999999996,585.136676223799,86,-76.25295780593933,6947.5438274217995,369.59917691843674,882.4676090123811
