degree,window,bandwidth,avg_return,num_stocks,min_return,max_return,median_return,std_return
6,50,3.0999999999999996,265.0201336953195,86,-75.95849419251246,5941.320256766351,170.53208254647336,645.9969082217443
