degree,window,bandwidth,avg_return,num_stocks,min_return,max_return,median_return,std_return
7,100,1.7999999999999998,473.85097535690875,86,-46.411861883042086,3973.9705851276867,276.66465242298466,636.4694377099025
