degree,window,bandwidth,avg_return,num_stocks,min_return,max_return,median_return,std_return
3,40,3.499999999999999,299.09721809361366,86,-56.49246408824552,2077.8086524950895,182.95190236689308,359.1908688168979
