degree,window,bandwidth,avg_return,num_stocks,min_return,max_return,median_return,std_return
9,80,2.0999999999999996,243.28472371093153,86,-90.87326439902984,3827.294115088562,178.23861167184918,431.40446374640834
