degree,window,bandwidth,avg_return,num_stocks,min_return,max_return,median_return,std_return
2,40,3.2999999999999994,277.6981088031864,86,-73.19981695217724,1150.7505846200465,177.98566049575726,293.39935898624486
