degree,window,bandwidth,avg_return,num_stocks,min_return,max_return,median_return,std_return
3,100,3.0999999999999996,280.84867333058605,86,-52.330469891880625,1292.5402232541317,194.52342951563804,291.07050664557613
