degree,window,bandwidth,avg_return,num_stocks,min_return,max_return,median_return,std_return
5,100,2.1999999999999997,324.18024166549,86,-65.88535075967646,2743.3930301172427,213.16829392730767,400.22291847659176
