degree,window,bandwidth,avg_return,num_stocks,min_return,max_return,median_return,std_return
6,90,3.2999999999999994,437.75812335319625,86,-48.794194029850686,4244.390207498002,303.55851974736925,580.0531740075937
