degree,window,bandwidth,avg_return,num_stocks,min_return,max_return,median_return,std_return
7,70,3.599999999999999,311.64868998275904,86,-81.0382778685803,2060.694508594104,195.5215811271563,394.4129752991026
