degree,window,bandwidth,avg_return,num_stocks,min_return,max_return,median_return,std_return
1,110,2.4999999999999996,562.6930485205833,86,-75.83385955172025,5759.086534165025,372.0958974456509,753.2904426382836
