degree,window,bandwidth,avg_return,num_stocks,min_return,max_return,median_return,std_return
8,80,1.4,212.1451297051685,86,-83.18827273721087,1232.6876139523786,138.35473275216938,250.08821596093352
