degree,window,bandwidth,avg_return,num_stocks,min_return,max_return,median_return,std_return
2,40,0.6,430.874614818638,86,-35.29732389571089,4806.69619648935,255.8690075664915,633.0329614114141
