degree,window,bandwidth,avg_return,num_stocks,min_return,max_return,median_return,std_return
9,20,3.3999999999999995,621.073064725615,86,0.4223423666593044,8845.474713282498,333.02619390315596,1083.9528373453807
