degree,window,bandwidth,avg_return,num_stocks,min_return,max_return,median_return,std_return
4,120,1.8999999999999997,394.4104809655276,86,-54.90757256472344,6092.810746457457,244.43212592131647,697.3467482381428
