degree,window,bandwidth,avg_return,num_stocks,min_return,max_return,median_return,std_return
6,30,2.5999999999999996,243.52028051083184,86,-63.67183893978299,1113.4107980382482,183.88240702111125,257.57527050487863
