degree,window,bandwidth,avg_return,num_stocks,min_return,max_return,median_return,std_return
1,70,0.5,423.37069806316623,86,-55.98236267783794,1938.2362472589382,281.0989231151693,422.14116728363587
