degree,window,bandwidth,avg_return,num_stocks,min_return,max_return,median_return,std_return
7,50,2.7999999999999994,276.91266852235145,86,-86.13360952212518,1151.4504428994696,231.8255346658823,274.82648229661294
