degree,window,bandwidth,avg_return,num_stocks,min_return,max_return,median_return,std_return
5,50,3.1999999999999993,459.88792061152293,86,-58.41298611459619,4394.664636597059,291.5249358384715,649.7871786903402
