degree,window,bandwidth,avg_return,num_stocks,min_return,max_return,median_return,std_return
1,100,1.4999999999999998,459.2868268017546,86,-55.11347576142753,5104.202056881739,300.40056599912316,647.1750449637556
