degree,window,bandwidth,avg_return,num_stocks,min_return,max_return,median_return,std_return
2,40,1.5999999999999996,363.33032146592114,86,-68.09342532904802,1985.1861430161396,239.51898498525492,406.2698923910111
