degree,window,bandwidth,avg_return,num_stocks,min_return,max_return,median_return,std_return
9,30,2.3999999999999995,731.5677558272487,86,-44.10307967690035,7600.164667647891,455.2199296294949,1114.0538243553958
