degree,window,bandwidth,avg_return,num_stocks,min_return,max_return,median_return,std_return
7,120,0.7999999999999999,586.1443816460688,86,-49.58820388043195,4537.248480621098,386.4222559621045,729.7195126324948
