degree,window,bandwidth,avg_return,num_stocks,min_return,max_return,median_return,std_return
1,50,3.3999999999999995,473.69379997872414,86,-60.101964600892025,9403.518609819772,324.61844231244095,1020.8874506096762
