degree,window,bandwidth,avg_return,num_stocks,min_return,max_return,median_return,std_return
7,90,3.6999999999999993,402.9835008518547,86,-72.96321463487241,2510.227621621598,280.65567332926616,447.1274857514469
