degree,window,bandwidth,avg_return,num_stocks,min_return,max_return,median_return,std_return
4,20,3.1999999999999993,327.8076538470727,86,-84.72226445768996,7707.031363479609,164.22864058845644,853.499459485318
