degree,window,bandwidth,avg_return,num_stocks,min_return,max_return,median_return,std_return
1,100,1.5999999999999996,448.82965521640324,86,-46.785678299108966,4740.5166233769205,284.4805445854741,595.5280924668549
