degree,window,bandwidth,avg_return,num_stocks,min_return,max_return,median_return,std_return
7,70,0.6,240.1643508746475,86,-86.06777297214595,1855.3408019243643,144.79975265549737,310.2342112255873
