degree,window,bandwidth,avg_return,num_stocks,min_return,max_return,median_return,std_return
4,80,1.0999999999999999,327.75349344381135,86,-65.88339807428684,2397.590126036887,208.2600501713896,380.01195487889413
