degree,window,bandwidth,avg_return,num_stocks,min_return,max_return,median_return,std_return
2,100,1.1999999999999997,377.59302149566355,86,-77.97818873348491,1871.590232328565,258.30503329292037,385.27108238680216
