degree,window,bandwidth,avg_return,num_stocks,min_return,max_return,median_return,std_return
8,20,3.2999999999999994,426.3756535846717,86,-33.879854863897855,2673.3898164902653,277.0692629025888,442.99829086534635
