degree,window,bandwidth,avg_return,num_stocks,min_return,max_return,median_return,std_return
6,60,2.8999999999999995,341.9722110053675,86,-61.777753830794765,4202.261051630828,218.49061069747728,525.985792643332
