degree,window,bandwidth,avg_return,num_stocks,min_return,max_return,median_return,std_return
2,120,3.8999999999999995,488.80546419427765,86,-62.49645650150596,3644.5911033219877,282.6421905926298,684.0142546536615
