degree,window,bandwidth,avg_return,num_stocks,min_return,max_return,median_return,std_return
8,40,1.4,403.29464564996584,86,-77.75954711061779,3202.6811140711134,201.532998651325,626.9476992904084
