degree,window,bandwidth,avg_return,num_stocks,min_return,max_return,median_return,std_return
4,110,1.6999999999999997,382.067306682666,86,-57.440449724313524,2209.6559446114466,262.641286933418,445.47771097793714
