degree,window,bandwidth,avg_return,num_stocks,min_return,max_return,median_return,std_return
9,100,3.2999999999999994,248.1666094045496,86,-63.99836160450495,2970.1167948443517,156.00481764964746,401.70965714107194
