degree,window,bandwidth,avg_return,num_stocks,min_return,max_return,median_return,std_return
1,30,3.499999999999999,529.643590769148,86,-65.03444020763769,2929.59575466465,323.61134658950994,609.9568641981448
