degree,window,bandwidth,avg_return,num_stocks,min_return,max_return,median_return,std_return
8,100,2.9999999999999996,380.33830754989316,86,-37.0505874476492,3053.0819962472997,232.60731329835113,490.6184312831585
