degree,window,bandwidth,avg_return,num_stocks,min_return,max_return,median_return,std_return
5,50,1.4,328.1459138918438,86,-59.006933372759775,6399.550639441889,168.0748753166095,729.0340303699104
