degree,window,bandwidth,avg_return,num_stocks,min_return,max_return,median_return,std_return
3,120,2.0999999999999996,348.92586909959505,86,-52.06300187294535,1555.4173281820172,199.61142985180885,403.86356658844767
