degree,window,bandwidth,avg_return,num_stocks,min_return,max_return,median_return,std_return
4,110,0.6,394.4324119202796,86,-66.70832002443012,5801.871992441083,275.6472872744856,645.774753719901
