degree,window,bandwidth,avg_return,num_stocks,min_return,max_return,median_return,std_return
3,60,2.5999999999999996,376.1750273041764,86,-60.11788781795855,2105.3197047229323,260.19332748649737,423.73752361658705
