degree,window,bandwidth,avg_return,num_stocks,min_return,max_return,median_return,std_return
3,60,3.3999999999999995,296.80710218923167,86,-79.46391161454083,1706.9950494767209,184.46131520792812,356.5937988613266
