degree,window,bandwidth,avg_return,num_stocks,min_return,max_return,median_return,std_return
8,40,1.6999999999999997,379.74590420400267,86,-77.23775799404527,3573.0760488379588,196.72214557654252,595.645153424929
