degree,window,bandwidth,avg_return,num_stocks,min_return,max_return,median_return,std_return
8,50,3.999999999999999,397.7272830609453,86,-73.03758204318069,7955.098029277984,182.91682943107577,917.416789613164
