degree,window,bandwidth,avg_return,num_stocks,min_return,max_return,median_return,std_return
8,120,2.3999999999999995,424.8162646540711,86,-15.05903659486603,5492.765621816114,240.27474387295092,669.8591534585664
