degree,window,bandwidth,avg_return,num_stocks,min_return,max_return,median_return,std_return
9,50,3.0999999999999996,321.66562699953107,86,-66.39055660290518,7542.013081078165,164.49825597135984,831.8544020310027
