degree,window,bandwidth,avg_return,num_stocks,min_return,max_return,median_return,std_return
7,70,2.9999999999999996,241.44207212490272,86,-76.78670705269377,1012.7096214028571,170.28669125450529,257.2316809216987
