degree,window,bandwidth,avg_return,num_stocks,min_return,max_return,median_return,std_return
3,80,2.4999999999999996,390.9805983166843,86,-71.14615982152823,2154.7700530500424,231.8092759325345,457.41852044308257
