degree,window,bandwidth,avg_return,num_stocks,min_return,max_return,median_return,std_return
1,80,1.1999999999999997,420.63815379603795,86,-40.79733528165478,3125.6966525784815,256.0985368399139,486.6419035884681
