degree,window,bandwidth,avg_return,num_stocks,min_return,max_return,median_return,std_return
8,30,2.3999999999999995,774.5075982975003,86,-51.54169877387004,4991.024033643006,466.6771156114341,888.8332648010978
