degree,window,bandwidth,avg_return,num_stocks,min_return,max_return,median_return,std_return
8,20,2.9999999999999996,430.3219355350472,86,-30.500889225526862,2210.1609677967235,294.10301401406736,446.2785050904166
