degree,window,bandwidth,avg_return,num_stocks,min_return,max_return,median_return,std_return
6,70,0.6,417.30133817525007,86,-59.63255740592709,8571.971229426816,234.40240353249845,943.0115383609389
