degree,window,bandwidth,avg_return,num_stocks,min_return,max_return,median_return,std_return
2,60,1.4999999999999998,349.71656577254055,86,-52.29976470334455,3103.235506883945,211.15234855049766,439.33445776525167
