degree,window,bandwidth,avg_return,num_stocks,min_return,max_return,median_return,std_return
7,50,1.0999999999999999,267.2650724668832,86,-88.08288682456569,1659.4494265456065,214.74796975159072,285.56499310886227
