degree,window,bandwidth,avg_return,num_stocks,min_return,max_return,median_return,std_return
6,120,1.4,495.30203875534784,86,-67.68921277449193,7606.348550908223,291.5572973578783,955.1106048198592
