degree,window,bandwidth,avg_return,num_stocks,min_return,max_return,median_return,std_return
2,110,1.8999999999999997,335.90055796435786,86,-64.44760309564595,1578.5073992192429,234.6967188403387,359.12591943814095
