degree,window,bandwidth,avg_return,num_stocks,min_return,max_return,median_return,std_return
1,90,0.7999999999999999,395.48486287351676,86,-53.81446118853762,2466.310360300073,261.1169239148287,438.9980624649766
