degree,window,bandwidth,avg_return,num_stocks,min_return,max_return,median_return,std_return
7,80,1.0999999999999999,313.2161216847546,86,-71.46598934480795,7143.204608096299,167.48324452751768,776.3057589399878
