degree,window,bandwidth,avg_return,num_stocks,min_return,max_return,median_return,std_return
6,70,2.5999999999999996,343.8608379459433,86,-51.65448899877988,1946.3612210499089,238.2000028469239,384.07514695786887
