degree,window,bandwidth,avg_return,num_stocks,min_return,max_return,median_return,std_return
9,60,2.6999999999999993,297.670121731688,86,-74.07971514424852,2582.0570303658596,171.71893372496828,405.9512014744676
