degree,window,bandwidth,avg_return,num_stocks,min_return,max_return,median_return,std_return
3,90,3.7999999999999994,261.2958877971013,86,-36.45199049173231,1583.0553783743962,214.1058873201692,275.83055883004255
