degree,window,bandwidth,avg_return,num_stocks,min_return,max_return,median_return,std_return
2,30,2.7999999999999994,304.73045245764456,86,-69.13913625461073,3692.940094550997,196.27598093052012,456.8493578303479
