degree,window,bandwidth,avg_return,num_stocks,min_return,max_return,median_return,std_return
4,40,3.499999999999999,482.6487703193783,86,-44.92202072952503,4697.941672028986,248.47615878453263,801.8935191956285
