degree,window,bandwidth,avg_return,num_stocks,min_return,max_return,median_return,std_return
1,20,2.4999999999999996,428.79312458646143,86,-73.3394385197126,3652.3869031466297,268.81654587441835,525.9269290629076
