degree,window,bandwidth,avg_return,num_stocks,min_return,max_return,median_return,std_return
5,100,1.6999999999999997,356.48091293788286,86,-53.34160926965805,2782.0212163111905,216.50808352476818,424.2484339918166
