degree,window,bandwidth,avg_return,num_stocks,min_return,max_return,median_return,std_return
1,20,1.2999999999999998,510.1941722780903,86,-54.82461371408063,3197.7071594230433,323.79912117572394,610.1313509012266
