degree,window,bandwidth,avg_return,num_stocks,min_return,max_return,median_return,std_return
7,30,2.8999999999999995,220.05425449126494,86,-62.10924914746438,1749.3576688955318,134.63882004535478,278.1131991839473
