degree,window,bandwidth,avg_return,num_stocks,min_return,max_return,median_return,std_return
9,100,1.4999999999999998,218.20274607319627,86,-76.09105178110764,2012.969296336412,121.73792572533321,315.98213917487874
