degree,window,bandwidth,avg_return,num_stocks,min_return,max_return,median_return,std_return
8,60,2.4999999999999996,305.8724250402842,86,-77.08851972459416,1302.891406912193,213.37120662310832,313.58485301306547
