degree,window,bandwidth,avg_return,num_stocks,min_return,max_return,median_return,std_return
1,120,1.4,411.64887531605194,86,-41.83984046290704,2367.4759372819713,350.9555786002701,367.9282509248835
