degree,window,bandwidth,avg_return,num_stocks,min_return,max_return,median_return,std_return
5,40,2.0999999999999996,298.30387930204535,86,-68.11900001101807,7069.647658469161,195.53794497085653,762.1860196756361
