degree,window,bandwidth,avg_return,num_stocks,min_return,max_return,median_return,std_return
1,90,3.7999999999999994,490.95978515801113,86,-60.03028122829417,3269.04928205745,349.50935858986884,573.5993431290599
