degree,window,bandwidth,avg_return,num_stocks,min_return,max_return,median_return,std_return
6,40,2.4999999999999996,305.86940352770466,86,-82.64995076252275,1696.254605288324,245.0390062455449,331.6417251108903
