degree,window,bandwidth,avg_return,num_stocks,min_return,max_return,median_return,std_return
1,110,3.7999999999999994,462.9870496454698,86,-42.51058316792308,2373.7937455557153,276.88284130991894,557.8823795497865
