degree,window,bandwidth,avg_return,num_stocks,min_return,max_return,median_return,std_return
7,30,0.9999999999999999,317.5602315649113,86,-55.24100277013603,2038.12853865416,230.91883399429716,336.6852772579814
