degree,window,bandwidth,avg_return,num_stocks,min_return,max_return,median_return,std_return
4,50,3.2999999999999994,489.8833012373621,86,-50.090857469929716,5231.217751856812,277.6090907301017,850.6603267745603
