degree,window,bandwidth,avg_return,num_stocks,min_return,max_return,median_return,std_return
8,110,1.0999999999999999,396.35871825267736,86,-48.09228118344472,1972.0951960273578,248.8859204456831,418.66803101502086
