degree,window,bandwidth,avg_return,num_stocks,min_return,max_return,median_return,std_return
9,30,1.0999999999999999,688.4742725060573,86,-36.090625343112016,9685.110251777305,427.24304713099855,1151.1679432206222
