degree,window,bandwidth,avg_return,num_stocks,min_return,max_return,median_return,std_return
8,100,1.4999999999999998,295.88782949058304,86,-73.88396562578707,2166.9780260757934,190.75480557457786,365.7296465858998
