degree,window,bandwidth,avg_return,num_stocks,min_return,max_return,median_return,std_return
8,110,3.3999999999999995,416.16665953109555,86,-53.494514593065446,3964.449177479036,247.83218416101033,551.0828507097433
