degree,window,bandwidth,avg_return,num_stocks,min_return,max_return,median_return,std_return
6,90,0.7999999999999999,554.8490197203688,86,-37.618381625012184,5550.680606671243,312.4521787405646,738.7810423200281
