degree,window,bandwidth,avg_return,num_stocks,min_return,max_return,median_return,std_return
5,110,1.4,321.02410274783347,86,-71.84662025641563,2235.0312171927517,193.5209660123205,385.15949396800954
