degree,window,bandwidth,avg_return,num_stocks,min_return,max_return,median_return,std_return
5,100,2.5999999999999996,348.492355271617,86,-83.72595117607943,2198.119233361189,236.17103839527982,415.2244369725499
