degree,window,bandwidth,avg_return,num_stocks,min_return,max_return,median_return,std_return
3,80,1.8999999999999997,400.73642248737247,86,-53.49741463897163,3532.7864888560457,254.42575523388297,521.5651289785686
