degree,window,bandwidth,avg_return,num_stocks,min_return,max_return,median_return,std_return
5,70,1.4999999999999998,537.564292635215,86,-27.571693221651778,2832.2472957513287,403.88107191028644,536.1312324910045
