degree,window,bandwidth,avg_return,num_stocks,min_return,max_return,median_return,std_return
7,120,0.7,585.9543235636665,86,-54.005220815256806,5800.832432530663,386.83033713650616,787.2671032019681
