degree,window,bandwidth,avg_return,num_stocks,min_return,max_return,median_return,std_return
5,90,2.0999999999999996,366.2312400479424,86,-62.41383420395766,3659.5343604532964,250.03057945459153,493.6148274687091
