degree,window,bandwidth,avg_return,num_stocks,min_return,max_return,median_return,std_return
1,50,0.6,462.71588361361364,86,-66.89741320348173,3963.325485475818,277.30331626400783,659.8591561477266
