degree,window,bandwidth,avg_return,num_stocks,min_return,max_return,median_return,std_return
1,110,3.0999999999999996,544.8980718657285,86,-38.71246823048472,2746.498067110606,367.16099066576044,579.890342964629
