degree,window,bandwidth,avg_return,num_stocks,min_return,max_return,median_return,std_return
1,70,3.999999999999999,479.2748327711823,86,-69.13748073144673,2584.2032409599005,378.2696304558867,482.61339429653435
