degree,window,bandwidth,avg_return,num_stocks,min_return,max_return,median_return,std_return
1,30,2.8999999999999995,479.3277435017273,86,-51.51163246819337,5990.958096424443,267.9942702817495,720.3781146025183
