degree,window,bandwidth,avg_return,num_stocks,min_return,max_return,median_return,std_return
7,70,3.3999999999999995,304.97450446149725,86,-77.27461010397762,2564.4627410632984,188.65848451048208,423.02963840098636
