degree,window,bandwidth,avg_return,num_stocks,min_return,max_return,median_return,std_return
2,110,1.6999999999999997,353.53292885270844,86,-72.53487611171668,2301.036781178825,210.0944269350985,395.6822177824476
