degree,window,bandwidth,avg_return,num_stocks,min_return,max_return,median_return,std_return
5,50,0.7999999999999999,302.84264523923304,86,-53.73946893051047,3094.38088907068,176.2847857798542,437.7368529070845
