degree,window,bandwidth,avg_return,num_stocks,min_return,max_return,median_return,std_return
1,20,1.5999999999999996,489.91974391973207,86,-47.29601509947257,4353.2557998333705,276.1091345776314,636.1562910696762
