degree,window,bandwidth,avg_return,num_stocks,min_return,max_return,median_return,std_return
4,40,0.5,331.91980670864746,86,-35.33627410921555,2158.9444830045477,209.7880043809788,391.666051280155
