degree,window,bandwidth,avg_return,num_stocks,min_return,max_return,median_return,std_return
4,110,3.2999999999999994,335.52216911887086,86,-73.72889032063489,1811.4339466295987,236.2009809246046,390.45011980288206
