degree,window,bandwidth,avg_return,num_stocks,min_return,max_return,median_return,std_return
8,80,2.0999999999999996,226.87134417326308,86,-82.8192119600146,2258.89223621389,121.38449425935335,329.9649495452183
