degree,window,bandwidth,avg_return,num_stocks,min_return,max_return,median_return,std_return
5,50,0.9999999999999999,318.68343645092915,86,-45.435842739529605,3443.072646045975,189.66503055413716,521.0281019804767
