degree,window,bandwidth,avg_return,num_stocks,min_return,max_return,median_return,std_return
9,90,0.5,231.86262677924717,86,-84.34455648344536,2363.9545351722472,147.07045775298792,347.1400619375227
