degree,window,bandwidth,avg_return,num_stocks,min_return,max_return,median_return,std_return
8,110,0.7,442.57145019240403,86,-41.985906052891394,2772.2126519629287,273.18221545679546,503.31987573189406
