degree,window,bandwidth,avg_return,num_stocks,min_return,max_return,median_return,std_return
4,110,3.7999999999999994,276.9344399273934,86,-79.45004562887667,1439.780728466259,168.97661812051086,305.1497004913045
