degree,window,bandwidth,avg_return,num_stocks,min_return,max_return,median_return,std_return
5,90,1.4,504.70178429168664,86,-52.939130093023465,13245.205930851327,239.8074592570216,1451.3782287414228
