degree,window,bandwidth,avg_return,num_stocks,min_return,max_return,median_return,std_return
5,40,3.999999999999999,433.49250985147415,86,-85.33377595580211,5310.097308561773,211.82467703113628,803.0838886747148
