degree,window,bandwidth,avg_return,num_stocks,min_return,max_return,median_return,std_return
7,20,3.6999999999999993,701.0187011836432,86,-51.41988203138269,5632.563072630243,409.05595453733906,1016.2983049975808
