degree,window,bandwidth,avg_return,num_stocks,min_return,max_return,median_return,std_return
8,40,1.4999999999999998,382.7166765616362,86,-75.32971127298632,2826.8442027953793,218.87961032432557,546.2149644864338
