degree,window,bandwidth,avg_return,num_stocks,min_return,max_return,median_return,std_return
9,110,2.8999999999999995,290.498210513917,86,-60.29268488136557,2324.8055744534645,197.82374513900442,352.2552468149866
