degree,window,bandwidth,avg_return,num_stocks,min_return,max_return,median_return,std_return
5,50,0.7,299.283133300772,86,-52.37979638495447,2920.5999849854074,179.4223576185504,428.01882101482335
