degree,window,bandwidth,avg_return,num_stocks,min_return,max_return,median_return,std_return
4,70,1.4,347.8436679313914,86,-50.81305405725143,3410.3947309078408,243.42037066399655,480.6778052360748
