degree,window,bandwidth,avg_return,num_stocks,min_return,max_return,median_return,std_return
8,40,1.5999999999999996,382.17861675648163,86,-76.3323818474099,3348.104084945084,218.20764497199167,579.4042552463628
