degree,window,bandwidth,avg_return,num_stocks,min_return,max_return,median_return,std_return
7,20,2.8999999999999995,744.1220296807923,86,-33.24606881272542,6640.8944791814665,451.55620725575443,1111.8522549594595
