degree,window,bandwidth,avg_return,num_stocks,min_return,max_return,median_return,std_return
7,70,2.7999999999999994,252.76200151744544,86,-81.08305386924222,1441.628796126297,171.18676329677757,291.44659325396645
