degree,window,bandwidth,avg_return,num_stocks,min_return,max_return,median_return,std_return
6,110,2.3,390.742098856985,86,-51.669068868198686,4202.577766535033,226.40968134076445,606.0423892205047
