degree,window,bandwidth,avg_return,num_stocks,min_return,max_return,median_return,std_return
4,90,2.6999999999999993,389.16665086300674,86,-47.17068897665725,4014.776723453619,251.8453418394081,609.9163855756477
