degree,window,bandwidth,avg_return,num_stocks,min_return,max_return,median_return,std_return
6,100,2.9999999999999996,441.0825722432532,86,-29.166152552632674,8004.6011327305,262.2647745130647,894.7619195035758
