degree,window,bandwidth,avg_return,num_stocks,min_return,max_return,median_return,std_return
5,30,1.5999999999999996,308.367158355144,86,-74.91455463019962,2218.434097581918,239.65979386037588,348.92156211588014
