degree,window,bandwidth,avg_return,num_stocks,min_return,max_return,median_return,std_return
7,80,0.9999999999999999,362.9397601376458,86,-79.53124335904607,11423.01889142867,174.4873576296028,1221.8631364048204
