degree,window,bandwidth,avg_return,num_stocks,min_return,max_return,median_return,std_return
7,60,1.9999999999999996,215.85676116171115,86,-85.02336344040232,1821.6916889914867,163.42815721909722,255.3548893861467
