degree,window,bandwidth,avg_return,num_stocks,min_return,max_return,median_return,std_return
1,40,3.6999999999999993,456.16694335902935,86,-30.34276141925214,3222.994029232321,325.799768129361,530.5209474134808
