degree,window,bandwidth,avg_return,num_stocks,min_return,max_return,median_return,std_return
6,100,3.599999999999999,332.66952503218937,86,-40.153146663801095,2942.8215756840445,216.3017902046756,465.25708388578215
