degree,window,bandwidth,avg_return,num_stocks,min_return,max_return,median_return,std_return
5,30,0.9999999999999999,326.9396040992011,86,-71.82424096111554,1849.5377484231433,204.93565872402897,396.03041389328877
