degree,window,bandwidth,avg_return,num_stocks,min_return,max_return,median_return,std_return
8,60,1.4999999999999998,297.52990366604064,86,-66.7494490728416,1221.444544076665,235.9232523757081,292.7605120701328
