degree,window,bandwidth,avg_return,num_stocks,min_return,max_return,median_return,std_return
7,30,2.9999999999999996,211.060095248535,86,-69.35134663814672,1850.322370153724,142.65722058945966,276.37494471458234
