degree,window,bandwidth,avg_return,num_stocks,min_return,max_return,median_return,std_return
6,100,2.7999999999999994,424.1851119596663,86,-40.2263437692713,6496.453585878294,229.63209298902535,751.1236504440483
