degree,window,bandwidth,avg_return,num_stocks,min_return,max_return,median_return,std_return
3,110,2.3,345.41593264446084,86,-39.689350562305265,2620.713146566641,184.16184754591873,446.2512516191919
