degree,window,bandwidth,avg_return,num_stocks,min_return,max_return,median_return,std_return
9,80,1.8999999999999997,268.6410494179176,86,-83.14264088079621,3096.5535762063623,175.31659672599756,400.8680612994149
