degree,window,bandwidth,avg_return,num_stocks,min_return,max_return,median_return,std_return
8,50,1.8999999999999997,322.0559186518412,86,-66.27449480359245,2297.576427739143,167.44889565778755,465.05051145670626
