degree,window,bandwidth,avg_return,num_stocks,min_return,max_return,median_return,std_return
8,40,2.7999999999999994,281.6302247829115,86,-72.56436491470508,1444.433098175157,193.67879851533638,319.92535974741895
