degree,window,bandwidth,avg_return,num_stocks,min_return,max_return,median_return,std_return
3,80,2.3999999999999995,417.2272492226025,86,-62.046734420384276,2199.952002282096,220.7539744234557,490.20735071440345
