degree,window,bandwidth,avg_return,num_stocks,min_return,max_return,median_return,std_return
9,80,0.9999999999999999,274.4693631724323,86,-73.74311839778483,1489.134098970129,179.704760151183,308.0396793907142
