degree,window,bandwidth,avg_return,num_stocks,min_return,max_return,median_return,std_return
9,50,1.2999999999999998,317.86382551616185,86,-75.80679620936267,2978.639860051694,191.14669696395615,453.0212024040941
