degree,window,bandwidth,avg_return,num_stocks,min_return,max_return,median_return,std_return
7,80,0.6,351.3097144389137,86,-81.39263551257176,9630.708921087069,194.6748995700039,1035.8700754631607
