degree,window,bandwidth,avg_return,num_stocks,min_return,max_return,median_return,std_return
1,30,2.1999999999999997,430.8175298684728,86,-61.97470891131198,2320.979904796496,289.4096773898365,439.856454842092
