degree,window,bandwidth,avg_return,num_stocks,min_return,max_return,median_return,std_return
9,100,3.999999999999999,329.15480130872896,86,-81.2819485805237,3614.501006641933,145.7673142741271,587.934125355915
