degree,window,bandwidth,avg_return,num_stocks,min_return,max_return,median_return,std_return
7,40,3.8999999999999995,297.60566542866616,86,-49.85969255668485,1731.3518400272617,179.10710755030232,355.9127992417954
