degree,window,bandwidth,avg_return,num_stocks,min_return,max_return,median_return,std_return
2,40,3.599999999999999,281.00302040870207,86,-59.51940881761355,1140.0196524171545,191.35577296018803,285.69442054040053
