degree,window,bandwidth,avg_return,num_stocks,min_return,max_return,median_return,std_return
1,80,0.7,425.2840640763834,86,-40.187548601703284,2455.626600431535,284.8951971567886,453.07663542657656
