degree,window,bandwidth,avg_return,num_stocks,min_return,max_return,median_return,std_return
9,30,1.7999999999999998,729.0990275215164,86,-39.597992142140306,7961.224368399542,477.48470064562025,1108.5326361296125
