degree,window,bandwidth,avg_return,num_stocks,min_return,max_return,median_return,std_return
6,30,1.8999999999999997,265.63214615796517,86,-78.54330142972283,1975.7711688714824,147.6129089948244,349.09688063498623
