degree,window,bandwidth,avg_return,num_stocks,min_return,max_return,median_return,std_return
1,60,0.7,434.24871946945893,86,-50.38924699572986,2508.0690257591955,342.8031295438586,488.84283969556276
