degree,window,bandwidth,avg_return,num_stocks,min_return,max_return,median_return,std_return
8,50,1.7999999999999998,348.0279145812416,86,-77.53581035763203,2570.335405248806,176.02423483112958,534.9731341243215
