degree,window,bandwidth,avg_return,num_stocks,min_return,max_return,median_return,std_return
2,80,1.6999999999999997,410.5477098645738,86,-65.31340159663074,3736.5424674744654,235.24346380546524,572.3100854801309
