degree,window,bandwidth,avg_return,num_stocks,min_return,max_return,median_return,std_return
4,70,1.6999999999999997,323.1266216640608,86,-79.41777945379181,2743.48436156936,215.22642214728495,436.9549548120383
