degree,window,bandwidth,avg_return,num_stocks,min_return,max_return,median_return,std_return
1,90,2.3999999999999995,537.5726074063894,86,-79.91202387031781,10463.209185834334,367.51484714816195,1143.2546916442082
