degree,window,bandwidth,avg_return,num_stocks,min_return,max_return,median_return,std_return
3,30,2.9999999999999996,493.78561751058135,86,-31.754761286521926,3363.151679665287,303.8413751363197,580.3908615844101
