degree,window,bandwidth,avg_return,num_stocks,min_return,max_return,median_return,std_return
6,120,3.8999999999999995,277.53598226405427,86,-89.55698514725898,3097.293479372151,160.1993289327769,412.961585073225
