degree,window,bandwidth,avg_return,num_stocks,min_return,max_return,median_return,std_return
3,30,3.1999999999999993,442.12856044760593,86,-33.07327351490579,2891.96427319909,257.799260115693,570.5288486970737
