degree,window,bandwidth,avg_return,num_stocks,min_return,max_return,median_return,std_return
4,70,3.0999999999999996,288.522781029571,86,-48.632388367032064,1635.0484071560736,185.38975715830654,328.1709239927283
