degree,window,bandwidth,avg_return,num_stocks,min_return,max_return,median_return,std_return
6,110,3.1999999999999993,378.1211593541797,86,-66.23125933188005,3896.4767721706417,233.74674373388868,567.3651446622757
