degree,window,bandwidth,avg_return,num_stocks,min_return,max_return,median_return,std_return
3,90,0.5,371.2874036935698,86,-62.57485658792463,3567.305429636455,248.7853643284422,478.7168047498679
