degree,window,bandwidth,avg_return,num_stocks,min_return,max_return,median_return,std_return
3,100,1.6999999999999997,418.89533812733964,86,-58.86910528690616,2941.942581035733,268.8863965626292,568.0969775092591
