degree,window,bandwidth,avg_return,num_stocks,min_return,max_return,median_return,std_return
2,20,2.0999999999999996,478.9159562841773,86,-46.127302636253866,2271.9128463406014,408.0909625526267,422.4038993508257
