degree,window,bandwidth,avg_return,num_stocks,min_return,max_return,median_return,std_return
8,70,0.5,263.7477436976233,86,-77.97368424076167,1208.7455632715908,149.55775430096222,289.964815813799
