degree,window,bandwidth,avg_return,num_stocks,min_return,max_return,median_return,std_return
3,40,0.7,690.4476517599572,86,-59.71805133690956,6737.415285086462,511.4097408218753,911.9562523213448
