degree,window,bandwidth,avg_return,num_stocks,min_return,max_return,median_return,std_return
5,110,1.8999999999999997,328.5515054389033,86,-82.9478047710538,3011.246748833162,228.01655277316382,440.615086927575
