degree,window,bandwidth,avg_return,num_stocks,min_return,max_return,median_return,std_return
2,60,1.9999999999999996,421.480462711983,86,-56.501286329239456,2788.904015727378,230.243503145201,546.6746598905935
