degree,window,bandwidth,avg_return,num_stocks,min_return,max_return,median_return,std_return
3,40,0.5,659.9326366594224,86,-62.04297420114221,5760.7603316587265,401.00633740172026,923.8390316602116
