degree,window,bandwidth,avg_return,num_stocks,min_return,max_return,median_return,std_return
3,110,0.6,342.37615131522824,86,-51.38285152565012,1594.8850098881048,212.8064436466416,332.1416334686884
