degree,window,bandwidth,avg_return,num_stocks,min_return,max_return,median_return,std_return
1,80,2.0999999999999996,481.3664554826928,86,-62.81651448609009,9898.327752892272,287.2367806682063,1074.5825885295837
