degree,window,bandwidth,avg_return,num_stocks,min_return,max_return,median_return,std_return
7,40,0.8999999999999999,277.18867758673156,86,-88.23244112220812,1417.8218138551251,189.41896951254915,316.72862556359456
