degree,window,bandwidth,avg_return,num_stocks,min_return,max_return,median_return,std_return
2,70,3.8999999999999995,472.42084044931727,86,-63.91246349344731,2816.0138629168173,210.8124149924236,627.8584480280837
