degree,window,bandwidth,avg_return,num_stocks,min_return,max_return,median_return,std_return
2,30,0.7,558.7563009147593,86,-70.1360970040545,4069.9459624888996,374.99841639087686,631.145156969644
