degree,window,bandwidth,avg_return,num_stocks,min_return,max_return,median_return,std_return
5,30,2.9999999999999996,275.2126793621915,86,-78.56153577389814,2434.527014297577,171.77734592651927,403.96209372419406
