degree,window,bandwidth,avg_return,num_stocks,min_return,max_return,median_return,std_return
8,110,2.5999999999999996,381.6001334203833,86,-57.57306193755437,3881.156920989998,294.9102116489262,473.73638104339375
