degree,window,bandwidth,avg_return,num_stocks,min_return,max_return,median_return,std_return
8,120,3.499999999999999,357.039863020536,86,-46.89498941337224,2566.7577609013874,197.06526516060103,404.75792255653255
