degree,window,bandwidth,avg_return,num_stocks,min_return,max_return,median_return,std_return
5,120,3.7999999999999994,304.6250833915142,86,-65.08048454133358,2493.0606307811854,219.85122612278548,366.8002521465192
