degree,window,bandwidth,avg_return,num_stocks,min_return,max_return,median_return,std_return
9,20,3.599999999999999,584.5154918003598,86,-3.783339740953579,5530.375926642602,329.89750583704597,818.0487522234037
