degree,window,bandwidth,avg_return,num_stocks,min_return,max_return,median_return,std_return
8,90,2.1999999999999997,241.86344452372822,86,-73.85536022701905,2719.185060126739,164.03856054247387,368.2627738671594
