degree,window,bandwidth,avg_return,num_stocks,min_return,max_return,median_return,std_return
7,50,2.6999999999999993,266.46042641176615,86,-81.80870126251317,1020.0607784919754,248.82436327721115,258.3644558238988
