degree,window,bandwidth,avg_return,num_stocks,min_return,max_return,median_return,std_return
9,110,0.5,224.25521513698985,86,-84.88280404137888,1104.4688879146224,148.72850880533696,250.35960105768976
