degree,window,bandwidth,avg_return,num_stocks,min_return,max_return,median_return,std_return
1,120,3.2999999999999994,495.91616832291646,86,-45.54132386652475,2682.0285814646254,324.3474060041143,517.994126316692
