degree,window,bandwidth,avg_return,num_stocks,min_return,max_return,median_return,std_return
8,60,1.7999999999999998,313.70669540026427,86,-73.07553009567793,2077.1496653787954,218.18214456298605,354.3331551438067
