degree,window,bandwidth,avg_return,num_stocks,min_return,max_return,median_return,std_return
1,50,3.7999999999999994,453.15881623873025,86,-52.96177535933734,2610.9597353190184,315.3919181905536,459.44662436676896
