degree,window,bandwidth,avg_return,num_stocks,min_return,max_return,median_return,std_return
3,110,1.8999999999999997,362.00035632696984,86,-37.53454923582971,2535.2982463944672,198.1945993311342,426.131383517352
