degree,window,bandwidth,avg_return,num_stocks,min_return,max_return,median_return,std_return
3,90,2.1999999999999997,397.08493856853136,86,-57.481613349095554,3195.884611046085,244.7699777645834,502.5258181998279
