degree,window,bandwidth,avg_return,num_stocks,min_return,max_return,median_return,std_return
6,40,1.8999999999999997,260.88033596122756,86,-67.98898006542143,964.1803261699005,225.59301407910138,246.42056142732423
