degree,window,bandwidth,avg_return,num_stocks,min_return,max_return,median_return,std_return
7,100,2.6999999999999993,434.52880381437336,86,-47.25052532405583,3558.3624995090163,266.26577507931904,534.7461557192214
