degree,window,bandwidth,avg_return,num_stocks,min_return,max_return,median_return,std_return
6,70,2.7999999999999994,348.95282801052093,86,-41.156649231192134,1818.8827469474772,249.02653405837216,346.09818498698036
