degree,window,bandwidth,avg_return,num_stocks,min_return,max_return,median_return,std_return
4,110,3.999999999999999,268.78604216457455,86,-76.79270515637259,1378.2409200609416,186.4845796366561,305.3513663833278
