degree,window,bandwidth,avg_return,num_stocks,min_return,max_return,median_return,std_return
9,30,1.6999999999999997,697.916537957796,86,-41.230375238134506,7500.431539098115,469.95605763725337,1010.1932610723308
