degree,window,bandwidth,avg_return,num_stocks,min_return,max_return,median_return,std_return
5,120,3.999999999999999,273.427643338501,86,-65.26999419966236,1791.291317216905,195.38541337808402,303.2595350635622
