degree,window,bandwidth,avg_return,num_stocks,min_return,max_return,median_return,std_return
3,30,3.999999999999999,346.7287641409454,86,-65.61175268600832,2653.354430943233,224.76728775941535,429.8852235831092
