degree,window,bandwidth,avg_return,num_stocks,min_return,max_return,median_return,std_return
1,120,2.0999999999999996,480.86589417900575,86,-22.696512005595913,5958.313922613738,345.55458571555687,691.0723148667665
