degree,window,bandwidth,avg_return,num_stocks,min_return,max_return,median_return,std_return
1,80,3.3999999999999995,438.489787716242,86,-52.53651907899825,2267.725797042335,325.6783050234608,437.4992142309847
