degree,window,bandwidth,avg_return,num_stocks,min_return,max_return,median_return,std_return
7,30,2.3999999999999995,237.77693222793104,86,-57.73751072717066,1224.537176060068,176.83180712045294,259.13911619542023
