degree,window,bandwidth,avg_return,num_stocks,min_return,max_return,median_return,std_return
5,70,1.9999999999999996,474.1401941755304,86,-45.641578635402446,2290.9201237634998,388.9635501568609,430.40536324842583
