degree,window,bandwidth,avg_return,num_stocks,min_return,max_return,median_return,std_return
3,30,1.4,490.2251544423622,86,-34.57957473989682,4151.894060947402,239.03315288354713,668.6231870969702
