degree,window,bandwidth,avg_return,num_stocks,min_return,max_return,median_return,std_return
1,30,2.3999999999999995,428.67638894567085,86,-77.0180527917591,3059.2343366185487,328.9388639051608,493.29526634820377
