degree,window,bandwidth,avg_return,num_stocks,min_return,max_return,median_return,std_return
7,50,0.6,292.61191894311736,86,-86.57712383011352,2792.816447333293,198.71531398974636,379.19012987334656
