degree,window,bandwidth,avg_return,num_stocks,min_return,max_return,median_return,std_return
6,110,1.7999999999999998,414.6936610438066,86,-43.165935875055894,6237.010847377625,267.1949394951664,705.8012136018019
