degree,window,bandwidth,avg_return,num_stocks,min_return,max_return,median_return,std_return
3,90,0.9999999999999999,382.8103191309814,86,-59.01274036422062,2472.370981619349,241.82203372452284,470.829710384423
