degree,window,bandwidth,avg_return,num_stocks,min_return,max_return,median_return,std_return
2,90,3.2999999999999994,366.0779413684771,86,-64.73820277171811,4249.4197005555525,233.40629486351855,526.0314481065938
