degree,window,bandwidth,avg_return,num_stocks,min_return,max_return,median_return,std_return
5,100,3.3999999999999995,339.41999834938366,86,-67.94622339781007,2850.065861404407,198.815712731776,473.65331323530285
