degree,window,bandwidth,avg_return,num_stocks,min_return,max_return,median_return,std_return
6,90,3.499999999999999,430.34716693901663,86,-42.23028258104192,3026.2184259357728,252.66309388921718,499.533155243156
