degree,window,bandwidth,avg_return,num_stocks,min_return,max_return,median_return,std_return
6,80,0.7999999999999999,459.45782396522065,86,-23.76756932101959,3127.2781558244305,250.2487304990253,568.1573521222856
