degree,window,bandwidth,avg_return,num_stocks,min_return,max_return,median_return,std_return
3,30,3.7999999999999994,375.36126940745055,86,-62.77424079897177,3572.0710755857317,210.1276808071603,578.5820894485312
