degree,window,bandwidth,avg_return,num_stocks,min_return,max_return,median_return,std_return
5,80,2.9999999999999996,406.1431830559784,86,-39.27700759222249,6040.381012026973,198.79821788802286,727.5761468988637
