degree,window,bandwidth,avg_return,num_stocks,min_return,max_return,median_return,std_return
9,40,2.3,412.36864080749535,86,-50.80134165859589,2414.2733600895876,239.653730341825,502.87901922872453
