degree,window,bandwidth,avg_return,num_stocks,min_return,max_return,median_return,std_return
4,110,2.8999999999999995,371.66223256813106,86,-64.92344113271811,1988.7014644282954,210.01588682484729,414.1200713367394
