degree,window,bandwidth,avg_return,num_stocks,min_return,max_return,median_return,std_return
2,50,2.6999999999999993,314.1682133659386,86,-69.11072758443272,1632.3999470560952,210.17965698959893,322.58384586669837
