degree,window,bandwidth,avg_return,num_stocks,min_return,max_return,median_return,std_return
4,100,3.599999999999999,357.8121087036178,86,-85.12802516153229,2380.875836665803,204.79278563636896,452.3437188047428
