degree,window,bandwidth,avg_return,num_stocks,min_return,max_return,median_return,std_return
1,100,3.6999999999999993,479.79188247181514,86,-37.72451331609962,3999.8355932111826,318.3317121486681,624.5073956384807
