degree,window,bandwidth,avg_return,num_stocks,min_return,max_return,median_return,std_return
8,20,3.6999999999999993,422.4809571677166,86,-23.93376712730799,1960.7944565541,270.197693798326,403.4343030957962
