degree,window,bandwidth,avg_return,num_stocks,min_return,max_return,median_return,std_return
3,110,2.0999999999999996,411.39684675869563,86,-44.301778778734025,3075.508656555065,219.65743487992307,512.4410728257561
