degree,window,bandwidth,avg_return,num_stocks,min_return,max_return,median_return,std_return
4,100,0.7,346.70970382515515,86,-67.47953821318333,1778.7840306537228,270.0581886899082,321.5489953724414
