degree,window,bandwidth,avg_return,num_stocks,min_return,max_return,median_return,std_return
6,30,1.6999999999999997,289.68682062069996,86,-69.50320796086763,1960.163270980691,153.16443029307146,409.48223582798147
