degree,window,bandwidth,avg_return,num_stocks,min_return,max_return,median_return,std_return
4,20,1.4999999999999998,216.92672108610495,86,-76.0185191540877,1704.442336480651,118.02487585242177,311.41258753022083
