degree,window,bandwidth,avg_return,num_stocks,min_return,max_return,median_return,std_return
2,70,3.6999999999999993,421.90252258940404,86,-63.858415748258615,2631.093332885105,284.6834445541374,511.6693777180387
