degree,window,bandwidth,avg_return,num_stocks,min_return,max_return,median_return,std_return
5,110,0.8999999999999999,350.0618595753773,86,-59.41740237888826,2232.6962173966726,258.9191782516049,400.6787395363273
