degree,window,bandwidth,avg_return,num_stocks,min_return,max_return,median_return,std_return
9,120,0.8999999999999999,310.76432940577115,86,-64.77664869998961,2236.7215997375183,246.0846100316499,356.4586652516205
