degree,window,bandwidth,avg_return,num_stocks,min_return,max_return,median_return,std_return
6,100,2.0999999999999996,423.4365910448824,86,-58.51444069706139,4105.218547079372,277.30869750453405,553.3121098577343
