degree,window,bandwidth,avg_return,num_stocks,min_return,max_return,median_return,std_return
9,110,1.0999999999999999,229.36695834507867,86,-75.18352533092008,2339.15472662355,142.61139132529414,321.0545047000212
