degree,window,bandwidth,avg_return,num_stocks,min_return,max_return,median_return,std_return
1,80,0.6,433.69156180239594,86,-50.241515520239986,2861.9359662486895,321.5875479954084,481.86020164099784
