degree,window,bandwidth,avg_return,num_stocks,min_return,max_return,median_return,std_return
8,60,1.4,294.594361616448,86,-68.80194153810768,1308.2316840163153,242.80846056660778,290.77276925315056
