degree,window,bandwidth,avg_return,num_stocks,min_return,max_return,median_return,std_return
5,40,3.1999999999999993,327.2328659871447,86,-45.2182101963927,3537.398297850416,243.12146482214183,463.3666540912474
