degree,window,bandwidth,avg_return,num_stocks,min_return,max_return,median_return,std_return
5,100,2.0999999999999996,317.1492741712304,86,-62.57696605076981,2798.4538804276153,242.54771434408798,400.679111616567
