degree,window,bandwidth,avg_return,num_stocks,min_return,max_return,median_return,std_return
7,20,3.499999999999999,691.2145987436295,86,-47.61946835349929,5594.670454472124,417.7133928108477,955.2804846581278
