degree,window,bandwidth,avg_return,num_stocks,min_return,max_return,median_return,std_return
7,120,3.999999999999999,334.13361032676227,86,-37.164722444055734,3414.1942307672466,234.02094172924336,476.2942751970696
