degree,window,bandwidth,avg_return,num_stocks,min_return,max_return,median_return,std_return
6,40,3.8999999999999995,233.5559393132624,86,-82.27415744679561,1126.5680157240918,174.2343833103098,241.01541499285003
