degree,window,bandwidth,avg_return,num_stocks,min_return,max_return,median_return,std_return
4,40,3.0999999999999996,505.74146745856467,86,-39.14772966317144,6390.335650614118,257.48223847129907,797.5715934903378
