degree,window,bandwidth,avg_return,num_stocks,min_return,max_return,median_return,std_return
7,60,0.7,207.06286760709858,86,-77.3249009705727,1460.9276555963845,165.45712981313517,235.37709568475108
