degree,window,bandwidth,avg_return,num_stocks,min_return,max_return,median_return,std_return
4,110,1.1999999999999997,405.35286478268864,86,-65.34886795338377,6679.8502036759755,276.01440989747107,743.9314222575172
