degree,window,bandwidth,avg_return,num_stocks,min_return,max_return,median_return,std_return
7,70,3.8999999999999995,326.6725985277367,86,-68.20199824123397,4045.118467940383,219.1563911956958,501.05824178410677
