degree,window,bandwidth,avg_return,num_stocks,min_return,max_return,median_return,std_return
3,70,3.1999999999999993,329.8277074157128,86,-84.99780505316144,1832.7411625024001,213.12960625974523,387.31259682088296
