degree,window,bandwidth,avg_return,num_stocks,min_return,max_return,median_return,std_return
8,30,3.1999999999999993,700.796974953795,86,-35.25435193004729,3809.804450890374,407.4352801861264,826.757593670443
