degree,window,bandwidth,avg_return,num_stocks,min_return,max_return,median_return,std_return
9,40,0.5,485.04452710493183,86,-52.033113050178045,2610.1561125782328,299.7991340340359,511.7722151931147
