degree,window,bandwidth,avg_return,num_stocks,min_return,max_return,median_return,std_return
7,50,1.8999999999999997,267.764941160295,86,-67.45763470104764,1567.19530015197,253.56315795731564,279.7653368932489
