degree,window,bandwidth,avg_return,num_stocks,min_return,max_return,median_return,std_return
9,70,0.9999999999999999,315.2344105712419,86,-71.68184384296661,2515.3471472352467,194.22017409443635,438.44832835209485
