degree,window,bandwidth,avg_return,num_stocks,min_return,max_return,median_return,std_return
8,50,0.7999999999999999,357.1320945022621,86,-78.67262846546072,2624.7289578817386,200.15422737145775,494.4493503690909
