degree,window,bandwidth,avg_return,num_stocks,min_return,max_return,median_return,std_return
4,110,2.9999999999999996,320.6806946375905,86,-79.16038081023515,1505.6900387057447,208.45307153852377,321.0238704985379
