degree,window,bandwidth,avg_return,num_stocks,min_return,max_return,median_return,std_return
2,50,1.7999999999999998,386.51184589184953,86,-51.31139246582425,2194.9790681951317,235.53811935824783,427.72413061316433
