degree,window,bandwidth,avg_return,num_stocks,min_return,max_return,median_return,std_return
3,110,1.5999999999999996,342.6953385637322,86,-57.171187508388,2221.2814802980433,211.25724195650545,402.83457876799537
