degree,window,bandwidth,avg_return,num_stocks,min_return,max_return,median_return,std_return
7,100,0.5,476.01168641062276,86,-31.363250725322967,2568.889189357148,331.96756995781834,483.6271227437936
