degree,window,bandwidth,avg_return,num_stocks,min_return,max_return,median_return,std_return
7,50,3.499999999999999,279.72206821559394,86,-87.07251734348353,2342.827315200046,199.3925162459077,387.0917738043528
