degree,window,bandwidth,avg_return,num_stocks,min_return,max_return,median_return,std_return
1,110,2.6999999999999993,547.3384994898292,86,-80.46934891526179,5280.033268250341,354.70241809539834,714.6249236687767
