degree,window,bandwidth,avg_return,num_stocks,min_return,max_return,median_return,std_return
7,30,1.9999999999999996,270.28478313211093,86,-58.88109121404727,1622.548125943873,181.47609976955914,307.87489322255385
