degree,window,bandwidth,avg_return,num_stocks,min_return,max_return,median_return,std_return
8,110,1.8999999999999997,474.91604820148285,86,-9.670488402278608,3269.8962476927372,295.4130085750787,570.7006359816936
