degree,window,bandwidth,avg_return,num_stocks,min_return,max_return,median_return,std_return
1,50,2.5999999999999996,480.13927765048794,86,-81.95475171981128,3458.589725618779,298.1430254980993,575.1756983645763
