degree,window,bandwidth,avg_return,num_stocks,min_return,max_return,median_return,std_return
5,70,3.1999999999999993,481.9234613771219,86,-27.836038833732985,5906.089396894514,279.56651489563404,718.7449161507805
