degree,window,bandwidth,avg_return,num_stocks,min_return,max_return,median_return,std_return
4,80,1.4999999999999998,310.55358287238647,86,-70.22191478398818,2736.3651211494475,216.12224202563604,393.63824100998033
