degree,window,bandwidth,avg_return,num_stocks,min_return,max_return,median_return,std_return
5,30,1.0999999999999999,333.5885594233434,86,-72.25781805285591,2253.3021650333662,204.82448730328093,419.88356053517197
