degree,window,bandwidth,avg_return,num_stocks,min_return,max_return,median_return,std_return
4,50,3.7999999999999994,356.4638567861218,86,-63.98409904106824,1930.99402456605,255.15398579322073,373.93977232896225
