degree,window,bandwidth,avg_return,num_stocks,min_return,max_return,median_return,std_return
5,40,1.1999999999999997,274.09236259481963,86,-80.96360444362189,3289.7221060373363,176.83796308240875,442.33201251294986
