degree,window,bandwidth,avg_return,num_stocks,min_return,max_return,median_return,std_return
9,50,3.2999999999999994,286.270775320934,86,-71.71590300304871,3983.535322443039,171.77655798355897,517.6237467889943
