degree,window,bandwidth,avg_return,num_stocks,min_return,max_return,median_return,std_return
1,100,1.9999999999999996,404.6490113756578,86,-36.58600354405766,3222.6135960788433,339.85825404149466,420.23137487758635
