degree,window,bandwidth,avg_return,num_stocks,min_return,max_return,median_return,std_return
9,110,3.7999999999999994,335.98250857258404,86,-36.32106962490018,1851.4395024012747,250.4659782056158,355.5897754064383
