degree,window,bandwidth,avg_return,num_stocks,min_return,max_return,median_return,std_return
5,90,1.5999999999999996,427.2218435522179,86,-64.37295668701844,5920.624088279525,231.09157683197782,740.5338259173836
