degree,window,bandwidth,avg_return,num_stocks,min_return,max_return,median_return,std_return
3,20,1.6999999999999997,349.91198751471956,86,-78.75830079329927,1938.9908628124488,254.4389142545868,364.5563198787248
