degree,window,bandwidth,avg_return,num_stocks,min_return,max_return,median_return,std_return
4,120,2.5999999999999996,353.7595689359577,86,-62.1996982744892,1993.3434896761896,201.91105190084562,414.98415888074663
