degree,window,bandwidth,avg_return,num_stocks,min_return,max_return,median_return,std_return
3,80,3.599999999999999,302.07228369527184,86,-73.76919196237306,1784.2148290448354,208.35581846234552,361.989972968185
