degree,window,bandwidth,avg_return,num_stocks,min_return,max_return,median_return,std_return
6,110,3.8999999999999995,322.33790710763026,86,-77.52591476876908,2115.6169112310426,180.48895533791136,387.9216373143032
