degree,window,bandwidth,avg_return,num_stocks,min_return,max_return,median_return,std_return
1,50,0.7,491.7038181329735,86,-52.60671964464277,4076.853730249753,290.3318139683489,692.52882896234
