degree,window,bandwidth,avg_return,num_stocks,min_return,max_return,median_return,std_return
1,100,2.7999999999999994,532.1776547800681,86,-37.71784815042501,3745.644307442286,340.95754989419856,626.1671079339599
