degree,window,bandwidth,avg_return,num_stocks,min_return,max_return,median_return,std_return
4,20,3.0999999999999996,286.4753085160745,86,-85.37751297376646,3911.4547661663037,147.90490510869418,485.90026630934204
