degree,window,bandwidth,avg_return,num_stocks,min_return,max_return,median_return,std_return
5,60,2.7999999999999994,385.2955633496793,86,-48.21322928237105,1852.8823379465853,234.1167748216834,383.92819156527844
