degree,window,bandwidth,avg_return,num_stocks,min_return,max_return,median_return,std_return
8,80,3.0999999999999996,267.8508356986678,86,-75.04455929907031,4115.5291841057715,155.63716202594276,506.0271775694205
