degree,window,bandwidth,avg_return,num_stocks,min_return,max_return,median_return,std_return
2,30,3.8999999999999995,299.51340268499666,86,-70.76681761665738,1502.4444456512015,198.49996999880216,302.2520302229907
