degree,window,bandwidth,avg_return,num_stocks,min_return,max_return,median_return,std_return
1,90,3.0999999999999996,484.44158469816955,86,-34.00664450435748,2437.0203762923043,367.1248061217286,499.8807811248098
