degree,window,bandwidth,avg_return,num_stocks,min_return,max_return,median_return,std_return
2,100,3.0999999999999996,314.43990950289157,86,-73.18221712296236,1847.3570506284825,221.96941664314843,331.9609958896968
