degree,window,bandwidth,avg_return,num_stocks,min_return,max_return,median_return,std_return
1,110,3.6999999999999993,446.99352132666877,86,-37.72451331609962,2223.579586212985,312.5870098983636,481.7609410838407
