degree,window,bandwidth,avg_return,num_stocks,min_return,max_return,median_return,std_return
8,60,3.2999999999999994,250.89691908237614,86,-76.99077951990468,983.3660131364857,202.56604724583212,240.34380249830875
