degree,window,bandwidth,avg_return,num_stocks,min_return,max_return,median_return,std_return
5,60,3.3999999999999995,454.8831832467924,86,-26.100393103961295,3472.4637014680357,259.28816736260086,622.0527840100974
