degree,window,bandwidth,avg_return,num_stocks,min_return,max_return,median_return,std_return
7,20,2.0999999999999996,725.9608718618,86,-37.57362433108702,7609.918558664643,474.62448779658877,1086.0062631484363
