degree,window,bandwidth,avg_return,num_stocks,min_return,max_return,median_return,std_return
4,40,1.0999999999999999,360.258363870024,86,-44.27302343830426,2440.3570596701734,213.25048791408693,422.8352965759499
