degree,window,bandwidth,avg_return,num_stocks,min_return,max_return,median_return,std_return
2,120,0.7,378.7191755748321,86,-78.08411756395982,2381.2180498966864,276.52828665150764,402.6199418795194
