degree,window,bandwidth,avg_return,num_stocks,min_return,max_return,median_return,std_return
3,30,2.6999999999999993,490.50638999432357,86,-43.521193332391796,3766.3367329486027,324.9134671274636,620.8126418476704
