degree,window,bandwidth,avg_return,num_stocks,min_return,max_return,median_return,std_return
7,110,1.9999999999999996,432.1796762057118,86,-35.64507927410086,1908.6486189704362,297.9325085001815,410.6075561097819
