degree,window,bandwidth,avg_return,num_stocks,min_return,max_return,median_return,std_return
6,120,2.1999999999999997,360.0876832240416,86,-67.80736668436718,2929.229014042812,280.78581637615184,434.1928670523156
