degree,window,bandwidth,avg_return,num_stocks,min_return,max_return,median_return,std_return
6,80,2.9999999999999996,423.23071159083077,86,-50.39389867674792,1938.0222436757326,305.72235930166465,418.8766010352095
