degree,window,bandwidth,avg_return,num_stocks,min_return,max_return,median_return,std_return
9,100,1.0999999999999999,217.36037533001527,86,-88.44808151673861,1414.170158650187,156.7286874652207,275.9372850109559
