degree,window,bandwidth,avg_return,num_stocks,min_return,max_return,median_return,std_return
2,40,2.5999999999999996,354.8280168205607,86,-63.03795779070419,2878.8677788888103,214.21569844943355,485.0390248545933
