degree,window,bandwidth,avg_return,num_stocks,min_return,max_return,median_return,std_return
8,90,2.9999999999999996,321.1750836783911,86,-65.79999128053552,7569.551301270397,150.31473521206323,829.421853987428
