degree,window,bandwidth,avg_return,num_stocks,min_return,max_return,median_return,std_return
3,80,1.4999999999999998,372.6767429518868,86,-40.098092699547244,3832.1291801987422,242.92073942912398,543.0226350012663
