degree,window,bandwidth,avg_return,num_stocks,min_return,max_return,median_return,std_return
8,80,0.9999999999999999,234.52969719684563,86,-80.32018121158102,2180.9261728528413,168.90537625779973,324.3455915132247
