degree,window,bandwidth,avg_return,num_stocks,min_return,max_return,median_return,std_return
1,30,1.5999999999999996,394.9843781696675,86,-58.96210577675362,3461.2779582664066,251.643541449157,531.3821637893764
