degree,window,bandwidth,avg_return,num_stocks,min_return,max_return,median_return,std_return
7,90,3.2999999999999994,340.2629778166189,86,-37.11056436179141,1425.971574136776,282.20781369827887,301.5542745434102
