degree,window,bandwidth,avg_return,num_stocks,min_return,max_return,median_return,std_return
9,40,0.7,474.91540794625814,86,-44.09270246664959,2041.6200432141914,300.06434682012286,482.27175867449836
