degree,window,bandwidth,avg_return,num_stocks,min_return,max_return,median_return,std_return
3,70,3.499999999999999,285.6173539345708,86,-79.3133960567715,1286.1265644118525,164.26784271638104,327.36207185677705
