degree,window,bandwidth,avg_return,num_stocks,min_return,max_return,median_return,std_return
9,120,3.499999999999999,378.7728896621741,86,-33.440070019817114,3144.730026073869,239.74932594639915,483.17326848384806
