degree,window,bandwidth,avg_return,num_stocks,min_return,max_return,median_return,std_return
9,30,3.2999999999999994,781.7468375899053,86,-28.819249167225298,7577.807111489784,492.1116339114724,1170.1986622048682
