degree,window,bandwidth,avg_return,num_stocks,min_return,max_return,median_return,std_return
6,70,2.3,365.81405419027584,86,-58.734279592512884,3107.822341322606,217.7204565841855,476.14634816087056
