degree,window,bandwidth,avg_return,num_stocks,min_return,max_return,median_return,std_return
5,20,0.8999999999999999,338.94299828359135,86,-49.20736656088768,3382.5815102873216,181.01415226975445,506.25385833126
