degree,window,bandwidth,avg_return,num_stocks,min_return,max_return,median_return,std_return
8,120,1.5999999999999996,417.8849313185653,86,-60.08265795841782,3100.020933935335,284.76481428460204,517.9478081714781
