degree,window,bandwidth,avg_return,num_stocks,min_return,max_return,median_return,std_return
9,110,1.4999999999999998,219.591724551378,86,-67.29526658074218,2044.9477745856843,137.67176851279487,321.1655600742609
