degree,window,bandwidth,avg_return,num_stocks,min_return,max_return,median_return,std_return
7,110,0.7,453.18156124164375,86,-35.8594868672386,2089.7535588458895,238.2722854454084,485.89141097934254
