degree,window,bandwidth,avg_return,num_stocks,min_return,max_return,median_return,std_return
8,110,1.9999999999999996,481.1206543657429,86,-16.572069584618184,3943.870410237148,260.49501260274985,626.8306263625052
