degree,window,bandwidth,avg_return,num_stocks,min_return,max_return,median_return,std_return
5,60,1.4999999999999998,496.5438809280082,86,-40.77246046045098,2798.2709568536816,321.96627359040656,572.8299358372221
