degree,window,bandwidth,avg_return,num_stocks,min_return,max_return,median_return,std_return
7,30,1.4,333.22795256485546,86,-69.7146850948343,2913.4746198444395,229.85746316409944,418.1456052177611
