degree,window,bandwidth,avg_return,num_stocks,min_return,max_return,median_return,std_return
3,30,3.599999999999999,380.6490772775139,86,-52.2676132138837,2765.9367570418785,195.2862283334327,539.4796708025249
