degree,window,bandwidth,avg_return,num_stocks,min_return,max_return,median_return,std_return
5,30,3.599999999999999,222.91756808896517,86,-77.57373855300112,3012.5269208994023,105.2447886427226,407.73680741782164
