degree,window,bandwidth,avg_return,num_stocks,min_return,max_return,median_return,std_return
2,50,2.3999999999999995,394.7443365049815,86,-62.85495092427021,2819.0096444246956,243.28991007720134,528.6508150314488
