degree,window,bandwidth,avg_return,num_stocks,min_return,max_return,median_return,std_return
5,90,2.5999999999999996,333.1923188543909,86,-69.37728145022854,1647.9924732240977,209.3707466043319,365.9126338914463
