degree,window,bandwidth,avg_return,num_stocks,min_return,max_return,median_return,std_return
9,20,2.3999999999999995,611.6491458908145,86,-7.575566776043033,5999.462113805577,323.3547647708688,869.5172593429522
