degree,window,bandwidth,avg_return,num_stocks,min_return,max_return,median_return,std_return
3,70,1.9999999999999996,366.24473306475215,86,-59.1252909541568,2525.537056124453,303.5348586311509,395.9920360407329
