degree,window,bandwidth,avg_return,num_stocks,min_return,max_return,median_return,std_return
9,120,1.5999999999999996,359.3109012439759,86,-42.94893550936266,2375.4041919899264,241.73084235978854,401.6971701698818
