degree,window,bandwidth,avg_return,num_stocks,min_return,max_return,median_return,std_return
3,30,3.3999999999999995,372.2599369375494,86,-44.77516457788303,3019.8667229981747,224.46548687304266,498.04020201623734
