degree,window,bandwidth,avg_return,num_stocks,min_return,max_return,median_return,std_return
4,60,0.5,595.0286872996984,86,-24.34590712811412,4461.415112745925,384.00809255362026,736.4379324097299
