degree,window,bandwidth,avg_return,num_stocks,min_return,max_return,median_return,std_return
1,120,1.2999999999999998,410.19618539193885,86,-37.59140588368987,3091.1177491650224,335.2726354664929,411.4371470472643
