degree,window,bandwidth,avg_return,num_stocks,min_return,max_return,median_return,std_return
6,50,2.9999999999999996,263.23257154398726,86,-73.78951160798414,5033.354900856182,162.48219185049305,565.617345607369
