degree,window,bandwidth,avg_return,num_stocks,min_return,max_return,median_return,std_return
2,50,2.5999999999999996,327.085949228396,86,-63.16252650754932,1918.5716564137072,219.2851077600829,365.62090163607013
