degree,window,bandwidth,avg_return,num_stocks,min_return,max_return,median_return,std_return
5,80,3.999999999999999,331.29939522419943,86,-55.61892041204345,2506.9807224236347,217.55742094228526,447.70500497573346
