degree,window,bandwidth,avg_return,num_stocks,min_return,max_return,median_return,std_return
9,80,3.6999999999999993,237.96610066478908,86,-82.20512079137595,951.5029790661231,150.9083725717118,250.46123711074517
