degree,window,bandwidth,avg_return,num_stocks,min_return,max_return,median_return,std_return
3,100,2.8999999999999995,252.35198025870352,86,-65.20526370059113,1764.0025282505571,159.7442723572944,290.3903399468691
