degree,window,bandwidth,avg_return,num_stocks,min_return,max_return,median_return,std_return
9,90,2.9999999999999996,254.0087130267153,86,-91.0264213318139,1928.5658939664977,133.43289618802498,342.4305358788683
