degree,window,bandwidth,avg_return,num_stocks,min_return,max_return,median_return,std_return
9,30,1.4999999999999998,698.3221310383826,86,-38.3032809810039,9534.972760370381,446.7226541133446,1162.2218072438766
