degree,window,bandwidth,avg_return,num_stocks,min_return,max_return,median_return,std_return
6,110,2.4999999999999996,342.1897663961778,86,-59.38807030253197,2300.735094482949,234.50548034488065,403.8798864332504
