degree,window,bandwidth,avg_return,num_stocks,min_return,max_return,median_return,std_return
9,20,3.999999999999999,545.667204766094,86,-2.7530166237653795,3872.989203223784,344.0144207131875,663.8882710468691
