degree,window,bandwidth,avg_return,num_stocks,min_return,max_return,median_return,std_return
9,40,1.1999999999999997,463.19666802032486,86,-59.5545687321857,2062.7104864086773,298.38786754493066,470.2691941718556
