degree,window,bandwidth,avg_return,num_stocks,min_return,max_return,median_return,std_return
1,40,0.7999999999999999,402.88771969086724,86,-61.93682989854402,2265.420076149325,253.5823282310888,451.3520964982896
