degree,window,bandwidth,avg_return,num_stocks,min_return,max_return,median_return,std_return
6,60,0.8999999999999999,252.99066149957233,86,-72.18699634695321,2963.385355987637,136.0282185334987,379.42262460328084
