degree,window,bandwidth,avg_return,num_stocks,min_return,max_return,median_return,std_return
4,20,2.3,212.87232841034128,86,-84.68583297462263,1010.1960489012586,157.60741735888092,244.7679002957189
