degree,window,bandwidth,avg_return,num_stocks,min_return,max_return,median_return,std_return
1,120,1.5999999999999996,451.89922493463854,86,-31.462686234039296,4744.481010171914,350.0107130424694,578.2060902414703
