degree,window,bandwidth,avg_return,num_stocks,min_return,max_return,median_return,std_return
3,30,0.7,446.30780935642923,86,-41.30456435765682,2184.940365512061,338.276033777672,480.1325910946059
