degree,window,bandwidth,avg_return,num_stocks,min_return,max_return,median_return,std_return
6,120,1.0999999999999999,453.2909176642085,86,-47.29916322920856,4827.535144681441,285.5581305184646,680.8809078444061
