degree,window,bandwidth,avg_return,num_stocks,min_return,max_return,median_return,std_return
2,90,2.5999999999999996,380.9912577456104,86,-67.50677877351151,2366.4044440173716,221.0186350975518,457.20676276986967
