degree,window,bandwidth,avg_return,num_stocks,min_return,max_return,median_return,std_return
9,120,0.7,315.263228821601,86,-68.11238655792769,3034.9498276703953,218.42545372518373,408.2439539969259
