degree,window,bandwidth,avg_return,num_stocks,min_return,max_return,median_return,std_return
9,50,2.3,305.40543991131324,86,-84.13754936020948,4047.1017923897866,182.0704713998379,519.7931159073576
