degree,window,bandwidth,avg_return,num_stocks,min_return,max_return,median_return,std_return
1,50,3.599999999999999,440.67581696890136,86,-37.34793247997459,2939.4659562964052,298.53396917273153,489.25787957886774
