degree,window,bandwidth,avg_return,num_stocks,min_return,max_return,median_return,std_return
6,100,0.9999999999999999,528.7749373740827,86,-39.47631586081365,7717.128053530569,336.2274877050881,910.4077905026129
