degree,window,bandwidth,avg_return,num_stocks,min_return,max_return,median_return,std_return
3,120,0.7,366.9055573932518,86,-36.145079462610376,2273.63682469147,227.42682120978276,405.91065266366417
