degree,window,bandwidth,avg_return,num_stocks,min_return,max_return,median_return,std_return
3,90,1.2999999999999998,376.51314088914785,86,-65.60987082536208,2515.636854521455,245.42930096439352,447.09521157358876
