degree,window,bandwidth,avg_return,num_stocks,min_return,max_return,median_return,std_return
3,20,3.1999999999999993,397.85346314593096,86,-49.450724681338244,4362.95645714338,231.70029604403166,648.0920118668416
