degree,window,bandwidth,avg_return,num_stocks,min_return,max_return,median_return,std_return
6,110,0.7,502.97143444307795,86,-69.5748768955601,5212.983034148862,312.7316037203433,755.9271299814421
