degree,window,bandwidth,avg_return,num_stocks,min_return,max_return,median_return,std_return
5,80,2.8999999999999995,388.878555517283,86,-38.007926278593885,3968.1052407259835,204.49875212046544,594.9541665641959
