degree,window,bandwidth,avg_return,num_stocks,min_return,max_return,median_return,std_return
3,50,0.7999999999999999,424.3971618457581,86,-48.34844687643362,2113.0296231079355,325.88952605788063,468.05939052974526
