degree,window,bandwidth,avg_return,num_stocks,min_return,max_return,median_return,std_return
2,120,0.7999999999999999,367.8434847548429,86,-84.53008998993596,2164.9453804160134,261.41992457212564,384.49475442017024
