degree,window,bandwidth,avg_return,num_stocks,min_return,max_return,median_return,std_return
6,40,0.7,279.98346850423127,86,-80.13955587144925,1353.739720699732,185.1878058648245,302.175264448112
