degree,window,bandwidth,avg_return,num_stocks,min_return,max_return,median_return,std_return
7,20,1.6999999999999997,745.8493602529594,86,-25.19500058626603,9726.799181921993,438.4385843780886,1231.627702370517
