degree,window,bandwidth,avg_return,num_stocks,min_return,max_return,median_return,std_return
9,90,1.0999999999999999,228.20138969161823,86,-77.60315956645624,4207.336544962729,154.0633041197584,468.97084419464665
