degree,window,bandwidth,avg_return,num_stocks,min_return,max_return,median_return,std_return
3,40,1.9999999999999996,432.30500194604076,86,-41.752180819708265,2363.1424232884087,341.5595345587333,390.86980978641105
