degree,window,bandwidth,avg_return,num_stocks,min_return,max_return,median_return,std_return
8,100,0.8999999999999999,287.9169204435288,86,-71.27147429065244,3895.307260021007,183.76455065509856,467.5007239115801
