degree,window,bandwidth,avg_return,num_stocks,min_return,max_return,median_return,std_return
5,60,1.9999999999999996,445.22566004011463,86,-44.58369065055686,2280.8733605616767,260.164229332456,510.50660934398275
