degree,window,bandwidth,avg_return,num_stocks,min_return,max_return,median_return,std_return
5,70,3.0999999999999996,489.6192161823706,86,-15.123974333791375,7076.130184472575,281.1158046695465,835.4366890038915
