degree,window,bandwidth,avg_return,num_stocks,min_return,max_return,median_return,std_return
8,40,2.9999999999999996,269.04849664527916,86,-83.97005475364966,1572.0653664025178,176.98369999477666,313.47569633492986
