degree,window,bandwidth,avg_return,num_stocks,min_return,max_return,median_return,std_return
8,80,2.8999999999999995,279.1021489172037,86,-63.71366085785885,3258.9306521894905,160.47389278547845,481.9426576540092
