degree,window,bandwidth,avg_return,num_stocks,min_return,max_return,median_return,std_return
4,110,1.4,387.5247824899749,86,-57.95751977839978,4623.241766350097,249.43715575124395,557.4671801948126
