degree,window,bandwidth,avg_return,num_stocks,min_return,max_return,median_return,std_return
1,60,2.8999999999999995,455.02919319755773,86,-68.06035137484298,3075.790427220384,339.71272084477357,479.9524927168669
