degree,window,bandwidth,avg_return,num_stocks,min_return,max_return,median_return,std_return
9,50,3.8999999999999995,310.1918442853671,86,-56.341741301194126,5222.4084521225595,178.33324070759835,606.714662715367
