degree,window,bandwidth,avg_return,num_stocks,min_return,max_return,median_return,std_return
7,120,2.9999999999999996,435.24388867896965,86,-49.919908430289624,3137.070162665128,252.60339638984755,575.8356445005533
