degree,window,bandwidth,avg_return,num_stocks,min_return,max_return,median_return,std_return
6,40,3.3999999999999995,252.01938914136605,86,-86.94294920320525,1521.8577247118287,188.50770937776895,274.5471348296921
