degree,window,bandwidth,avg_return,num_stocks,min_return,max_return,median_return,std_return
8,110,3.499999999999999,410.7380311890092,86,-36.248129032401025,2962.630391920916,229.0406679633615,509.97890068290405
