degree,window,bandwidth,avg_return,num_stocks,min_return,max_return,median_return,std_return
2,50,1.4999999999999998,352.2462595320524,86,-57.5160893903398,2028.560576804286,222.53236825564574,387.5969135524277
