degree,window,bandwidth,avg_return,num_stocks,min_return,max_return,median_return,std_return
3,70,2.8999999999999995,339.88711191079136,86,-62.8606363368562,2206.580588813095,232.92427216121038,396.1962780099742
