degree,window,bandwidth,avg_return,num_stocks,min_return,max_return,median_return,std_return
3,30,2.4999999999999996,507.02614475360025,86,-54.07798125970873,4911.84448075548,332.7303813524399,679.3868398162266
