degree,window,bandwidth,avg_return,num_stocks,min_return,max_return,median_return,std_return
5,120,1.1999999999999997,340.0872691028006,86,-74.71167454942058,2231.4336096307325,239.6661535257577,391.38075784090285
