degree,window,bandwidth,avg_return,num_stocks,min_return,max_return,median_return,std_return
8,50,0.7,351.0266141867435,86,-77.05455372939034,2725.8870814220872,207.64325135267376,495.9745555276666
