degree,window,bandwidth,avg_return,num_stocks,min_return,max_return,median_return,std_return
7,100,2.5999999999999996,419.39923726518913,86,-48.38847793118154,2401.4320036890567,281.9695381016204,444.7263674622141
