degree,window,bandwidth,avg_return,num_stocks,min_return,max_return,median_return,std_return
6,70,2.0999999999999996,402.6321679682191,86,-58.10159720478707,3098.991482985615,276.9556054580038,516.8096756969788
