degree,window,bandwidth,avg_return,num_stocks,min_return,max_return,median_return,std_return
5,50,1.6999999999999997,303.96791575587525,86,-62.11029451515239,4381.263985716911,199.6809409476574,516.7493853029506
