degree,window,bandwidth,avg_return,num_stocks,min_return,max_return,median_return,std_return
5,110,1.9999999999999996,326.41783011838413,86,-82.75404923845343,2855.2142640563366,209.3720775514794,414.2698561829747
