degree,window,bandwidth,avg_return,num_stocks,min_return,max_return,median_return,std_return
8,70,3.3999999999999995,220.09553885885595,86,-86.6396428639017,1460.608909676713,146.96756120507246,266.352766377884
