degree,window,bandwidth,avg_return,num_stocks,min_return,max_return,median_return,std_return
9,100,0.9999999999999999,232.99656998000717,86,-87.88722082404892,2225.1923434918845,150.47680675765844,320.5325616851553
