degree,window,bandwidth,avg_return,num_stocks,min_return,max_return,median_return,std_return
7,20,1.2999999999999998,735.3729232600095,86,-28.37698829526819,8346.649860805777,467.8532615901525,1116.9266811459886
