degree,window,bandwidth,avg_return,num_stocks,min_return,max_return,median_return,std_return
3,60,1.7999999999999998,356.6479268510105,86,-64.13792315892222,2453.2122261171503,232.7023806734233,425.61360396582415
