degree,window,bandwidth,avg_return,num_stocks,min_return,max_return,median_return,std_return
7,30,1.4999999999999998,317.26914198659614,86,-65.80908432317705,2401.4411567704256,222.3967992590758,372.9601658838363
