degree,window,bandwidth,avg_return,num_stocks,min_return,max_return,median_return,std_return
4,50,2.3,456.5704071258481,86,-33.932447197767836,2094.3497882974434,287.76704733896355,468.95874859222937
