degree,window,bandwidth,avg_return,num_stocks,min_return,max_return,median_return,std_return
4,60,2.4999999999999996,487.6631884578261,86,-41.50812063233347,4913.317181500693,262.62782729753553,706.46019151967
