degree,window,bandwidth,avg_return,num_stocks,min_return,max_return,median_return,std_return
8,120,0.5,417.34045328732043,86,-51.70136161999361,1841.1326585954648,285.61999440010237,426.5547349810383
