degree,window,bandwidth,avg_return,num_stocks,min_return,max_return,median_return,std_return
7,80,2.9999999999999996,329.36606375454943,86,-70.81273351173974,2396.633178662394,238.74462948241307,399.16624702046033
