degree,window,bandwidth,avg_return,num_stocks,min_return,max_return,median_return,std_return
1,60,1.7999999999999998,423.3449844859244,86,-59.6222727223507,2038.3664869282977,304.6472852581977,401.82109241923365
