degree,window,bandwidth,avg_return,num_stocks,min_return,max_return,median_return,std_return
8,110,2.8999999999999995,345.08924815402094,86,-51.557170718084286,1849.2685241215888,260.48206800658994,336.6894196023789
