degree,window,bandwidth,avg_return,num_stocks,min_return,max_return,median_return,std_return
8,90,0.7999999999999999,225.9896767231947,86,-86.43623040033268,3283.5208551316546,118.00570017052776,393.9370493818174
