degree,window,bandwidth,avg_return,num_stocks,min_return,max_return,median_return,std_return
7,80,3.2999999999999994,334.5587065759967,86,-61.86140693149055,1610.4621627227725,254.32558594224213,331.4218082049464
