degree,window,bandwidth,avg_return,num_stocks,min_return,max_return,median_return,std_return
4,90,2.4999999999999996,415.3811322806779,86,-35.31799283957485,6881.893585981693,273.8315205698333,777.3285769090875
