degree,window,bandwidth,avg_return,num_stocks,min_return,max_return,median_return,std_return
1,40,3.7999999999999994,421.8161094827241,86,-78.56857655610932,2420.442894142889,305.74902772854387,454.1150145684882
