degree,window,bandwidth,avg_return,num_stocks,min_return,max_return,median_return,std_return
9,110,3.999999999999999,313.6806710564805,86,-57.883971457785655,1584.3494869234703,220.13399972504277,323.13549338810066
