degree,window,bandwidth,avg_return,num_stocks,min_return,max_return,median_return,std_return
7,30,0.7999999999999999,335.5771517143439,86,-56.28717784115731,2374.3888991059157,237.05491913473207,368.1973224932002
