degree,window,bandwidth,avg_return,num_stocks,min_return,max_return,median_return,std_return
3,120,0.7999999999999999,354.7065472175489,86,-41.37305515528226,1863.053450910478,222.44186574140662,394.17282654472973
