degree,window,bandwidth,avg_return,num_stocks,min_return,max_return,median_return,std_return
9,60,3.1999999999999993,325.81289186918747,86,-62.576961434276726,4040.1972279537163,171.29919452379852,553.158083747198
