degree,window,bandwidth,avg_return,num_stocks,min_return,max_return,median_return,std_return
1,120,3.7999999999999994,482.0407414908301,86,-37.72451331609962,2478.8974599787934,306.4341638880743,551.0630389833153
