degree,window,bandwidth,avg_return,num_stocks,min_return,max_return,median_return,std_return
2,30,2.1999999999999997,386.1213733306582,86,-78.62237949480945,3233.81876204817,239.2554875375506,465.48304192637613
