degree,window,bandwidth,avg_return,num_stocks,min_return,max_return,median_return,std_return
3,50,1.9999999999999996,367.5735651798736,86,-54.88774783408692,4196.924870823301,256.5944690630937,572.7826157312937
