degree,window,bandwidth,avg_return,num_stocks,min_return,max_return,median_return,std_return
7,70,3.2999999999999994,286.65466386950607,86,-80.73023806463142,1702.8811259414497,176.84808863895842,324.151052519938
