degree,window,bandwidth,avg_return,num_stocks,min_return,max_return,median_return,std_return
4,70,3.599999999999999,279.81597184512384,86,-59.898481390189595,2690.31265247705,176.74298826129873,373.5994366870878
