degree,window,bandwidth,avg_return,num_stocks,min_return,max_return,median_return,std_return
7,120,2.8999999999999995,447.00338427286795,86,-52.261517093041896,5529.297233283064,282.5042142683315,681.4113082846815
