degree,window,bandwidth,avg_return,num_stocks,min_return,max_return,median_return,std_return
9,20,1.6999999999999997,616.1784820152486,86,-16.11853629117635,4770.048661846834,341.1069646723895,785.0622273762187
