degree,window,bandwidth,avg_return,num_stocks,min_return,max_return,median_return,std_return
8,40,0.7999999999999999,434.0381389556884,86,-86.80563398339382,3999.7236420984145,214.8515391986797,685.2003049291579
