degree,window,bandwidth,avg_return,num_stocks,min_return,max_return,median_return,std_return
1,100,2.9999999999999996,520.3078547713546,86,-38.21062208539989,2367.3216642893435,404.24992309231766,491.8112111553558
