degree,window,bandwidth,avg_return,num_stocks,min_return,max_return,median_return,std_return
7,40,3.2999999999999994,289.1248563318021,86,-61.51249337555505,2511.2377013184323,182.3659889860313,381.0848578099917
