degree,window,bandwidth,avg_return,num_stocks,min_return,max_return,median_return,std_return
5,20,2.6999999999999993,234.81270562885123,86,-76.48329235696798,1759.2763409283343,139.4699890803833,326.37523767210234
