degree,window,bandwidth,avg_return,num_stocks,min_return,max_return,median_return,std_return
2,50,3.6999999999999993,369.26393631379284,86,-65.5301038281797,4493.294506515064,183.59221671928967,621.3298524697674
