degree,window,bandwidth,avg_return,num_stocks,min_return,max_return,median_return,std_return
4,20,3.7999999999999994,368.31836632480264,86,-69.44080685544594,7936.16871417083,188.299236322167,904.836127996505
