degree,window,bandwidth,avg_return,num_stocks,min_return,max_return,median_return,std_return
2,50,0.7999999999999999,384.24404103419596,86,-59.218344572744975,2980.3730285920346,253.42075339123124,505.93671272788856
