degree,window,bandwidth,avg_return,num_stocks,min_return,max_return,median_return,std_return
1,120,1.8999999999999997,440.3702002385424,86,-33.838850477980095,4695.738630419355,302.4323230581187,571.7975328290167
