degree,window,bandwidth,avg_return,num_stocks,min_return,max_return,median_return,std_return
2,40,1.1999999999999997,401.5783210227807,86,-46.9421135691693,3318.0312925244634,241.26895784921157,490.1260123201623
