degree,window,bandwidth,avg_return,num_stocks,min_return,max_return,median_return,std_return
4,120,1.5999999999999996,414.6681457159515,86,-59.73078576791351,4857.3463310047655,253.8542302274948,619.5469409078034
