degree,window,bandwidth,avg_return,num_stocks,min_return,max_return,median_return,std_return
7,90,1.4999999999999998,401.86942422665066,86,-52.17901032678751,3321.629259955729,220.67608876302833,505.248829854063
