degree,window,bandwidth,avg_return,num_stocks,min_return,max_return,median_return,std_return
4,20,3.499999999999999,343.36312716579846,86,-85.26979408688062,4779.640778648384,167.14406723850345,703.7277674983643
