degree,window,bandwidth,avg_return,num_stocks,min_return,max_return,median_return,std_return
4,100,2.1999999999999997,357.4146534923794,86,-60.03661501316289,3262.218812162721,261.5287290160207,432.0337643991736
