degree,window,bandwidth,avg_return,num_stocks,min_return,max_return,median_return,std_return
8,80,2.9999999999999996,286.93277138356063,86,-63.85639794641218,4552.892401605078,148.31234388681366,561.9639355271753
