degree,window,bandwidth,avg_return,num_stocks,min_return,max_return,median_return,std_return
3,50,1.4,383.59845520902513,86,-57.067021058097446,2299.731848653155,264.18984536670484,434.2719613538614
