degree,window,bandwidth,avg_return,num_stocks,min_return,max_return,median_return,std_return
2,80,3.499999999999999,393.80642923477495,86,-57.40004308016663,4066.809581372493,258.71503817477475,524.2589428946716
