degree,window,bandwidth,avg_return,num_stocks,min_return,max_return,median_return,std_return
3,90,3.999999999999999,265.79098332850674,86,-62.85935865319854,1844.7453410463747,195.41223711869014,288.90369832884477
