degree,window,bandwidth,avg_return,num_stocks,min_return,max_return,median_return,std_return
3,120,2.6999999999999993,358.27652977594903,86,-68.69840399263448,3542.684758968787,230.41255465407136,474.3457910779212
