degree,window,bandwidth,avg_return,num_stocks,min_return,max_return,median_return,std_return
3,30,0.6,449.6423844945919,86,-47.96273515101584,2754.1355352403575,272.2748853396407,542.8735653581276
