degree,window,bandwidth,avg_return,num_stocks,min_return,max_return,median_return,std_return
2,90,3.1999999999999993,367.25884132887944,86,-64.73820277171811,1917.2072312873975,227.9808403632449,402.41335100237916
