degree,window,bandwidth,avg_return,num_stocks,min_return,max_return,median_return,std_return
7,60,1.1999999999999997,220.29550476074448,86,-79.75146187336661,2913.033337124675,145.1181255302326,342.6360587422926
