degree,window,bandwidth,avg_return,num_stocks,min_return,max_return,median_return,std_return
1,30,1.1999999999999997,385.4599867430925,86,-58.993892592155206,2615.366510920273,228.93732714523006,468.31518029127034
