degree,window,bandwidth,avg_return,num_stocks,min_return,max_return,median_return,std_return
3,120,3.8999999999999995,252.4942149448938,86,-56.5999929921711,1646.267600715882,157.98366005665832,319.6919379826151
