degree,window,bandwidth,avg_return,num_stocks,min_return,max_return,median_return,std_return
9,60,1.1999999999999997,300.75233692680877,86,-85.953926839922,1745.5906179403132,174.46621486705715,368.34141855056293
