degree,window,bandwidth,avg_return,num_stocks,min_return,max_return,median_return,std_return
6,30,2.0999999999999996,226.14625283295948,86,-80.52650217273163,1348.069223287905,153.2516402212089,269.56301337542016
