degree,window,bandwidth,avg_return,num_stocks,min_return,max_return,median_return,std_return
5,100,1.9999999999999996,314.2235447408867,86,-70.16776629663711,1916.289248963536,222.72617049857269,344.48139551858645
