degree,window,bandwidth,avg_return,num_stocks,min_return,max_return,median_return,std_return
9,110,3.1999999999999993,330.49780633958363,86,-53.501632229013396,3525.149927948568,198.99558886460946,503.6879437268359
