degree,window,bandwidth,avg_return,num_stocks,min_return,max_return,median_return,std_return
5,80,2.3999999999999995,420.1200420689006,86,-71.58825760411757,2804.1645896652776,262.46410775542665,520.6950047472421
