degree,window,bandwidth,avg_return,num_stocks,min_return,max_return,median_return,std_return
2,40,2.8999999999999995,309.4538521036897,86,-53.693883221290285,1956.3711195466944,191.66250595575073,354.9209111910221
