degree,window,bandwidth,avg_return,num_stocks,min_return,max_return,median_return,std_return
8,30,0.8999999999999999,831.8242018719562,86,-30.660052546680156,6577.93216033338,596.0849316389358,968.2596265572348
