degree,window,bandwidth,avg_return,num_stocks,min_return,max_return,median_return,std_return
5,120,0.7999999999999999,336.9616102842602,86,-76.73146024583828,2028.004845482776,239.37106777568434,361.65225914397115
