degree,window,bandwidth,avg_return,num_stocks,min_return,max_return,median_return,std_return
3,110,3.2999999999999994,316.7254590828013,86,-39.19915642414754,2365.4038559144087,204.10464624591324,362.1551542474673
