degree,window,bandwidth,avg_return,num_stocks,min_return,max_return,median_return,std_return
6,120,2.3,360.82336789746716,86,-66.64848457012783,2360.831392822546,272.2610239852015,409.9115099641099
