degree,window,bandwidth,avg_return,num_stocks,min_return,max_return,median_return,std_return
8,80,1.7999999999999998,234.3668265290206,86,-86.73145273259047,1618.478575955557,170.20462170686085,291.1617921945891
