degree,window,bandwidth,avg_return,num_stocks,min_return,max_return,median_return,std_return
7,90,1.6999999999999997,395.6236002592462,86,-48.198606716062216,2949.3027665279337,206.45767288335736,489.6477720205507
