degree,window,bandwidth,avg_return,num_stocks,min_return,max_return,median_return,std_return
7,120,3.2999999999999994,336.4561887144713,86,-64.6269329395784,2188.5348496985252,247.5643368543457,408.7113039368667
