degree,window,bandwidth,avg_return,num_stocks,min_return,max_return,median_return,std_return
9,100,2.3999999999999995,220.58066351172118,86,-65.82263224945159,1524.842909089705,148.4618839560482,281.4174998033136
