degree,window,bandwidth,avg_return,num_stocks,min_return,max_return,median_return,std_return
7,30,2.6999999999999993,235.43582587024332,86,-62.51524595576482,1995.2489041851152,151.63183372956644,316.782175825045
