degree,window,bandwidth,avg_return,num_stocks,min_return,max_return,median_return,std_return
1,90,2.9999999999999996,513.2543203473303,86,-78.62410760017599,2670.843327699077,412.8988118078529,550.1764928136089
