degree,window,bandwidth,avg_return,num_stocks,min_return,max_return,median_return,std_return
9,40,3.8999999999999995,337.65029995155277,86,-55.04027477145753,2900.3572691867425,201.6690859876028,468.8956099635967
