degree,window,bandwidth,avg_return,num_stocks,min_return,max_return,median_return,std_return
8,110,2.0999999999999996,459.0249782396111,86,-22.182399870547258,4176.122745893916,275.68435094186134,617.5258585864384
