degree,window,bandwidth,avg_return,num_stocks,min_return,max_return,median_return,std_return
4,60,1.8999999999999997,438.0765045278458,86,-44.01251432428447,2949.837418661072,334.3151536565209,499.16825065404674
