degree,window,bandwidth,avg_return,num_stocks,min_return,max_return,median_return,std_return
1,70,2.5999999999999996,556.2732671209852,86,-81.42453024849084,6489.011493654662,356.0269003573005,800.8292141422058
