degree,window,bandwidth,avg_return,num_stocks,min_return,max_return,median_return,std_return
3,80,1.5999999999999996,364.4470155644924,86,-47.990347997136865,3148.5021024815605,263.42134329621734,477.5471311735369
