degree,window,bandwidth,avg_return,num_stocks,min_return,max_return,median_return,std_return
1,80,1.5999999999999996,419.4034329642205,86,-47.705364901125776,3516.2423805882922,253.81281201070362,535.265694966053
