degree,window,bandwidth,avg_return,num_stocks,min_return,max_return,median_return,std_return
1,90,3.599999999999999,497.390605671105,86,-60.03028122829417,2695.9728091983943,353.18852548603877,542.873736659711
