degree,window,bandwidth,avg_return,num_stocks,min_return,max_return,median_return,std_return
6,80,3.2999999999999994,449.9652492827104,86,-57.05146564450474,3933.276363189519,277.4243091688568,553.6591599343983
