degree,window,bandwidth,avg_return,num_stocks,min_return,max_return,median_return,std_return
4,50,3.8999999999999995,316.77607650750156,86,-65.26762758675946,1153.651609322758,206.13361548863907,316.4567865615978
