degree,window,bandwidth,avg_return,num_stocks,min_return,max_return,median_return,std_return
7,30,3.2999999999999994,213.9928718370418,86,-61.929467077758325,2172.227508060226,142.13336772350212,319.73561467746316
