degree,window,bandwidth,avg_return,num_stocks,min_return,max_return,median_return,std_return
6,90,3.0999999999999996,424.5895794252406,86,-46.775107805768116,3734.8783524078826,280.23401014824196,549.4278323978651
