degree,window,bandwidth,avg_return,num_stocks,min_return,max_return,median_return,std_return
5,70,3.499999999999999,404.6572185064097,86,-30.81578765607232,5269.482349771868,264.73649616117183,610.3090088287267
