degree,window,bandwidth,avg_return,num_stocks,min_return,max_return,median_return,std_return
3,120,0.5,361.89572521912777,86,-42.44572637378782,2025.9384694015644,252.98854259253426,382.29509684067676
