degree,window,bandwidth,avg_return,num_stocks,min_return,max_return,median_return,std_return
6,110,1.1999999999999997,438.4711688011554,86,-65.7814321933658,3891.7943321453863,264.2371385702082,612.2898554807146
