degree,window,bandwidth,avg_return,num_stocks,min_return,max_return,median_return,std_return
5,30,1.1999999999999997,343.0329508239402,86,-68.26947919437329,2366.2321879817814,220.26394858486262,457.10691190341333
