degree,window,bandwidth,avg_return,num_stocks,min_return,max_return,median_return,std_return
2,80,3.8999999999999995,477.69956743313554,86,-66.29803649161776,2574.561672888674,259.1294145859108,562.7052415677273
