degree,window,bandwidth,avg_return,num_stocks,min_return,max_return,median_return,std_return
5,50,2.9999999999999996,410.5121808873708,86,-47.47363554034074,4095.543545666044,231.09656710880097,599.6643264929085
