degree,window,bandwidth,avg_return,num_stocks,min_return,max_return,median_return,std_return
9,100,0.6,225.18059516143668,86,-88.27745039713818,1062.118674345964,147.05120340697528,243.10208924716056
