degree,window,bandwidth,avg_return,num_stocks,min_return,max_return,median_return,std_return
6,110,3.6999999999999993,322.7613386188195,86,-65.77830629125978,1795.9087418339404,197.4805036096776,377.40290536051657
