degree,window,bandwidth,avg_return,num_stocks,min_return,max_return,median_return,std_return
8,70,2.3999999999999995,216.0835262051881,86,-93.19874273075864,1119.3985306267102,173.50053316828084,206.48136140689618
