degree,window,bandwidth,avg_return,num_stocks,min_return,max_return,median_return,std_return
5,90,0.6,525.1092528499942,86,-57.33819217300903,5392.45405960081,304.56307869370426,870.2729203414153
