degree,window,bandwidth,avg_return,num_stocks,min_return,max_return,median_return,std_return
9,80,3.3999999999999995,208.44281420661565,86,-83.75928476733269,1106.3464932671002,130.61173089304936,232.26216800563662
