degree,window,bandwidth,avg_return,num_stocks,min_return,max_return,median_return,std_return
9,60,0.7,317.12301659951953,86,-91.59193716972662,2339.4149049549974,160.08811414017364,413.45148193696167
