degree,window,bandwidth,avg_return,num_stocks,min_return,max_return,median_return,std_return
7,80,2.1999999999999997,431.6170129162901,86,-56.18878852209567,12597.738789578922,221.23710300807232,1355.7450505877355
