degree,window,bandwidth,avg_return,num_stocks,min_return,max_return,median_return,std_return
2,20,3.6999999999999993,386.7192979203804,86,-63.00544483398029,3149.379961493144,240.87085011267573,470.49940610611526
