degree,window,bandwidth,avg_return,num_stocks,min_return,max_return,median_return,std_return
7,40,0.7,281.33687776064744,86,-89.31830996214032,1854.0060576275773,181.8613510429861,335.17567138958253
