degree,window,bandwidth,avg_return,num_stocks,min_return,max_return,median_return,std_return
9,90,1.1999999999999997,230.16345525786326,86,-76.4333034798811,4191.718382696866,165.27166040913264,470.73898097484755
