degree,window,bandwidth,avg_return,num_stocks,min_return,max_return,median_return,std_return
2,100,0.5,347.518972788901,86,-53.32867649019985,2352.4539815968214,218.64659817082708,380.0346319294029
