degree,window,bandwidth,avg_return,num_stocks,min_return,max_return,median_return,std_return
5,50,1.2999999999999998,334.7535716015768,86,-55.500366827664514,6301.387249601334,179.20587909221206,725.660764112026
