degree,window,bandwidth,avg_return,num_stocks,min_return,max_return,median_return,std_return
4,110,1.8999999999999997,357.44285190412745,86,-60.96987041681703,2526.092438087704,271.42425190073163,389.0340663518493
