degree,window,bandwidth,avg_return,num_stocks,min_return,max_return,median_return,std_return
2,80,0.7,345.6376842538528,86,-61.190017728475866,2186.4503922365616,227.0734333045849,407.96720810153084
