degree,window,bandwidth,avg_return,num_stocks,min_return,max_return,median_return,std_return
5,100,3.999999999999999,312.97843466161544,86,-75.17210264252058,2389.5771853450074,184.27571119175644,414.04970580205526
