degree,window,bandwidth,avg_return,num_stocks,min_return,max_return,median_return,std_return
9,90,2.3,260.06949994191103,86,-79.97417740098139,2540.050650018879,144.4613589396845,402.95279191575736
