degree,window,bandwidth,avg_return,num_stocks,min_return,max_return,median_return,std_return
3,110,1.6999999999999997,376.12487480713446,86,-39.90292097699256,2313.2041450477227,241.4342831551919,441.8185632543744
