degree,window,bandwidth,avg_return,num_stocks,min_return,max_return,median_return,std_return
4,90,3.2999999999999994,373.6723531625747,86,-83.04115273441104,3050.7521948906183,215.62605530519588,483.4107688263497
