degree,window,bandwidth,avg_return,num_stocks,min_return,max_return,median_return,std_return
7,40,1.9999999999999996,300.31969831474,86,-72.62891447903635,1813.1242895361936,179.9210625134922,394.2488928254666
