degree,window,bandwidth,avg_return,num_stocks,min_return,max_return,median_return,std_return
9,20,0.8999999999999999,592.6021099807538,86,-10.220424597216935,5097.374053093536,343.64535438519783,766.7819224387002
