degree,window,bandwidth,avg_return,num_stocks,min_return,max_return,median_return,std_return
8,50,2.3,347.7257831531435,86,-69.32767435416875,2641.715615023524,180.37529405658606,533.9615536274205
