degree,window,bandwidth,avg_return,num_stocks,min_return,max_return,median_return,std_return
4,30,3.7999999999999994,459.9757352504913,86,-76.63883567185549,4195.725423317216,253.60023706233466,621.5678586091364
