degree,window,bandwidth,avg_return,num_stocks,min_return,max_return,median_return,std_return
3,50,3.599999999999999,241.35323516334472,86,-59.423854245660166,2562.0631335307335,151.04803906814442,342.18569619468224
