degree,window,bandwidth,avg_return,num_stocks,min_return,max_return,median_return,std_return
1,40,3.999999999999999,408.7948648502572,86,-77.30346597852355,3183.5545510590096,269.6418179180249,494.5134273321514
