degree,window,bandwidth,avg_return,num_stocks,min_return,max_return,median_return,std_return
4,80,3.7999999999999994,278.5019572569674,86,-55.76259654398583,2309.0735749389282,141.98369628049738,400.50329396971176
