degree,window,bandwidth,avg_return,num_stocks,min_return,max_return,median_return,std_return
9,80,3.8999999999999995,258.2214566333131,86,-62.07433619753385,2741.1856267079665,159.53535887779725,378.16265894351443
