degree,window,bandwidth,avg_return,num_stocks,min_return,max_return,median_return,std_return
1,90,3.2999999999999994,472.69096591350916,86,-65.91900597745425,1955.3555960453075,368.4297424357411,470.5331564858629
