degree,window,bandwidth,avg_return,num_stocks,min_return,max_return,median_return,std_return
3,40,1.8999999999999997,448.56351769871907,86,-42.4823478759606,2108.590091899227,366.0162215637954,422.6267218660695
