degree,window,bandwidth,avg_return,num_stocks,min_return,max_return,median_return,std_return
9,110,2.4999999999999996,252.54940512117804,86,-60.895017956621146,1593.9435737172407,185.5410399647976,263.64167541959534
