degree,window,bandwidth,avg_return,num_stocks,min_return,max_return,median_return,std_return
1,100,3.499999999999999,480.9825254898318,86,-42.41604266007683,2417.732727782838,353.07286662644157,494.30525184637276
