degree,window,bandwidth,avg_return,num_stocks,min_return,max_return,median_return,std_return
1,20,0.7999999999999999,522.4129589559963,86,-56.23000631593853,3762.4887032721117,325.8934064911492,575.8903954959211
