degree,window,bandwidth,avg_return,num_stocks,min_return,max_return,median_return,std_return
5,50,2.8999999999999995,390.9789667334675,86,-49.720957822300925,2452.812786347982,234.9178709164454,498.9737770116516
