degree,window,bandwidth,avg_return,num_stocks,min_return,max_return,median_return,std_return
6,110,2.7999999999999994,359.4009846450108,86,-64.79004175376421,3074.594800281095,206.34512380248424,528.9333515467579
