degree,window,bandwidth,avg_return,num_stocks,min_return,max_return,median_return,std_return
4,80,1.8999999999999997,302.42528354700016,86,-64.75929228920829,1779.1694149047216,193.4145318842672,336.8085291643377
