degree,window,bandwidth,avg_return,num_stocks,min_return,max_return,median_return,std_return
8,120,1.8999999999999997,437.7319941541757,86,-51.92878867111932,3407.057755704291,266.1558491507233,537.7165214251542
