degree,window,bandwidth,avg_return,num_stocks,min_return,max_return,median_return,std_return
7,120,3.3999999999999995,320.19459264199986,86,-65.15201572509808,2305.1685635379686,215.22064953484576,381.5717543187
