degree,window,bandwidth,avg_return,num_stocks,min_return,max_return,median_return,std_return
9,50,3.3999999999999995,281.12161716598905,86,-75.99222610855874,4701.53543916114,175.09251516708576,550.3160088430241
