degree,window,bandwidth,avg_return,num_stocks,min_return,max_return,median_return,std_return
6,20,2.0999999999999996,729.0789275899342,86,-58.78089236252427,5953.619530390802,414.69290998374544,1039.8378063283526
