degree,window,bandwidth,avg_return,num_stocks,min_return,max_return,median_return,std_return
1,110,2.3999999999999995,542.9914113678932,86,-75.83385955172025,5556.983791909285,378.12366963296284,705.690177578131
