degree,window,bandwidth,avg_return,num_stocks,min_return,max_return,median_return,std_return
4,70,1.9999999999999996,286.4728359568478,86,-85.94601176472378,2098.107148086219,204.17493001128167,356.56489697345734
