degree,window,bandwidth,avg_return,num_stocks,min_return,max_return,median_return,std_return
3,90,1.4999999999999998,403.1029698275664,86,-65.0598513864675,3483.519744951794,262.7911442185457,529.9070483736508
