degree,window,bandwidth,avg_return,num_stocks,min_return,max_return,median_return,std_return
8,30,0.7,782.2766229886574,86,-21.937220720784527,6999.064912190272,537.5845598625399,946.7213819505513
