degree,window,bandwidth,avg_return,num_stocks,min_return,max_return,median_return,std_return
9,20,1.9999999999999996,612.4836237052721,86,-11.240462532693165,5032.685735931405,351.76814334784706,785.0189167460187
