degree,window,bandwidth,avg_return,num_stocks,min_return,max_return,median_return,std_return
9,50,1.1999999999999997,310.5854006470352,86,-68.3586280280398,2403.5469585321703,186.51179879109011,417.53962995755643
