degree,window,bandwidth,avg_return,num_stocks,min_return,max_return,median_return,std_return
4,100,0.7999999999999999,353.5317924271589,86,-68.35394429201699,2029.7534620547108,273.56860268350897,343.64829197261173
