degree,window,bandwidth,avg_return,num_stocks,min_return,max_return,median_return,std_return
2,40,3.999999999999999,272.62466155232084,86,-69.04156142717866,1631.0477749750924,182.8664705756462,303.37085682943706
