degree,window,bandwidth,avg_return,num_stocks,min_return,max_return,median_return,std_return
3,60,2.3,402.5525679404541,86,-51.44410477485623,3862.938339693945,254.20016037614266,542.3231451980438
