degree,window,bandwidth,avg_return,num_stocks,min_return,max_return,median_return,std_return
6,60,1.0999999999999999,262.3975238563437,86,-69.39910453143496,2304.450069457647,152.2515476330166,331.14756366458425
