degree,window,bandwidth,avg_return,num_stocks,min_return,max_return,median_return,std_return
7,90,3.7999999999999994,404.63657820171045,86,-76.00271869766901,2594.6529051431144,291.3120265665435,443.8359707513884
