degree,window,bandwidth,avg_return,num_stocks,min_return,max_return,median_return,std_return
5,50,3.499999999999999,405.15428948872835,86,-58.63844301541049,4100.060110882962,256.52719889389886,555.1678553322881
