degree,window,bandwidth,avg_return,num_stocks,min_return,max_return,median_return,std_return
4,110,3.6999999999999993,305.56718880965366,86,-83.3203681241674,3129.864660365806,191.6249929461513,425.72894722560744
