degree,window,bandwidth,avg_return,num_stocks,min_return,max_return,median_return,std_return
5,110,3.2999999999999994,300.2968939901121,86,-83.08497293774796,1214.010633123831,241.91036961078822,291.6377461646605
