degree,window,bandwidth,avg_return,num_stocks,min_return,max_return,median_return,std_return
2,40,3.499999999999999,274.9713845271156,86,-65.81687980999992,1047.987492273704,192.8755334080163,278.91046307692983
