degree,window,bandwidth,avg_return,num_stocks,min_return,max_return,median_return,std_return
9,90,1.4,221.91396101719317,86,-75.57277495278457,2323.1958648990762,153.3096731631598,314.714315712628
