degree,window,bandwidth,avg_return,num_stocks,min_return,max_return,median_return,std_return
4,60,2.6999999999999993,447.58467625939517,86,-40.61791919433114,4448.872367750394,282.9852024143797,606.9790448462317
