degree,window,bandwidth,avg_return,num_stocks,min_return,max_return,median_return,std_return
2,50,1.5999999999999996,385.2732759517747,86,-57.15302109973494,1880.042418038913,235.61865886196335,418.02277921293313
