degree,window,bandwidth,avg_return,num_stocks,min_return,max_return,median_return,std_return
1,110,2.9999999999999996,565.8540542563403,86,-34.00664450435748,3863.105663994956,376.74937793989454,667.1155385691212
