degree,window,bandwidth,avg_return,num_stocks,min_return,max_return,median_return,std_return
8,80,2.6999999999999993,305.0373615089842,86,-71.207150539681,7223.726081718261,133.9465606383564,804.9884309693359
