degree,window,bandwidth,avg_return,num_stocks,min_return,max_return,median_return,std_return
4,80,1.4,316.9584654913806,86,-63.167935631937965,2840.5407044060803,196.9418934604732,426.53913681110555
