degree,window,bandwidth,avg_return,num_stocks,min_return,max_return,median_return,std_return
4,60,3.499999999999999,365.19673393202277,86,-57.03777057232161,4103.429795813305,186.46347096125476,660.9991229337836
