degree,window,bandwidth,avg_return,num_stocks,min_return,max_return,median_return,std_return
9,20,2.8999999999999995,623.8031225022769,86,2.2697166887850106,8212.872318393494,306.97721174891547,1049.1547157696336
