degree,window,bandwidth,avg_return,num_stocks,min_return,max_return,median_return,std_return
1,20,2.5999999999999996,435.6483471743056,86,-73.47770033709476,2952.1602800294613,282.0676134832175,498.45435185461093
