degree,window,bandwidth,avg_return,num_stocks,min_return,max_return,median_return,std_return
2,80,3.7999999999999994,422.3579817421636,86,-69.24796079501007,2259.4711437795386,278.58161777588475,483.6953830190374
