degree,window,bandwidth,avg_return,num_stocks,min_return,max_return,median_return,std_return
8,60,2.6999999999999993,301.78344690667893,86,-74.8715580637125,1335.4451957800118,181.9301758320525,306.8539970508165
