degree,window,bandwidth,avg_return,num_stocks,min_return,max_return,median_return,std_return
4,50,1.1999999999999997,593.9585796102238,86,-51.59088641832845,3046.2108066762926,400.0452777720536,623.6483642377768
