degree,window,bandwidth,avg_return,num_stocks,min_return,max_return,median_return,std_return
5,50,2.0999999999999996,342.87988386632463,86,-74.1673588847026,4338.489371571699,203.67186973027208,541.8715026185643
