degree,window,bandwidth,avg_return,num_stocks,min_return,max_return,median_return,std_return
8,40,2.1999999999999997,325.12989744088884,86,-67.57108659648702,2042.8472233479977,203.74773618076674,424.8752985871018
