degree,window,bandwidth,avg_return,num_stocks,min_return,max_return,median_return,std_return
8,20,0.7999999999999999,442.37936007706475,86,-0.09542405756470544,3351.362340919587,320.27456568695675,503.10869590079346
