degree,window,bandwidth,avg_return,num_stocks,min_return,max_return,median_return,std_return
2,70,2.0999999999999996,412.9440277742024,86,-72.67077619220034,4414.4633962804255,216.2389783267248,699.664856271472
