degree,window,bandwidth,avg_return,num_stocks,min_return,max_return,median_return,std_return
6,20,1.7999999999999998,750.0340217066482,86,-48.45944737060814,6449.207376597464,402.5497920893185,1059.7502788147847
