degree,window,bandwidth,avg_return,num_stocks,min_return,max_return,median_return,std_return
2,40,2.0999999999999996,377.56824402141064,86,-65.14622411133405,3010.88216741309,238.88686597070955,541.5369122476302
