degree,window,bandwidth,avg_return,num_stocks,min_return,max_return,median_return,std_return
1,50,2.3999999999999995,428.45565072708956,86,-55.827257300896974,2562.2675309323636,321.0781662317992,456.5297363790352
