degree,window,bandwidth,avg_return,num_stocks,min_return,max_return,median_return,std_return
1,120,1.9999999999999996,451.75055099019175,86,-26.447709028311117,5563.640991086902,333.2543439865402,638.7384644833905
