degree,window,bandwidth,avg_return,num_stocks,min_return,max_return,median_return,std_return
1,120,0.6,429.48687547962,86,-45.14880279616524,5312.583035182295,266.0574476357061,632.8763408234373
