degree,window,bandwidth,avg_return,num_stocks,min_return,max_return,median_return,std_return
2,80,3.2999999999999994,289.35551734287117,86,-51.59369330266947,1009.3706862712373,242.43419790158057,245.1252839188603
