degree,window,bandwidth,avg_return,num_stocks,min_return,max_return,median_return,std_return
9,100,3.7999999999999994,323.77657885721277,86,-62.006923739798005,2873.1777454352787,156.65318085983458,535.6716558568787
