degree,window,bandwidth,avg_return,num_stocks,min_return,max_return,median_return,std_return
7,30,1.5999999999999996,309.82076961528765,86,-63.979705627653935,2347.328409629812,206.06687790416964,364.51410705677307
