degree,window,bandwidth,avg_return,num_stocks,min_return,max_return,median_return,std_return
8,70,1.2999999999999998,226.88978849948,86,-58.81872779566866,1948.9127086139501,182.9711726583048,256.797154625085
