degree,window,bandwidth,avg_return,num_stocks,min_return,max_return,median_return,std_return
1,20,2.3999999999999995,462.10204216057593,86,-55.50686680341773,4147.993904300732,302.2906165305225,574.1593008300098
