degree,window,bandwidth,avg_return,num_stocks,min_return,max_return,median_return,std_return
4,30,3.499999999999999,369.9132195878741,86,-61.852942195398086,3954.536838738376,207.86749342600024,517.7076321211027
