degree,window,bandwidth,avg_return,num_stocks,min_return,max_return,median_return,std_return
8,90,2.0999999999999996,256.363249523275,86,-82.12122433809789,3404.635434075831,174.7564205368207,445.5270046508732
