degree,window,bandwidth,avg_return,num_stocks,min_return,max_return,median_return,std_return
7,100,0.6,470.5654516521051,86,-31.933317724601018,2271.2888134581563,310.77606883082944,464.4497871025006
