degree,window,bandwidth,avg_return,num_stocks,min_return,max_return,median_return,std_return
6,70,1.4999999999999998,371.3057694597621,86,-53.82098647922591,3511.4138635228146,231.14845053896013,490.87137622942186
