degree,window,bandwidth,avg_return,num_stocks,min_return,max_return,median_return,std_return
9,50,2.3999999999999995,312.0145728665793,86,-84.74877156504746,4013.497505928438,186.50372772115392,520.9232149405998
