degree,window,bandwidth,avg_return,num_stocks,min_return,max_return,median_return,std_return
3,60,3.599999999999999,295.0255114353514,86,-80.07018307356364,1372.601192854928,194.64029697637838,331.1769047637879
