degree,window,bandwidth,avg_return,num_stocks,min_return,max_return,median_return,std_return
1,50,1.2999999999999998,436.36775865536936,86,-66.87914562380386,2056.8944267465454,273.2811858461662,457.32894046283525
