degree,window,bandwidth,avg_return,num_stocks,min_return,max_return,median_return,std_return
3,60,0.9999999999999999,334.8265588448376,86,-77.45776383945952,1624.853059856673,217.27038357125383,365.30102309786224
