degree,window,bandwidth,avg_return,num_stocks,min_return,max_return,median_return,std_return
2,60,0.9999999999999999,389.25244239292533,86,-67.33412943522804,2755.899612946213,215.59852978978,526.9844149829927
