degree,window,bandwidth,avg_return,num_stocks,min_return,max_return,median_return,std_return
4,40,2.0999999999999996,360.9230875013866,86,-71.42542602050531,2304.3244841577325,263.9636211772025,437.93816213219156
