degree,window,bandwidth,avg_return,num_stocks,min_return,max_return,median_return,std_return
5,100,2.9999999999999996,355.4592091362779,86,-90.53587523559355,2463.7436073681865,248.96262852975798,459.571514221894
