degree,window,bandwidth,avg_return,num_stocks,min_return,max_return,median_return,std_return
4,110,2.1999999999999997,313.07282347049005,86,-67.52170294876433,2325.231549484763,228.55046047655262,337.41546994119307
