degree,window,bandwidth,avg_return,num_stocks,min_return,max_return,median_return,std_return
9,80,0.5,296.96540070080886,86,-79.6709252712201,2467.0677139712043,176.44435332716404,392.80323552271545
