degree,window,bandwidth,avg_return,num_stocks,min_return,max_return,median_return,std_return
8,30,3.6999999999999993,678.0395866722768,86,-59.670900443319894,3926.5994337269667,358.17177117787503,816.4750215150119
