degree,window,bandwidth,avg_return,num_stocks,min_return,max_return,median_return,std_return
5,70,3.8999999999999995,379.2802791185364,86,-60.803865394107106,3580.5655732949253,221.80559692347433,542.4040306208655
