degree,window,bandwidth,avg_return,num_stocks,min_return,max_return,median_return,std_return
6,50,1.7999999999999998,233.60087912627648,86,-81.4520865589075,3298.797571821601,158.0618288409778,393.13292546810857
