degree,window,bandwidth,avg_return,num_stocks,min_return,max_return,median_return,std_return
4,80,3.0999999999999996,389.80997740798915,86,-61.51033018781836,3898.420154310024,241.9592577751398,573.8426893419884
