degree,window,bandwidth,avg_return,num_stocks,min_return,max_return,median_return,std_return
6,110,3.7999999999999994,345.7867862319752,86,-65.23758776425065,3588.033184816999,221.1672352695378,469.27087259746617
