degree,window,bandwidth,avg_return,num_stocks,min_return,max_return,median_return,std_return
5,30,0.7,337.32146026945315,86,-71.61600576106486,2111.072565731918,182.21024562035316,453.72818045262545
