degree,window,bandwidth,avg_return,num_stocks,min_return,max_return,median_return,std_return
3,20,1.0999999999999999,323.59227952210574,86,-74.70030291931604,2449.4964405386036,230.33878707728633,357.99602816164264
