degree,window,bandwidth,avg_return,num_stocks,min_return,max_return,median_return,std_return
3,40,1.2999999999999998,557.6740902454094,86,-34.21226076523719,3875.39244215301,423.16081276469004,559.7984322680658
