degree,window,bandwidth,avg_return,num_stocks,min_return,max_return,median_return,std_return
6,100,3.3999999999999995,382.2038196141962,86,-52.23898290805933,6238.63414511418,224.0607356229674,723.728945994659
