degree,window,bandwidth,avg_return,num_stocks,min_return,max_return,median_return,std_return
2,20,2.6999999999999993,459.1544053094844,86,-56.41742567711934,2760.4026543326436,303.9655686214778,508.28579884686917
