degree,window,bandwidth,avg_return,num_stocks,min_return,max_return,median_return,std_return
7,90,2.6999999999999993,417.53596884989753,86,-47.015063825288564,2670.5375326427506,295.83023970363956,487.9288023916691
