degree,window,bandwidth,avg_return,num_stocks,min_return,max_return,median_return,std_return
8,100,1.5999999999999996,306.6307101392277,86,-64.99429097189902,2671.1715647199358,210.612332709302,395.4015580462037
