degree,window,bandwidth,avg_return,num_stocks,min_return,max_return,median_return,std_return
4,90,2.3999999999999995,382.46942216896366,86,-48.0127008116327,4135.631438890066,276.5225804281845,521.100776347294
