degree,window,bandwidth,avg_return,num_stocks,min_return,max_return,median_return,std_return
5,120,1.9999999999999996,315.16550677673064,86,-70.07036604563473,2175.043988987132,237.63753422211644,367.03436416344533
