degree,window,bandwidth,avg_return,num_stocks,min_return,max_return,median_return,std_return
6,40,1.5999999999999996,260.18139395117254,86,-65.07657923591461,1050.2817882515867,223.11738533923767,261.6404745620067
