degree,window,bandwidth,avg_return,num_stocks,min_return,max_return,median_return,std_return
5,50,0.8999999999999999,302.31964595377354,86,-59.26034200353195,2816.0768169897024,201.86332221579784,439.78634032998866
