degree,window,bandwidth,avg_return,num_stocks,min_return,max_return,median_return,std_return
3,70,3.3999999999999995,307.3746651741776,86,-73.98658784413034,2030.8134125022996,196.19565959785413,373.5876414777068
