degree,window,bandwidth,avg_return,num_stocks,min_return,max_return,median_return,std_return
6,70,3.0999999999999996,334.0494505060873,86,-63.17982950156027,1809.0561947164315,273.72119417290435,329.74382745521615
