degree,window,bandwidth,avg_return,num_stocks,min_return,max_return,median_return,std_return
7,30,3.6999999999999993,222.26096958017123,86,-65.14754881288852,2892.692109851713,135.93106761250957,383.7407681914131
