degree,window,bandwidth,avg_return,num_stocks,min_return,max_return,median_return,std_return
5,90,3.999999999999999,260.25647029665737,86,-68.32520311025513,1527.6032076066112,182.85013934894607,302.4533876185632
