degree,window,bandwidth,avg_return,num_stocks,min_return,max_return,median_return,std_return
6,90,1.1999999999999997,541.3583839080908,86,-45.4679447232564,3627.792064529429,379.31743605641725,590.7674731777385
