degree,window,bandwidth,avg_return,num_stocks,min_return,max_return,median_return,std_return
9,20,0.6,591.7053684682487,86,-15.007076599732263,4777.908179762226,325.48764429059963,758.4951475317955
