degree,window,bandwidth,avg_return,num_stocks,min_return,max_return,median_return,std_return
4,90,3.499999999999999,318.69579470916716,86,-71.72986110325773,1767.3418350357765,205.0570957243705,362.25239546479133
