degree,window,bandwidth,avg_return,num_stocks,min_return,max_return,median_return,std_return
4,20,0.8999999999999999,207.20646956592154,86,-81.05551355862403,1337.0186728688163,123.241220245906,292.98592483799183
