degree,window,bandwidth,avg_return,num_stocks,min_return,max_return,median_return,std_return
9,90,2.0999999999999996,274.47970633033293,86,-81.07194622702826,2435.531299224499,138.72625588526057,427.6332254224453
