degree,window,bandwidth,avg_return,num_stocks,min_return,max_return,median_return,std_return
3,80,2.7999999999999994,351.4121085239481,86,-68.06480178437693,1835.1691123330954,227.26496985555502,405.54441111799315
