degree,window,bandwidth,avg_return,num_stocks,min_return,max_return,median_return,std_return
4,110,1.7999999999999998,367.85559895152005,86,-56.73862267420174,2352.2591451111034,272.61782479819294,431.5613876014486
