degree,window,bandwidth,avg_return,num_stocks,min_return,max_return,median_return,std_return
4,50,1.6999999999999997,546.7058375164183,86,-53.36456818251427,3596.611348753135,336.4727869069461,613.9304185970467
