degree,window,bandwidth,avg_return,num_stocks,min_return,max_return,median_return,std_return
7,50,1.4999999999999998,259.0612737933616,86,-89.35507431211146,1177.235074241345,205.81689312706408,259.45952486237945
