degree,window,bandwidth,avg_return,num_stocks,min_return,max_return,median_return,std_return
7,20,0.7999999999999999,704.4913283627553,86,-30.80052329318367,5903.614457167361,437.9796584444965,1001.9812397608872
