degree,window,bandwidth,avg_return,num_stocks,min_return,max_return,median_return,std_return
2,20,1.6999999999999997,470.6011228439642,86,-51.921107769612554,1654.7823174918772,345.5084857486397,395.1603201415971
