degree,window,bandwidth,avg_return,num_stocks,min_return,max_return,median_return,std_return
5,70,1.1999999999999997,565.2197207169822,86,-27.134194013582245,3509.318043162724,346.9806067390226,635.5259919893134
