degree,window,bandwidth,avg_return,num_stocks,min_return,max_return,median_return,std_return
3,40,0.7999999999999999,688.6991968190869,86,-48.729596227255996,7963.0837346163635,447.04346095965536,999.0564143486611
