degree,window,bandwidth,avg_return,num_stocks,min_return,max_return,median_return,std_return
4,60,1.4999999999999998,489.31436961449157,86,-46.85090892872703,2894.3190839454146,357.1386190614376,522.021601309123
