degree,window,bandwidth,avg_return,num_stocks,min_return,max_return,median_return,std_return
1,80,2.3,480.0475721610259,86,-81.39588007133457,7053.015349630118,305.5520212339625,795.1928099952393
