degree,window,bandwidth,avg_return,num_stocks,min_return,max_return,median_return,std_return
2,30,1.4,481.527762091558,86,-36.61127771542606,4821.197084602446,320.6991517788116,622.7377516819562
