degree,window,bandwidth,avg_return,num_stocks,min_return,max_return,median_return,std_return
2,80,3.6999999999999993,420.6052366591513,86,-69.86553007926035,2749.202119760531,252.46700118940495,495.22505924975167
