degree,window,bandwidth,avg_return,num_stocks,min_return,max_return,median_return,std_return
8,80,0.5,222.77197575167838,86,-81.31924224035473,1489.743221323724,162.56344923893374,271.1147151366763
