degree,window,bandwidth,avg_return,num_stocks,min_return,max_return,median_return,std_return
6,30,0.5,384.2633919542675,86,-83.798110381446,3755.1249059026445,184.21980844998882,660.7143989870347
