degree,window,bandwidth,avg_return,num_stocks,min_return,max_return,median_return,std_return
3,120,1.4999999999999998,372.606004079523,86,-30.14006771555666,3142.96647879164,211.08534754721137,466.1520549056996
