degree,window,bandwidth,avg_return,num_stocks,min_return,max_return,median_return,std_return
9,20,3.8999999999999995,550.6329131826424,86,-4.060299978472376,4174.728925745941,329.502826132688,699.9953583516941
