degree,window,bandwidth,avg_return,num_stocks,min_return,max_return,median_return,std_return
7,60,1.0999999999999999,235.58787270444276,86,-82.27363570120114,3821.6961794440267,144.67808388699734,427.62710212473354
