degree,window,bandwidth,avg_return,num_stocks,min_return,max_return,median_return,std_return
4,50,0.5,646.9230175153068,86,-35.011090436051205,5762.8787530222635,386.23146505468384,865.260377622564
