degree,window,bandwidth,avg_return,num_stocks,min_return,max_return,median_return,std_return
7,50,2.8999999999999995,296.77296723955885,86,-74.12552404476041,1760.8560645442726,229.2461679247732,335.49600861671036
