degree,window,bandwidth,avg_return,num_stocks,min_return,max_return,median_return,std_return
2,70,1.1999999999999997,367.704348802817,86,-70.93474214439081,3100.806731835408,209.03312182011706,503.33348287999826
