degree,window,bandwidth,avg_return,num_stocks,min_return,max_return,median_return,std_return
7,80,2.3,469.6527336707526,86,-61.183189756568304,14377.807654648961,212.1063121587693,1546.8842100879676
