degree,window,bandwidth,avg_return,num_stocks,min_return,max_return,median_return,std_return
4,110,2.0999999999999996,298.604951558759,86,-54.86552475585251,1736.006772972866,228.89561397995928,305.3291962997432
