degree,window,bandwidth,avg_return,num_stocks,min_return,max_return,median_return,std_return
3,80,2.1999999999999997,398.06294584533924,86,-60.24184547575507,3728.930231386657,250.7930071994682,515.4057000874152
