degree,window,bandwidth,avg_return,num_stocks,min_return,max_return,median_return,std_return
6,90,1.0999999999999999,570.8643715774194,86,-45.23776340139671,3838.0366962174976,356.66825994980684,681.9862236111475
