degree,window,bandwidth,avg_return,num_stocks,min_return,max_return,median_return,std_return
4,80,0.6,398.39586736494067,86,-77.69429087594823,3945.897445481344,230.55896424562815,592.8753145007984
