degree,window,bandwidth,avg_return,num_stocks,min_return,max_return,median_return,std_return
5,110,1.2999999999999998,329.7779117469489,86,-71.42996675998549,3148.8193712153643,220.96014183480787,432.5376806785865
