degree,window,bandwidth,avg_return,num_stocks,min_return,max_return,median_return,std_return
5,110,3.8999999999999995,282.0983567905408,86,-52.46663722661089,2101.2583122119436,189.52565470425037,329.68078384016155
