degree,window,bandwidth,avg_return,num_stocks,min_return,max_return,median_return,std_return
1,80,2.1999999999999997,480.62697638705015,86,-81.39588007133457,8069.518406416963,321.55928946294,892.8886924557946
