degree,window,bandwidth,avg_return,num_stocks,min_return,max_return,median_return,std_return
7,110,2.5999999999999996,468.14942519342213,86,-59.703342687008195,5074.171340973581,281.6286841846944,697.0736199661832
