degree,window,bandwidth,avg_return,num_stocks,min_return,max_return,median_return,std_return
8,60,3.7999999999999994,261.9584343148967,86,-77.72518314133242,1536.388833577387,205.3444100834373,290.5915324069834
