degree,window,bandwidth,avg_return,num_stocks,min_return,max_return,median_return,std_return
9,120,1.9999999999999996,377.78533184736375,86,-67.94776319588412,2654.526971256417,258.9159032855667,417.4961001965697
