degree,window,bandwidth,avg_return,num_stocks,min_return,max_return,median_return,std_return
5,30,3.3999999999999995,247.19310933238694,86,-79.6080645788943,1959.6213215509283,126.45697316002695,386.189441310166
