degree,window,bandwidth,avg_return,num_stocks,min_return,max_return,median_return,std_return
6,20,3.599999999999999,564.4811336973723,86,-56.953601877350934,4310.595152790245,374.69762723117054,646.3906843038753
