degree,window,bandwidth,avg_return,num_stocks,min_return,max_return,median_return,std_return
5,30,3.8999999999999995,339.0344999098992,86,-66.79466328669238,11604.562143942541,116.77802953562698,1248.313979611232
