degree,window,bandwidth,avg_return,num_stocks,min_return,max_return,median_return,std_return
7,100,3.999999999999999,401.40601190884627,86,-45.746424894497586,2316.3143377968954,237.56549362880452,434.83001316410986
