degree,window,bandwidth,avg_return,num_stocks,min_return,max_return,median_return,std_return
5,30,1.4,338.0742237243776,86,-77.98588721076479,2690.408002258751,242.74552597994045,420.9509272527968
