degree,window,bandwidth,avg_return,num_stocks,min_return,max_return,median_return,std_return
1,80,2.8999999999999995,528.4595503418207,86,-78.0097113068789,6553.509915471376,351.1027271335795,803.090199446793
