degree,window,bandwidth,avg_return,num_stocks,min_return,max_return,median_return,std_return
5,60,2.5999999999999996,404.52284774679975,86,-41.841734875495355,2576.7164431884707,299.7996092045747,437.17747295048315
