degree,window,bandwidth,avg_return,num_stocks,min_return,max_return,median_return,std_return
6,50,1.4999999999999998,290.02126183704775,86,-87.95692152506062,6728.692284226963,185.60078021730916,734.8196809834214
