degree,window,bandwidth,avg_return,num_stocks,min_return,max_return,median_return,std_return
6,30,3.6999999999999993,227.45613233551262,86,-73.76167695589487,988.7044580409467,190.8988514794389,232.23728782538896
