degree,window,bandwidth,avg_return,num_stocks,min_return,max_return,median_return,std_return
8,70,1.4999999999999998,214.98580445127223,86,-79.6285983228328,1432.1621946383289,175.99160076549148,205.22243546708432
