degree,window,bandwidth,avg_return,num_stocks,min_return,max_return,median_return,std_return
8,90,1.9999999999999996,264.30951544853116,86,-74.76382872014462,3469.9565456299665,153.75147199349666,499.243543219224
