degree,window,bandwidth,avg_return,num_stocks,min_return,max_return,median_return,std_return
3,60,3.1999999999999993,313.3299721728866,86,-86.39637777106114,2243.0388120233692,224.56659192179526,401.3457315700837
