degree,window,bandwidth,avg_return,num_stocks,min_return,max_return,median_return,std_return
5,80,3.2999999999999994,359.7460064978144,86,-49.695547873143305,4495.216439148819,252.0620818152361,548.4335908253047
