degree,window,bandwidth,avg_return,num_stocks,min_return,max_return,median_return,std_return
3,60,1.2999999999999998,349.73838729537493,86,-53.478378117028036,1969.927941244124,236.76537759419128,369.04358536949434
