degree,window,bandwidth,avg_return,num_stocks,min_return,max_return,median_return,std_return
8,100,2.4999999999999996,373.6223348313081,86,-34.297470317101634,2289.775679338368,215.69247213578538,440.6483477006518
