degree,window,bandwidth,avg_return,num_stocks,min_return,max_return,median_return,std_return
5,40,3.8999999999999995,370.84468179946134,86,-85.75700139297766,4014.9411646028684,189.61437166523945,551.7330002115929
