degree,window,bandwidth,avg_return,num_stocks,min_return,max_return,median_return,std_return
8,90,2.7999999999999994,287.18729733592056,86,-66.51419063972962,4265.077068296691,155.79877866863683,519.6275689361411
