degree,window,bandwidth,avg_return,num_stocks,min_return,max_return,median_return,std_return
7,120,2.3999999999999995,420.13931962792157,86,-42.57262173887773,3005.077189030887,294.64538472886727,473.14703271863993
