degree,window,bandwidth,avg_return,num_stocks,min_return,max_return,median_return,std_return
2,60,3.7999999999999994,387.9618239776478,86,-58.13650536150875,4401.956502902372,211.7930667858502,560.2793359784458
