degree,window,bandwidth,avg_return,num_stocks,min_return,max_return,median_return,std_return
3,110,2.8999999999999995,302.6620402580221,86,-69.63969921231971,1781.3218257528665,193.95745006294055,342.88190982165804
