degree,window,bandwidth,avg_return,num_stocks,min_return,max_return,median_return,std_return
5,70,2.0999999999999996,486.67566190607175,86,-50.93554329414578,2766.033191127225,405.37370037836354,478.6216143811997
