degree,window,bandwidth,avg_return,num_stocks,min_return,max_return,median_return,std_return
3,50,1.8999999999999997,360.89353457241197,86,-54.45775674379533,4014.1320552616726,246.92793887220927,555.1802895115375
