degree,window,bandwidth,avg_return,num_stocks,min_return,max_return,median_return,std_return
7,120,1.0999999999999999,543.4245975990427,86,-42.57694263227106,4792.891393808019,330.3543843800911,705.1522663608351
