degree,window,bandwidth,avg_return,num_stocks,min_return,max_return,median_return,std_return
3,80,2.5999999999999996,377.35026418241443,86,-69.63555114110392,2221.8757424376786,210.83414997369977,443.1371827272015
