degree,window,bandwidth,avg_return,num_stocks,min_return,max_return,median_return,std_return
1,80,2.9999999999999996,501.47995337890455,86,-78.0097113068789,3018.120297258241,378.52633989102185,567.7639850283485
