degree,window,bandwidth,avg_return,num_stocks,min_return,max_return,median_return,std_return
5,120,2.5999999999999996,331.6601207643953,86,-50.6910261521374,1787.8246775657324,212.66781342258457,380.75348056277977
