degree,window,bandwidth,avg_return,num_stocks,min_return,max_return,median_return,std_return
9,30,0.8999999999999999,693.8521241538091,86,-43.33636661106699,8444.017333675794,417.6216422192119,1068.2049950124851
