degree,window,bandwidth,avg_return,num_stocks,min_return,max_return,median_return,std_return
4,90,3.1999999999999993,385.8930263281036,86,-85.46456869229414,3313.3668074498155,256.32238863782345,503.33482246273957
