degree,window,bandwidth,avg_return,num_stocks,min_return,max_return,median_return,std_return
7,40,2.0999999999999996,287.1624218496782,86,-70.89445883380046,1836.616869682181,168.17942085506218,362.65675971991624
