degree,window,bandwidth,avg_return,num_stocks,min_return,max_return,median_return,std_return
6,90,1.8999999999999997,556.1670080123238,86,-44.17996044807543,4532.095006432902,370.9653106925247,674.473065402427
