degree,window,bandwidth,avg_return,num_stocks,min_return,max_return,median_return,std_return
6,110,1.2999999999999998,434.7995362564798,86,-59.53548621292582,4391.6599976106145,280.1553954030252,644.4378350528025
