degree,window,bandwidth,avg_return,num_stocks,min_return,max_return,median_return,std_return
9,20,2.0999999999999996,613.6754592581259,86,-6.170655452500378,5015.4691638653185,348.0904975152705,792.0972887919211
