degree,window,bandwidth,avg_return,num_stocks,min_return,max_return,median_return,std_return
2,100,2.0999999999999996,355.73584428753924,86,-77.9975271127077,1918.8882703816546,231.188259907604,378.7890259791317
