degree,window,bandwidth,avg_return,num_stocks,min_return,max_return,median_return,std_return
5,110,2.4999999999999996,319.9541697729767,86,-47.746316694553286,1527.9187028894544,223.56307901099703,316.03103814980756
