degree,window,bandwidth,avg_return,num_stocks,min_return,max_return,median_return,std_return
5,120,2.4999999999999996,306.34935362744733,86,-66.68112297759463,1574.8271298343536,197.03652476284924,331.19683430291457
