degree,window,bandwidth,avg_return,num_stocks,min_return,max_return,median_return,std_return
5,100,1.2999999999999998,379.93560823697175,86,-67.25664637782366,3918.3274088044745,242.7741268662467,525.1630181938434
