degree,window,bandwidth,avg_return,num_stocks,min_return,max_return,median_return,std_return
7,110,2.8999999999999995,416.21223541715557,86,-41.183391747609996,4111.695758660301,226.62883278504214,571.2651823881503
