degree,window,bandwidth,avg_return,num_stocks,min_return,max_return,median_return,std_return
3,80,3.7999999999999994,303.8883718796382,86,-67.38833704091338,1664.635580950808,182.74682128255097,341.0676782666261
