degree,window,bandwidth,avg_return,num_stocks,min_return,max_return,median_return,std_return
1,110,1.5999999999999996,423.5762651634936,86,-51.70054606241169,3438.1551737996992,328.13998877884717,450.3420483786912
