degree,window,bandwidth,avg_return,num_stocks,min_return,max_return,median_return,std_return
1,30,2.9999999999999996,487.1480502442585,86,-57.852694951574335,4121.464438957099,303.94914501311905,628.5310062277057
