degree,window,bandwidth,avg_return,num_stocks,min_return,max_return,median_return,std_return
1,60,1.4999999999999998,432.1132373137692,86,-72.06150795299368,2525.541300520316,285.9787591611306,436.633512286143
