degree,window,bandwidth,avg_return,num_stocks,min_return,max_return,median_return,std_return
3,110,3.0999999999999996,298.7059595380002,86,-51.59741439142523,1889.5317647394268,206.28023846861126,328.27001393984597
