degree,window,bandwidth,avg_return,num_stocks,min_return,max_return,median_return,std_return
9,70,3.999999999999999,245.0818751326371,86,-52.46871973752889,1187.0947706552706,171.45426546420816,260.33524115653455
