degree,window,bandwidth,avg_return,num_stocks,min_return,max_return,median_return,std_return
7,70,2.3,280.47196286125364,86,-70.61532630551372,3792.669070031487,162.62896901687589,471.573092890456
