degree,window,bandwidth,avg_return,num_stocks,min_return,max_return,median_return,std_return
5,110,3.0999999999999996,315.50852250817496,86,-79.39258043732374,2364.7926306302675,219.77281237039617,381.1246555034488
