degree,window,bandwidth,avg_return,num_stocks,min_return,max_return,median_return,std_return
9,40,0.7999999999999999,466.25767890896657,86,-47.72134291814508,2132.1773085455284,313.3216655829293,465.12860337693377
