degree,window,bandwidth,avg_return,num_stocks,min_return,max_return,median_return,std_return
7,120,1.2999999999999998,551.9348614700934,86,-52.33110837281105,5500.10499592883,311.9476231000991,781.9578046734199
