degree,window,bandwidth,avg_return,num_stocks,min_return,max_return,median_return,std_return
6,120,3.0999999999999996,382.34616620503135,86,-87.52643951248118,3342.691023011423,208.09718900402768,572.3478663365339
