degree,window,bandwidth,avg_return,num_stocks,min_return,max_return,median_return,std_return
7,90,3.999999999999999,457.71872997318354,86,-85.2639714703055,2848.1771162596833,219.1911919678471,540.4693826394529
