degree,window,bandwidth,avg_return,num_stocks,min_return,max_return,median_return,std_return
4,100,3.3999999999999995,294.2227341920181,86,-81.262313157821,1453.590328839,206.63689564351404,318.69380954811515
