degree,window,bandwidth,avg_return,num_stocks,min_return,max_return,median_return,std_return
2,60,0.8999999999999999,375.9620776156899,86,-61.952313434928655,2391.6861198055626,233.8268621755953,463.02876672846764
