degree,window,bandwidth,avg_return,num_stocks,min_return,max_return,median_return,std_return
6,70,3.999999999999999,380.64205519007106,86,-49.94943871740081,1848.811012751501,234.33143468993148,390.8462981164944
