degree,window,bandwidth,avg_return,num_stocks,min_return,max_return,median_return,std_return
1,40,3.2999999999999994,493.4797326008733,86,-55.68067136620321,7514.289489153056,275.97572846657783,866.8170832149564
