degree,window,bandwidth,avg_return,num_stocks,min_return,max_return,median_return,std_return
9,110,2.1999999999999997,254.62478462589405,86,-56.680402382935014,1718.2511528458374,173.85759667318683,275.4838147701465
