degree,window,bandwidth,avg_return,num_stocks,min_return,max_return,median_return,std_return
3,50,2.4999999999999996,330.2267860760622,86,-65.98702097530246,2789.7586980384367,232.3830024408927,405.03345242809866
