degree,window,bandwidth,avg_return,num_stocks,min_return,max_return,median_return,std_return
5,80,0.8999999999999999,587.0356445216128,86,-32.34481945125107,8323.16681743674,340.50430482824925,1011.3185797058669
