degree,window,bandwidth,avg_return,num_stocks,min_return,max_return,median_return,std_return
6,120,1.4999999999999998,452.7866164468356,86,-61.719302178661984,5201.451732326247,296.1424252820134,722.8434689970247
