degree,window,bandwidth,avg_return,num_stocks,min_return,max_return,median_return,std_return
6,40,3.6999999999999993,232.4838332126039,86,-91.6207681445361,911.3244779544664,195.37782741903703,227.76888071097855
