degree,window,bandwidth,avg_return,num_stocks,min_return,max_return,median_return,std_return
1,110,0.9999999999999999,391.4928204234741,86,-46.719080883140656,3024.154916162452,276.68026389007593,479.52233445843876
