degree,window,bandwidth,avg_return,num_stocks,min_return,max_return,median_return,std_return
6,120,2.5999999999999996,379.10927781301297,86,-57.968406765656674,4762.929642773443,250.3346659788691,627.6726206151403
