degree,window,bandwidth,avg_return,num_stocks,min_return,max_return,median_return,std_return
3,70,0.9999999999999999,321.2215390283727,86,-44.25188362270239,2609.8731900262255,244.3605096361322,403.5478138977879
