degree,window,bandwidth,avg_return,num_stocks,min_return,max_return,median_return,std_return
2,100,2.3,344.43272551901447,86,-80.79061035181276,1987.2630283897442,218.64814034455833,397.2258677328551
