degree,window,bandwidth,avg_return,num_stocks,min_return,max_return,median_return,std_return
4,20,1.1999999999999997,217.5915998610351,86,-79.87283698052181,2785.3266897131007,101.95239550632391,375.83120704066727
