degree,window,bandwidth,avg_return,num_stocks,min_return,max_return,median_return,std_return
6,40,3.599999999999999,228.0077442763874,86,-89.28770852408861,1094.1498207091965,166.1923810565148,240.4868125844165
