degree,window,bandwidth,avg_return,num_stocks,min_return,max_return,median_return,std_return
6,60,2.3,311.53269376405103,86,-46.94427261591637,2512.541331004,204.88254495754808,397.4164385800889
