degree,window,bandwidth,avg_return,num_stocks,min_return,max_return,median_return,std_return
8,120,0.8999999999999999,417.1426109437813,86,-41.48531578970028,2201.932829427888,250.32880101161913,465.132780082247
