degree,window,bandwidth,avg_return,num_stocks,min_return,max_return,median_return,std_return
8,50,1.4999999999999998,380.06928395516627,86,-74.78200351831813,3534.1946825016394,172.89338734426866,634.5530272658597
