degree,window,bandwidth,avg_return,num_stocks,min_return,max_return,median_return,std_return
3,80,1.2999999999999998,345.7741532699836,86,-45.52816025762293,4020.5195595030896,255.04782188020977,502.76369599889495
