degree,window,bandwidth,avg_return,num_stocks,min_return,max_return,median_return,std_return
7,90,1.8999999999999997,408.62941977722033,86,-41.41165931611824,2590.221053272731,252.6674322353033,457.3272903733422
