degree,window,bandwidth,avg_return,num_stocks,min_return,max_return,median_return,std_return
1,20,3.7999999999999994,519.5101770374835,86,-20.68979436545089,2375.3717233053612,304.23123246114875,564.5474731921105
