degree,window,bandwidth,avg_return,num_stocks,min_return,max_return,median_return,std_return
7,40,1.4999999999999998,285.63767000504765,86,-75.38587610802993,1653.241426648232,173.06641561279477,342.8118836360485
