degree,window,bandwidth,avg_return,num_stocks,min_return,max_return,median_return,std_return
7,20,0.7,710.5820364456957,86,-28.251245008501634,7084.665114010066,422.0644264300171,1076.9653465485842
