degree,window,bandwidth,avg_return,num_stocks,min_return,max_return,median_return,std_return
5,20,1.0999999999999999,294.657318586922,86,-57.78020976635477,2718.9232953843525,170.27578378378598,421.0605430860304
