degree,window,bandwidth,avg_return,num_stocks,min_return,max_return,median_return,std_return
3,110,2.3999999999999995,364.6276164786199,86,-36.73972781547186,2515.9376367892455,207.90315500923157,471.7574693339394
