degree,window,bandwidth,avg_return,num_stocks,min_return,max_return,median_return,std_return
3,30,3.0999999999999996,500.0984259309398,86,-35.09937594420271,4279.382774540278,295.18543514339206,679.3501284791284
