degree,window,bandwidth,avg_return,num_stocks,min_return,max_return,median_return,std_return
5,60,2.4999999999999996,395.279520277781,86,-45.67397237567383,2436.5120104126972,276.88546941379485,428.17142565672816
