degree,window,bandwidth,avg_return,num_stocks,min_return,max_return,median_return,std_return
7,70,3.6999999999999993,337.1914601153065,86,-76.04064929380908,4952.543521259509,193.96176201889767,586.6723687403893
