degree,window,bandwidth,avg_return,num_stocks,min_return,max_return,median_return,std_return
4,30,2.6999999999999993,307.9056494214034,86,-80.56058231773375,3217.483433820774,215.48984444225124,456.78281311442595
