degree,window,bandwidth,avg_return,num_stocks,min_return,max_return,median_return,std_return
3,20,3.8999999999999995,435.7047174290695,86,-60.58322263488056,5537.055139886841,307.8941726033614,689.5716715437546
