degree,window,bandwidth,avg_return,num_stocks,min_return,max_return,median_return,std_return
6,30,2.6999999999999993,261.0738345041953,86,-76.8336147903435,1230.2849975086722,187.99815928369864,274.22967231080787
