degree,window,bandwidth,avg_return,num_stocks,min_return,max_return,median_return,std_return
1,110,1.4999999999999998,440.70282490566996,86,-52.44405347499309,3543.8834465685104,328.958955892915,481.37108219753674
