degree,window,bandwidth,avg_return,num_stocks,min_return,max_return,median_return,std_return
9,30,2.7999999999999994,760.4682653005119,86,-38.02146047006353,8050.362024797671,468.5181865863428,1186.2902518452247
