degree,window,bandwidth,avg_return,num_stocks,min_return,max_return,median_return,std_return
8,70,1.5999999999999996,210.62479004613525,86,-82.40828705115808,1204.115346895121,176.1895326451018,190.46067299158966
