degree,window,bandwidth,avg_return,num_stocks,min_return,max_return,median_return,std_return
7,100,2.7999999999999994,442.0362446181818,86,-42.16734603873829,2798.5259896278026,283.2719502011114,512.1446586285354
