degree,window,bandwidth,avg_return,num_stocks,min_return,max_return,median_return,std_return
6,30,1.4,291.80595438613875,86,-74.89776597650066,2740.9816543182365,147.71443120092982,445.33477528508337
