degree,window,bandwidth,avg_return,num_stocks,min_return,max_return,median_return,std_return
8,40,3.8999999999999995,257.92983411304414,86,-85.32082484789365,1526.9631976188923,169.87532804726737,323.01187034484747
