degree,window,bandwidth,avg_return,num_stocks,min_return,max_return,median_return,std_return
9,60,1.7999999999999998,331.3338762144891,86,-86.64202676716162,4470.773306521997,165.19483895297193,568.157055279291
