degree,window,bandwidth,avg_return,num_stocks,min_return,max_return,median_return,std_return
9,100,0.8999999999999999,244.56406494527127,86,-88.76985041388355,2243.573049682013,170.47956275511876,327.51316536659607
