degree,window,bandwidth,avg_return,num_stocks,min_return,max_return,median_return,std_return
4,100,2.4999999999999996,380.23574863117284,86,-56.470505383354066,1963.092351389576,225.59001088915167,447.4127384342409
