degree,window,bandwidth,avg_return,num_stocks,min_return,max_return,median_return,std_return
3,50,3.8999999999999995,223.3884226795734,86,-85.32231908210524,1180.4978428190198,151.24355397819176,226.38686079140106
