degree,window,bandwidth,avg_return,num_stocks,min_return,max_return,median_return,std_return
4,80,2.1999999999999997,316.08357665420755,86,-57.470830049457874,2278.374195108047,211.9551405662906,360.29052455588635
