degree,window,bandwidth,avg_return,num_stocks,min_return,max_return,median_return,std_return
1,70,3.599999999999999,492.940652916267,86,-49.55052121553792,2979.8838093137288,412.28990061509387,514.1817512832489
