degree,window,bandwidth,avg_return,num_stocks,min_return,max_return,median_return,std_return
6,20,1.2999999999999998,792.0169595358201,86,-59.23952705305493,6047.332453747681,429.75538607331544,1102.8012929586207
