degree,window,bandwidth,avg_return,num_stocks,min_return,max_return,median_return,std_return
5,100,1.8999999999999997,316.09717712761375,86,-67.56365472842087,1952.468403950334,242.10245347259473,347.8374809937679
