degree,window,bandwidth,avg_return,num_stocks,min_return,max_return,median_return,std_return
7,70,1.1999999999999997,260.04588556639175,86,-83.94448877234957,3700.502232610338,149.93848690503418,452.2495277302163
