degree,window,bandwidth,avg_return,num_stocks,min_return,max_return,median_return,std_return
8,120,0.7,434.1417010753338,86,-37.54855192904118,2894.2009680579417,290.54346726910074,495.8754131705732
