degree,window,bandwidth,avg_return,num_stocks,min_return,max_return,median_return,std_return
4,90,0.7,315.84361763121944,86,-65.37509170162265,1742.253155598512,224.75480970105093,331.7611841249739
