degree,window,bandwidth,avg_return,num_stocks,min_return,max_return,median_return,std_return
4,120,3.999999999999999,205.98072271013666,86,-84.6982896683568,1237.7803740113118,164.01100245465767,209.29705400692006
