degree,window,bandwidth,avg_return,num_stocks,min_return,max_return,median_return,std_return
2,50,1.9999999999999996,381.96769275251046,86,-53.45416307948672,2027.8397016052622,252.89579181016177,423.86198772380965
