degree,window,bandwidth,avg_return,num_stocks,min_return,max_return,median_return,std_return
5,40,1.8999999999999997,291.0946166347384,86,-59.89732680167429,6689.934754832668,178.175992376902,725.713995600509
