degree,window,bandwidth,avg_return,num_stocks,min_return,max_return,median_return,std_return
2,90,3.8999999999999995,407.91092961832436,86,-66.29803649161776,3640.050081194822,226.58163362923364,527.5153378425742
