degree,window,bandwidth,avg_return,num_stocks,min_return,max_return,median_return,std_return
3,100,3.8999999999999995,292.29641839790713,86,-65.24623823844811,2202.3798254427998,188.1250971913093,356.20302279138133
