degree,window,bandwidth,avg_return,num_stocks,min_return,max_return,median_return,std_return
5,80,3.0999999999999996,410.32759198475725,86,-28.8857371638368,9069.461727643202,231.92418930016703,991.14121451007
