degree,window,bandwidth,avg_return,num_stocks,min_return,max_return,median_return,std_return
4,80,3.8999999999999995,254.27132521116195,86,-70.21440296050555,1567.1090967646799,158.4233384373727,288.8246567334273
