degree,window,bandwidth,avg_return,num_stocks,min_return,max_return,median_return,std_return
8,80,1.6999999999999997,233.60391812137954,86,-82.56664893891457,1543.1493969576998,165.9796858017926,284.23486488344344
