degree,window,bandwidth,avg_return,num_stocks,min_return,max_return,median_return,std_return
5,30,2.0999999999999996,288.03249641836067,86,-60.29711643135488,1078.4862019705636,241.00173284811598,266.73097129538604
