degree,window,bandwidth,avg_return,num_stocks,min_return,max_return,median_return,std_return
1,120,0.5,406.02368239728423,86,-46.22685116096938,3158.0867081006254,254.49952611210006,466.65327875476845
