degree,window,bandwidth,avg_return,num_stocks,min_return,max_return,median_return,std_return
9,50,3.7999999999999994,320.7603384551561,86,-69.05819270514728,5652.477734003229,184.2592449481163,654.1645063916603
