degree,window,bandwidth,avg_return,num_stocks,min_return,max_return,median_return,std_return
3,20,2.4999999999999996,336.54071816551,86,-75.1894169931263,2496.7980228620186,259.6592885915286,359.07221048580135
