degree,window,bandwidth,avg_return,num_stocks,min_return,max_return,median_return,std_return
7,110,2.1999999999999997,431.254364301586,86,-45.433814266135684,2508.8626068895196,313.19972368781816,453.0191271201994
