degree,window,bandwidth,avg_return,num_stocks,min_return,max_return,median_return,std_return
8,80,1.2999999999999998,209.54530262212828,86,-84.13705915529086,1232.8384670996145,152.097858159378,242.5650606111224
