degree,window,bandwidth,avg_return,num_stocks,min_return,max_return,median_return,std_return
1,100,0.7999999999999999,413.9189450809842,86,-39.20520180397289,4146.156696051144,254.0988023923349,555.9733229955127
