degree,window,bandwidth,avg_return,num_stocks,min_return,max_return,median_return,std_return
9,30,1.1999999999999997,695.6570943542876,86,-31.64111026902668,10463.04346478083,445.6747217532535,1227.1697790886276
