degree,window,bandwidth,avg_return,num_stocks,min_return,max_return,median_return,std_return
2,70,0.7,367.0960847813194,86,-67.73343406624083,2466.209894755231,207.38484277370057,425.05547786404816
