degree,window,bandwidth,avg_return,num_stocks,min_return,max_return,median_return,std_return
7,100,3.3999999999999995,427.33577776573867,86,-77.91278562078543,2790.404273465337,265.1567602452784,500.70500032951753
