degree,window,bandwidth,avg_return,num_stocks,min_return,max_return,median_return,std_return
4,70,0.5,565.5677898441327,86,-43.35324880751145,8664.56606771639,325.9856227979192,1049.8172006804286
