degree,window,bandwidth,avg_return,num_stocks,min_return,max_return,median_return,std_return
2,70,2.4999999999999996,413.84001263842845,86,-59.04714605573829,3823.813986458064,219.0352859527936,598.9246214694681
