degree,window,bandwidth,avg_return,num_stocks,min_return,max_return,median_return,std_return
6,80,1.4,469.79258848178944,86,-39.5958003394108,4112.4145989840745,283.6435397436656,667.3998170911635
