degree,window,bandwidth,avg_return,num_stocks,min_return,max_return,median_return,std_return
5,70,3.6999999999999993,384.9962083003829,86,-59.51339163121422,2878.242965628801,220.73558671091536,535.0632032235428
