degree,window,bandwidth,avg_return,num_stocks,min_return,max_return,median_return,std_return
3,50,1.5999999999999996,393.7007180000532,86,-63.05024334562203,4525.65205357063,235.6349427436914,619.5791529760806
