degree,window,bandwidth,avg_return,num_stocks,min_return,max_return,median_return,std_return
8,100,3.3999999999999995,369.3606712765568,86,-54.486523810649466,3658.644709601462,254.15810021874472,507.99217963257996
