degree,window,bandwidth,avg_return,num_stocks,min_return,max_return,median_return,std_return
7,80,2.8999999999999995,332.00150896725677,86,-72.06833971427776,3757.5098407773767,220.1023977107917,486.25066305765546
