degree,window,bandwidth,avg_return,num_stocks,min_return,max_return,median_return,std_return
5,80,3.499999999999999,331.0164102534137,86,-40.8651541058371,3374.761656157969,232.34565136649502,431.0382437022141
