degree,window,bandwidth,avg_return,num_stocks,min_return,max_return,median_return,std_return
2,90,1.8999999999999997,410.11377443236773,86,-65.82241774895869,1958.8208285195226,257.5187103840638,449.0104538625092
