degree,window,bandwidth,avg_return,num_stocks,min_return,max_return,median_return,std_return
6,20,2.1999999999999997,709.9551173480197,86,-57.37884432046566,6389.837399980894,419.69459980173815,1007.7489135968201
