degree,window,bandwidth,avg_return,num_stocks,min_return,max_return,median_return,std_return
1,90,2.7999999999999994,478.87751447015245,86,-78.62410760017599,2446.2324263918927,370.1969371002526,451.137934411254
