degree,window,bandwidth,avg_return,num_stocks,min_return,max_return,median_return,std_return
4,60,1.4,482.9235686167388,86,-50.4583386108853,2624.2641397978746,370.86922728944603,493.1627286510739
