degree,window,bandwidth,avg_return,num_stocks,min_return,max_return,median_return,std_return
6,30,3.8999999999999995,234.96328093859302,86,-75.79767755981332,918.6395737648352,189.37320314673917,229.41760337008412
