degree,window,bandwidth,avg_return,num_stocks,min_return,max_return,median_return,std_return
6,100,2.5999999999999996,481.07097746137737,86,-45.4788389323878,5141.0342329554815,274.7133592380187,732.742585833746
