degree,window,bandwidth,avg_return,num_stocks,min_return,max_return,median_return,std_return
5,90,3.1999999999999993,315.1643087485899,86,-66.81315730963708,1776.9078356592697,237.94507783987038,341.13540893706664
