degree,window,bandwidth,avg_return,num_stocks,min_return,max_return,median_return,std_return
5,30,0.8999999999999999,340.90120512751247,86,-58.49174646754718,2020.1751919995872,199.84782063847928,441.95623572796114
