degree,window,bandwidth,avg_return,num_stocks,min_return,max_return,median_return,std_return
9,50,2.4999999999999996,305.75903072740823,86,-86.62489570243862,3830.045742176349,188.36683483052903,503.7736762994216
