degree,window,bandwidth,avg_return,num_stocks,min_return,max_return,median_return,std_return
9,120,1.6999999999999997,362.01422111323615,86,-43.04741103089687,1538.519640312644,262.8303593093618,351.19185731410045
