degree,window,bandwidth,avg_return,num_stocks,min_return,max_return,median_return,std_return
5,40,0.9999999999999999,283.62983074621735,86,-84.0958860365063,3627.147264936977,200.5738471142227,473.85739279080565
