degree,window,bandwidth,avg_return,num_stocks,min_return,max_return,median_return,std_return
7,100,0.8999999999999999,489.13810570156284,86,-37.874176980254276,3072.286101066799,299.619200634222,526.2521145247355
