degree,window,bandwidth,avg_return,num_stocks,min_return,max_return,median_return,std_return
5,110,3.599999999999999,375.93183007629995,86,-63.21662881504157,6603.962470672293,212.80419325047512,757.8610163804981
