degree,window,bandwidth,avg_return,num_stocks,min_return,max_return,median_return,std_return
3,110,3.599999999999999,330.20304105214666,86,-52.16042061693218,5709.888956763254,213.1587711332172,658.3159663667501
