degree,window,bandwidth,avg_return,num_stocks,min_return,max_return,median_return,std_return
2,30,0.5,579.8963808873859,86,-64.27057930889265,4129.441859084204,370.54022820354265,680.2478577116455
