degree,window,bandwidth,avg_return,num_stocks,min_return,max_return,median_return,std_return
2,50,2.7999999999999994,326.3013313982512,86,-79.57780677464477,1490.3962825549704,227.399730579371,342.95359927126566
