degree,window,bandwidth,avg_return,num_stocks,min_return,max_return,median_return,std_return
2,50,3.7999999999999994,348.47931058944414,86,-59.476049949142585,1861.2190278193775,190.4288692549016,419.39180879131254
