degree,window,bandwidth,avg_return,num_stocks,min_return,max_return,median_return,std_return
9,60,3.599999999999999,349.93125892419255,86,-54.33356184438952,7212.205021256224,175.20683387032236,794.8705651107306
