degree,window,bandwidth,avg_return,num_stocks,min_return,max_return,median_return,std_return
7,30,0.8999999999999999,325.2541059531982,86,-57.16962955412011,2298.286396670221,238.9956107804231,344.6115710743163
