degree,window,bandwidth,avg_return,num_stocks,min_return,max_return,median_return,std_return
1,30,2.6999999999999993,471.3673107440118,86,-70.87740377440835,4354.982399812329,305.8473481564017,630.1228223507305
