degree,window,bandwidth,avg_return,num_stocks,min_return,max_return,median_return,std_return
7,70,2.5999999999999996,269.6603310602604,86,-74.5987787729747,2822.952552006787,147.29028095922564,394.99527567420427
