degree,window,bandwidth,avg_return,num_stocks,min_return,max_return,median_return,std_return
7,90,2.9999999999999996,410.77995263149137,86,-28.1335026817149,2383.9701726684366,273.1845060659555,442.76710498545805
