degree,window,bandwidth,avg_return,num_stocks,min_return,max_return,median_return,std_return
4,30,3.3999999999999995,372.9665911518747,86,-74.15968486844018,3571.740071471867,236.255336824254,483.1626679905469
