degree,window,bandwidth,avg_return,num_stocks,min_return,max_return,median_return,std_return
8,100,0.5,300.0126946929138,86,-63.00996037114144,4736.258425010385,178.99640944326254,536.2784869023989
