degree,window,bandwidth,avg_return,num_stocks,min_return,max_return,median_return,std_return
3,50,2.0999999999999996,366.6478682470242,86,-39.41029787932325,3924.4519920125085,235.31302106914438,575.7878911482037
