degree,window,bandwidth,avg_return,num_stocks,min_return,max_return,median_return,std_return
7,110,3.0999999999999996,367.9909656432417,86,-53.969963840483295,2395.826094734274,250.2134023101596,462.5772929900124
