degree,window,bandwidth,avg_return,num_stocks,min_return,max_return,median_return,std_return
6,60,3.3999999999999995,387.4560798454714,86,-60.43293591114781,3485.7933845538832,252.64479420566244,523.3412773614141
