degree,window,bandwidth,avg_return,num_stocks,min_return,max_return,median_return,std_return
6,30,1.4999999999999998,286.11543386658417,86,-70.6292593284505,2265.492188223908,139.99602477274829,413.609564231853
