degree,window,bandwidth,avg_return,num_stocks,min_return,max_return,median_return,std_return
3,90,1.0999999999999999,349.88437236576453,86,-67.59312008818249,2644.2287311303735,249.39238604484126,404.5701325038469
