degree,window,bandwidth,avg_return,num_stocks,min_return,max_return,median_return,std_return
8,100,3.6999999999999993,365.28124900812423,86,-58.34464518091133,2894.292774133265,220.71999553463183,453.82344630264436
