degree,window,bandwidth,avg_return,num_stocks,min_return,max_return,median_return,std_return
6,50,3.2999999999999994,298.1775348947645,86,-68.9255260779823,7948.93273649388,176.78778575314388,853.4075104382187
