degree,window,bandwidth,avg_return,num_stocks,min_return,max_return,median_return,std_return
4,40,3.999999999999999,383.15026117250005,86,-65.49793713298556,5093.163870406481,211.44528776535108,657.1697122491759
