degree,window,bandwidth,avg_return,num_stocks,min_return,max_return,median_return,std_return
8,70,1.7999999999999998,195.87497497178765,86,-85.92872787240961,907.7990577103208,189.47072196834705,174.79485058758263
