degree,window,bandwidth,avg_return,num_stocks,min_return,max_return,median_return,std_return
4,30,1.4,253.72221410858376,86,-78.00532183039887,1720.590377679164,183.38689342201644,310.6395203607991
