degree,window,bandwidth,avg_return,num_stocks,min_return,max_return,median_return,std_return
9,20,2.4999999999999996,616.7452613488331,86,-7.115403776049297,6297.717073524068,325.62464904374826,908.240729169716
