degree,window,bandwidth,avg_return,num_stocks,min_return,max_return,median_return,std_return
3,50,3.2999999999999994,241.74887437241367,86,-74.30693178238229,1394.8290061508517,170.87471536484807,259.20090599487986
