degree,window,bandwidth,avg_return,num_stocks,min_return,max_return,median_return,std_return
9,100,1.9999999999999996,209.33832766052245,86,-74.72175051379739,1348.9393522280336,143.01302317885683,258.22857497274333
