degree,window,bandwidth,avg_return,num_stocks,min_return,max_return,median_return,std_return
5,50,3.3999999999999995,404.60085245209535,86,-45.37795481836853,4781.203770091524,261.6176003172941,624.960053305405
