degree,window,bandwidth,avg_return,num_stocks,min_return,max_return,median_return,std_return
9,120,1.4,325.23229583667063,86,-56.17159242704921,1502.0159357994605,198.5213783013299,326.4529890410338
