degree,window,bandwidth,avg_return,num_stocks,min_return,max_return,median_return,std_return
3,100,2.6999999999999993,285.0664650310038,86,-70.51951208085032,1900.2809850173605,176.45414500831316,358.77175036195507
