degree,window,bandwidth,avg_return,num_stocks,min_return,max_return,median_return,std_return
2,40,2.6999999999999993,346.0513111299015,86,-55.89609488286399,3778.211839718405,193.11186563858433,512.7679730591617
