degree,window,bandwidth,avg_return,num_stocks,min_return,max_return,median_return,std_return
4,100,3.1999999999999993,361.92190599161927,86,-74.25223380263971,2003.9681174450157,245.1834502285326,389.2723206796896
