degree,window,bandwidth,avg_return,num_stocks,min_return,max_return,median_return,std_return
3,100,3.7999999999999994,302.34609015826663,86,-56.452080533003404,2032.7684284215352,185.64681671312462,375.3966250065616
