degree,window,bandwidth,avg_return,num_stocks,min_return,max_return,median_return,std_return
7,80,3.499999999999999,375.43581979511043,86,-56.781803243120834,3417.952426719854,234.65470016756802,476.4673850000226
