degree,window,bandwidth,avg_return,num_stocks,min_return,max_return,median_return,std_return
6,100,1.2999999999999998,463.45181293796463,86,-44.050848940124425,5732.703893834707,284.7766475663359,706.6754739321622
