degree,window,bandwidth,avg_return,num_stocks,min_return,max_return,median_return,std_return
5,110,2.1999999999999997,316.5380242692274,86,-74.33971678027676,1683.2056671796643,193.09637228000292,332.7630691515089
