degree,window,bandwidth,avg_return,num_stocks,min_return,max_return,median_return,std_return
1,90,0.9999999999999999,395.83365140756206,86,-44.083139068041746,3213.82151051263,241.24397408487448,491.85143830278304
