degree,window,bandwidth,avg_return,num_stocks,min_return,max_return,median_return,std_return
2,30,2.3999999999999995,377.3002823991743,86,-72.413539343289,4194.59782794541,236.4139660969605,546.4200917062284
