degree,window,bandwidth,avg_return,num_stocks,min_return,max_return,median_return,std_return
3,60,3.6999999999999993,250.43644739033266,86,-81.9353353918719,1479.6200461743651,188.38786138449558,262.15578023232223
