degree,window,bandwidth,avg_return,num_stocks,min_return,max_return,median_return,std_return
9,50,0.8999999999999999,317.40219069882164,86,-69.4232742247495,2608.9845938594476,210.37539853542208,430.67755575109925
