degree,window,bandwidth,avg_return,num_stocks,min_return,max_return,median_return,std_return
8,110,1.6999999999999997,473.69122491835145,86,-16.178332773278854,2925.121469182837,280.5081333826503,531.0391053801505
