degree,window,bandwidth,avg_return,num_stocks,min_return,max_return,median_return,std_return
6,20,0.7999999999999999,787.4761803841309,86,-66.14683933057638,5743.552630000474,444.19031246890916,1048.6047105180826
