degree,window,bandwidth,avg_return,num_stocks,min_return,max_return,median_return,std_return
7,80,2.5999999999999996,384.10329887986967,86,-69.23948358510559,7254.591004870316,250.21956947699653,808.0267320948467
