degree,window,bandwidth,avg_return,num_stocks,min_return,max_return,median_return,std_return
6,50,2.5999999999999996,244.04013441250842,86,-67.60159596381347,2806.967341907691,149.14846216515065,358.980858115451
