degree,window,bandwidth,avg_return,num_stocks,min_return,max_return,median_return,std_return
2,90,0.9999999999999999,362.87400413557685,86,-53.618624012631166,3473.6489887472067,214.26545045903626,498.7243429756987
