degree,window,bandwidth,avg_return,num_stocks,min_return,max_return,median_return,std_return
3,50,3.0999999999999996,293.9948593923387,86,-72.48478856653199,1282.7765936251164,211.76562473054108,302.14801690248646
