degree,window,bandwidth,avg_return,num_stocks,min_return,max_return,median_return,std_return
6,60,2.0999999999999996,296.82937650761454,86,-58.01719857006182,2887.926672218783,202.4887039286052,393.7510170732835
