degree,window,bandwidth,avg_return,num_stocks,min_return,max_return,median_return,std_return
8,60,2.0999999999999996,330.46188419918406,86,-67.3249666999054,1996.7061240030368,223.91627081736135,371.74038960648943
