degree,window,bandwidth,avg_return,num_stocks,min_return,max_return,median_return,std_return
7,110,0.9999999999999999,468.60722688621445,86,-21.315209687017834,2098.9117066697663,253.6018330074616,508.29818837365474
