degree,window,bandwidth,avg_return,num_stocks,min_return,max_return,median_return,std_return
2,90,3.7999999999999994,365.55054556888155,86,-58.16311720558244,2861.879292441731,227.1637419064747,407.10615514199725
