degree,window,bandwidth,avg_return,num_stocks,min_return,max_return,median_return,std_return
6,30,2.8999999999999995,261.801949542664,86,-75.22751553382278,1526.2412729615535,170.80846124697126,309.7703539480102
