degree,window,bandwidth,avg_return,num_stocks,min_return,max_return,median_return,std_return
3,50,1.2999999999999998,380.471880792753,86,-48.34456953110927,2628.249364266387,274.97821090568436,454.0244965008924
