degree,window,bandwidth,avg_return,num_stocks,min_return,max_return,median_return,std_return
9,110,0.7999999999999999,229.61974467836265,86,-80.83785116281524,2490.2661876178554,143.00869462301728,336.65400905951316
