degree,window,bandwidth,avg_return,num_stocks,min_return,max_return,median_return,std_return
1,80,1.9999999999999996,461.0417465128038,86,-64.68314231242502,8112.281245096496,292.74537433494254,904.1191132022681
