degree,window,bandwidth,avg_return,num_stocks,min_return,max_return,median_return,std_return
5,20,0.5,386.2176787570485,86,-46.83381573840588,3307.845823012389,236.79043785070303,540.6512636299539
