degree,window,bandwidth,avg_return,num_stocks,min_return,max_return,median_return,std_return
4,60,3.0999999999999996,389.66883228239817,86,-62.690561687462576,2337.7047711727187,222.91638888746905,437.9125427956813
