degree,window,bandwidth,avg_return,num_stocks,min_return,max_return,median_return,std_return
1,30,0.5,385.767259720752,86,-63.20379092466412,1745.7167519564425,200.7775686269181,431.2046141714292
