degree,window,bandwidth,avg_return,num_stocks,min_return,max_return,median_return,std_return
2,60,2.6999999999999993,371.70834148702494,86,-69.84758855592011,2366.0913097546936,220.7322438730057,441.7890876148136
