degree,window,bandwidth,avg_return,num_stocks,min_return,max_return,median_return,std_return
1,50,2.9999999999999996,455.47388031805224,86,-72.26637430747374,2544.9475211463787,356.8647045753328,476.166196156878
