degree,window,bandwidth,avg_return,num_stocks,min_return,max_return,median_return,std_return
3,30,1.6999999999999997,433.8213703296686,86,-48.2148289470265,2439.492307347327,313.22113139967087,436.0662772400018
