degree,window,bandwidth,avg_return,num_stocks,min_return,max_return,median_return,std_return
3,70,0.5,343.6150031662452,86,-51.13445733321469,3467.23650921175,240.397753680293,444.46846645599214
