degree,window,bandwidth,avg_return,num_stocks,min_return,max_return,median_return,std_return
8,120,2.5999999999999996,451.08930204305756,86,-31.53087000341806,3892.92319035476,300.44764084376516,559.7565062245363
