degree,window,bandwidth,avg_return,num_stocks,min_return,max_return,median_return,std_return
6,80,1.2999999999999998,441.29416481471253,86,-28.34096944615491,3239.584460896409,273.5431349178192,554.3265323523573
