degree,window,bandwidth,avg_return,num_stocks,min_return,max_return,median_return,std_return
2,30,0.9999999999999999,529.835470008074,86,-39.96011574598001,2628.8514262752683,388.84006205270293,530.0270057983396
