degree,window,bandwidth,avg_return,num_stocks,min_return,max_return,median_return,std_return
5,70,3.2999999999999994,494.29236984061663,86,-33.49424529213518,3926.625457494979,311.7753099195321,623.8380651483749
