degree,window,bandwidth,avg_return,num_stocks,min_return,max_return,median_return,std_return
5,20,1.4,290.18742013747726,86,-62.271852266150994,1959.095664321871,167.4916331534127,396.1932293399806
