degree,window,bandwidth,avg_return,num_stocks,min_return,max_return,median_return,std_return
9,40,2.5999999999999996,386.4382366211052,86,-44.152680163340534,2633.3391722982915,245.07603412610706,437.92681146389253
