degree,window,bandwidth,avg_return,num_stocks,min_return,max_return,median_return,std_return
8,50,2.4999999999999996,308.45903112676524,86,-66.3357799989242,1881.1308531302452,192.55216072301582,396.3362468370057
