degree,window,bandwidth,avg_return,num_stocks,min_return,max_return,median_return,std_return
8,40,3.599999999999999,261.127592877314,86,-89.52332047328703,1783.008488487634,166.12912488983477,343.47544151830454
