degree,window,bandwidth,avg_return,num_stocks,min_return,max_return,median_return,std_return
3,90,3.8999999999999995,261.10802442556604,86,-41.41391208338711,1693.5515712498532,192.53259283334728,303.7917185421018
