degree,window,bandwidth,avg_return,num_stocks,min_return,max_return,median_return,std_return
3,30,1.4999999999999998,493.92468377299906,86,-45.9165033887839,4852.805498360262,276.3498114989893,704.5020502324912
