degree,window,bandwidth,avg_return,num_stocks,min_return,max_return,median_return,std_return
4,30,0.8999999999999999,253.28737445344416,86,-87.22158230911661,1948.9310144845251,148.75989265488997,319.37558066807026
