degree,window,bandwidth,avg_return,num_stocks,min_return,max_return,median_return,std_return
5,110,2.8999999999999995,344.6805307484363,86,-75.93818921046699,2432.7172872460533,241.37393430804195,414.43991967763554
