degree,window,bandwidth,avg_return,num_stocks,min_return,max_return,median_return,std_return
3,50,0.9999999999999999,435.97134498925874,86,-42.70934092582528,2616.4335032353983,294.64285772715994,494.0932179602905
