degree,window,bandwidth,avg_return,num_stocks,min_return,max_return,median_return,std_return
2,100,2.5999999999999996,339.81838049053204,86,-88.86745222650124,1557.7156728651246,262.68523171087924,346.1425991688823
