degree,window,bandwidth,avg_return,num_stocks,min_return,max_return,median_return,std_return
2,120,1.0999999999999999,341.83858514322066,86,-78.48190430179245,2064.126944697092,249.8062316764488,362.61878021207747
