degree,window,bandwidth,avg_return,num_stocks,min_return,max_return,median_return,std_return
7,50,1.1999999999999997,254.6850983869244,86,-85.30201665194234,1226.0722808047085,216.6767874898971,251.89767923855067
