degree,window,bandwidth,avg_return,num_stocks,min_return,max_return,median_return,std_return
8,40,0.6,455.3439946640252,86,-83.48046289844937,3468.1077322280566,228.69530350967796,641.7756297533915
