degree,window,bandwidth,avg_return,num_stocks,min_return,max_return,median_return,std_return
5,40,1.2999999999999998,254.22074366348522,86,-79.58877585758945,1938.1818140896783,186.1750380864524,315.45762194322236
