degree,window,bandwidth,avg_return,num_stocks,min_return,max_return,median_return,std_return
6,90,3.6999999999999993,460.79748919791473,86,-69.2323803434642,5155.5710744306625,247.90744088873743,654.0698588995325
