degree,window,bandwidth,avg_return,num_stocks,min_return,max_return,median_return,std_return
5,80,2.5999999999999996,377.22063604236104,86,-71.60033864305501,3180.3848149739347,207.72503626067183,489.314726406102
