degree,window,bandwidth,avg_return,num_stocks,min_return,max_return,median_return,std_return
9,80,2.1999999999999997,236.90792566171427,86,-91.58811273307796,3638.8620672624447,203.12723001930598,407.33472982555276
