degree,window,bandwidth,avg_return,num_stocks,min_return,max_return,median_return,std_return
1,110,3.3999999999999995,496.635840553685,86,-37.891521098227415,3188.677036708174,364.9590719524241,603.5839491487777
