degree,window,bandwidth,avg_return,num_stocks,min_return,max_return,median_return,std_return
4,120,1.6999999999999997,389.4656290412671,86,-60.244468334403855,3072.286436076314,233.42980965097615,493.5393017271597
