degree,window,bandwidth,avg_return,num_stocks,min_return,max_return,median_return,std_return
7,30,0.5,346.3268809905351,86,-61.106404510830934,2196.6320459554036,247.35403453310482,362.9138259376711
