degree,window,bandwidth,avg_return,num_stocks,min_return,max_return,median_return,std_return
2,100,0.8999999999999999,346.514731589264,86,-62.85900825434919,1856.2209236155495,230.78861774309513,359.6868622852956
