degree,window,bandwidth,avg_return,num_stocks,min_return,max_return,median_return,std_return
5,30,0.7999999999999999,331.83981006649725,86,-60.46538412808555,1892.4713935395953,203.8137618143282,420.4542686450608
