degree,window,bandwidth,avg_return,num_stocks,min_return,max_return,median_return,std_return
7,90,0.9999999999999999,397.22740166924405,86,-55.23811263860816,2685.468064661889,234.98189181555932,485.7481361960667
