degree,window,bandwidth,avg_return,num_stocks,min_return,max_return,median_return,std_return
3,50,0.6,498.23079465389566,86,-43.89915294155285,3115.0667769252477,355.4429989887435,587.8672941876378
