degree,window,bandwidth,avg_return,num_stocks,min_return,max_return,median_return,std_return
8,80,2.3,234.52305818161202,86,-78.46562091069251,1758.425760525714,137.10104549089579,305.07400711312795
