degree,window,bandwidth,avg_return,num_stocks,min_return,max_return,median_return,std_return
6,90,0.5,492.4817754248752,86,-29.625931686030643,2750.092270838548,282.80027748374584,543.7836489253613
