degree,window,bandwidth,avg_return,num_stocks,min_return,max_return,median_return,std_return
9,110,1.6999999999999997,236.4906076593841,86,-69.40283967722587,2589.8884879680354,152.85272296823462,353.472198885029
