degree,window,bandwidth,avg_return,num_stocks,min_return,max_return,median_return,std_return
6,40,0.7999999999999999,264.54402970794854,86,-76.04078647695512,1234.9317914330065,179.42290752289802,280.8630782543054
