degree,window,bandwidth,avg_return,num_stocks,min_return,max_return,median_return,std_return
3,100,0.9999999999999999,358.9867447151517,86,-54.80611913552157,1727.99942232644,265.28979639631825,371.7698299025892
