degree,window,bandwidth,avg_return,num_stocks,min_return,max_return,median_return,std_return
3,120,3.2999999999999994,304.2108590916632,86,-52.46829587179299,4457.7906535856755,190.37843255724346,511.3484122463867
