degree,window,bandwidth,avg_return,num_stocks,min_return,max_return,median_return,std_return
4,70,2.5999999999999996,334.30380868068914,86,-66.56867640144371,3958.7368530937456,216.08537448520093,508.409356275594
