degree,window,bandwidth,avg_return,num_stocks,min_return,max_return,median_return,std_return
9,110,3.6999999999999993,324.22538594113854,86,-56.76505173106825,1573.7554135736684,227.81144979788291,314.59425103025507
