degree,window,bandwidth,avg_return,num_stocks,min_return,max_return,median_return,std_return
6,50,2.0999999999999996,219.3623199172475,86,-82.77187426478214,2787.5409681487026,144.00595431579677,345.12250468478175
