degree,window,bandwidth,avg_return,num_stocks,min_return,max_return,median_return,std_return
5,70,2.7999999999999994,485.58677266357756,86,-49.07389405779357,3026.1646222650993,289.9265975019744,585.7561923723376
