degree,window,bandwidth,avg_return,num_stocks,min_return,max_return,median_return,std_return
3,110,2.4999999999999996,374.0479310339608,86,-62.7742335758277,3385.517145099283,222.41510458181773,525.0091004226996
