degree,window,bandwidth,avg_return,num_stocks,min_return,max_return,median_return,std_return
9,60,2.5999999999999996,303.09232734862803,86,-76.82173903434679,2188.469412907891,188.8260285189332,423.6809072313719
