degree,window,bandwidth,avg_return,num_stocks,min_return,max_return,median_return,std_return
2,110,3.7999999999999994,431.895098649657,86,-64.15578608759617,3109.355896019745,265.6264746246892,546.4471440635963
