degree,window,bandwidth,avg_return,num_stocks,min_return,max_return,median_return,std_return
4,30,3.1999999999999993,358.051992271806,86,-85.89223642096022,4460.7619388658395,234.26808940087034,538.4986357095671
