degree,window,bandwidth,avg_return,num_stocks,min_return,max_return,median_return,std_return
4,120,2.7999999999999994,340.64257014157846,86,-62.50964988597742,2151.84820195979,184.88588405273018,388.27664470487497
