degree,window,bandwidth,avg_return,num_stocks,min_return,max_return,median_return,std_return
9,30,0.9999999999999999,692.6598060468607,86,-38.87238382817533,7998.523802160425,441.65289625715366,1036.6150538450393
