degree,window,bandwidth,avg_return,num_stocks,min_return,max_return,median_return,std_return
9,90,1.8999999999999997,239.13415050952207,86,-79.49073648057623,1843.105120850842,147.81298183083874,318.10492108966343
