degree,window,bandwidth,avg_return,num_stocks,min_return,max_return,median_return,std_return
8,50,2.9999999999999996,307.6862326958474,86,-62.097316973967786,1363.8828850400873,192.62676694937966,327.8971967373885
