degree,window,bandwidth,avg_return,num_stocks,min_return,max_return,median_return,std_return
7,90,1.2999999999999998,393.56545540069993,86,-58.15867037202372,1791.8981277671933,248.5611397278915,426.9483111043388
