degree,window,bandwidth,avg_return,num_stocks,min_return,max_return,median_return,std_return
2,30,0.8999999999999999,522.89204010038,86,-52.866233152370675,2396.5166614697323,375.39789846899413,507.4424774055783
