degree,window,bandwidth,avg_return,num_stocks,min_return,max_return,median_return,std_return
4,30,1.5999999999999996,230.88168673366616,86,-85.58763218056028,1435.1253425857942,170.5470691141594,260.75633655618543
