degree,window,bandwidth,avg_return,num_stocks,min_return,max_return,median_return,std_return
4,60,0.9999999999999999,527.1189048372692,86,-36.65014752113564,2948.73093716747,377.9174775682628,558.1170161943259
