degree,window,bandwidth,avg_return,num_stocks,min_return,max_return,median_return,std_return
3,110,1.0999999999999999,355.7528772928206,86,-52.5587173667285,2637.397335568055,200.16051584642224,433.8045487492999
