degree,window,bandwidth,avg_return,num_stocks,min_return,max_return,median_return,std_return
3,60,2.4999999999999996,370.51532164244855,86,-53.81769368144832,3141.079251614989,232.95040257274533,452.9765787770182
