degree,window,bandwidth,avg_return,num_stocks,min_return,max_return,median_return,std_return
9,40,1.2999999999999998,450.69289694943154,86,-54.70002335784962,2059.5937203780372,312.0474097555863,446.4374716276577
