degree,window,bandwidth,avg_return,num_stocks,min_return,max_return,median_return,std_return
8,20,3.599999999999999,426.63777576278744,86,-28.181562358021573,2292.083455140411,279.7404667815736,424.80681438652925
