degree,window,bandwidth,avg_return,num_stocks,min_return,max_return,median_return,std_return
9,120,3.7999999999999994,422.9768461529221,86,-42.66068319075435,7583.094853457821,251.94961649239676,888.8604240027962
