degree,window,bandwidth,avg_return,num_stocks,min_return,max_return,median_return,std_return
8,100,1.1999999999999997,296.5834097864657,86,-72.71050539427544,3333.295620128735,195.34388617088356,434.10146712186526
