degree,window,bandwidth,avg_return,num_stocks,min_return,max_return,median_return,std_return
4,70,0.8999999999999999,541.2479013609368,86,-62.02603978287753,13957.63050251835,290.6211993871725,1521.0663132343964
