degree,window,bandwidth,avg_return,num_stocks,min_return,max_return,median_return,std_return
4,100,1.4,326.8602489766797,86,-34.51244762386159,3236.48574548559,226.88229548366402,414.852844549888
