degree,window,bandwidth,avg_return,num_stocks,min_return,max_return,median_return,std_return
5,100,2.3999999999999995,342.52760969123244,86,-66.7518916818253,2547.12932630587,209.69401158087663,392.6526046926774
