degree,window,bandwidth,avg_return,num_stocks,min_return,max_return,median_return,std_return
6,20,0.7,774.009333531163,86,-67.03470516343694,4809.74589405143,475.25726786789426,978.7185442461748
