degree,window,bandwidth,avg_return,num_stocks,min_return,max_return,median_return,std_return
1,40,3.3999999999999995,449.8546141215922,86,-51.3266861244558,2887.224676438243,311.7710485144539,527.1110555764449
