degree,window,bandwidth,avg_return,num_stocks,min_return,max_return,median_return,std_return
9,70,1.9999999999999996,265.4378903172757,86,-72.33306328548346,1286.1621353895312,186.18261562167072,257.6969035838815
