degree,window,bandwidth,avg_return,num_stocks,min_return,max_return,median_return,std_return
3,100,3.499999999999999,307.33299181594435,86,-44.62177801785115,3235.8380932987707,208.20365831354812,443.55395675536437
