degree,window,bandwidth,avg_return,num_stocks,min_return,max_return,median_return,std_return
1,20,1.1999999999999997,504.40716731804895,86,-56.098483394779365,3323.3730696326065,304.83407985990675,600.0740219823714
