degree,window,bandwidth,avg_return,num_stocks,min_return,max_return,median_return,std_return
5,20,3.599999999999999,202.61895925941383,86,-63.32878540082002,1267.7028739491648,126.71366829174895,237.8617572076061
