degree,window,bandwidth,avg_return,num_stocks,min_return,max_return,median_return,std_return
2,120,2.5999999999999996,338.5325645704692,86,-77.82558683647812,1607.226989244348,251.29012958493172,350.52945943010934
