degree,window,bandwidth,avg_return,num_stocks,min_return,max_return,median_return,std_return
3,30,0.5,449.782220075659,86,-50.0349797263095,3049.4996067197912,267.4815946926976,597.2900925961281
