degree,window,bandwidth,avg_return,num_stocks,min_return,max_return,median_return,std_return
4,80,2.7999999999999994,357.1704298443855,86,-71.54780446840067,2957.7871080356763,247.3674099563117,433.0959902853353
