degree,window,bandwidth,avg_return,num_stocks,min_return,max_return,median_return,std_return
8,40,2.0999999999999996,333.1290703527441,86,-73.82003161866993,2157.6384840604246,192.80896802319808,444.5770806840357
