degree,window,bandwidth,avg_return,num_stocks,min_return,max_return,median_return,std_return
2,100,3.999999999999999,417.1948262915224,86,-52.59560213384912,2804.560896217213,252.60008118351462,511.6019658262015
