degree,window,bandwidth,avg_return,num_stocks,min_return,max_return,median_return,std_return
6,60,2.5999999999999996,298.10072633562174,86,-73.07731731337253,2972.8845031127216,195.9928341564132,408.8919752920315
