degree,window,bandwidth,avg_return,num_stocks,min_return,max_return,median_return,std_return
2,30,1.4999999999999998,457.1850817031897,86,-38.20908363074862,4190.978901119818,343.5769563336329,568.2160772881867
