degree,window,bandwidth,avg_return,num_stocks,min_return,max_return,median_return,std_return
1,40,0.5,409.9563063186391,86,-59.35490663366052,3431.251785194085,251.583777581199,530.3061962814604
