degree,window,bandwidth,avg_return,num_stocks,min_return,max_return,median_return,std_return
1,40,2.3,421.69148862165,86,-55.78026700951719,1595.3991420616774,332.7120252556998,380.9795286673341
