degree,window,bandwidth,avg_return,num_stocks,min_return,max_return,median_return,std_return
9,120,3.6999999999999993,474.44559906932375,86,-45.69467725864317,10753.31192297687,242.18896937118274,1200.494365272146
