degree,window,bandwidth,avg_return,num_stocks,min_return,max_return,median_return,std_return
2,100,1.2999999999999998,359.5328931387088,86,-71.33972796018062,2037.473746252988,253.0216226898462,371.23390257348956
