degree,window,bandwidth,avg_return,num_stocks,min_return,max_return,median_return,std_return
7,100,3.1999999999999993,407.05636027034586,86,-73.99771281082016,3190.189824995619,273.7208243124587,508.20170382552465
