degree,window,bandwidth,avg_return,num_stocks,min_return,max_return,median_return,std_return
4,30,2.1999999999999997,291.4380252968345,86,-78.80357242943941,4850.583703843107,156.463154655759,559.2855257377179
