degree,window,bandwidth,avg_return,num_stocks,min_return,max_return,median_return,std_return
1,60,1.2999999999999998,445.58443751780305,86,-64.17202872485112,1792.005826613559,301.10059314716807,435.94428714842724
