degree,window,bandwidth,avg_return,num_stocks,min_return,max_return,median_return,std_return
6,120,2.4999999999999996,372.61877673501186,86,-60.41519532988067,4687.110493709245,256.1568114001,574.4085919039369
