degree,window,bandwidth,avg_return,num_stocks,min_return,max_return,median_return,std_return
3,70,3.6999999999999993,291.16087219149455,86,-84.1269243682267,2030.428636539817,186.75650719491034,378.85850195676596
