degree,window,bandwidth,avg_return,num_stocks,min_return,max_return,median_return,std_return
2,100,3.499999999999999,383.37882767683584,86,-64.99813903194911,5657.086367876552,244.06243717313117,658.8131830747353
