degree,window,bandwidth,avg_return,num_stocks,min_return,max_return,median_return,std_return
7,30,2.3,246.7253989498163,86,-57.49742103904708,1347.103713230226,177.76522071107206,271.1038224923822
