degree,window,bandwidth,avg_return,num_stocks,min_return,max_return,median_return,std_return
6,70,2.1999999999999997,377.1845271382671,86,-58.06277218925473,2453.583844845151,254.8631976258661,459.87630946473047
