degree,window,bandwidth,avg_return,num_stocks,min_return,max_return,median_return,std_return
6,90,3.8999999999999995,369.9085150212158,86,-48.13824769744074,3654.4396274943965,249.5513450082961,472.71826731553443
