degree,window,bandwidth,avg_return,num_stocks,min_return,max_return,median_return,std_return
7,70,1.0999999999999999,260.37200489568,86,-79.79906476928532,2813.9776598745316,155.63401125157657,379.2913399342089
