degree,window,bandwidth,avg_return,num_stocks,min_return,max_return,median_return,std_return
4,40,0.9999999999999999,355.8805442644545,86,-40.267823378317296,1931.8707842815704,236.25089434067021,393.21247660967725
