degree,window,bandwidth,avg_return,num_stocks,min_return,max_return,median_return,std_return
1,50,1.9999999999999996,436.0956063132028,86,-66.0280688276093,2178.6188049634598,327.8548378356347,444.7052736648252
