degree,window,bandwidth,avg_return,num_stocks,min_return,max_return,median_return,std_return
5,20,1.6999999999999997,289.0269628095489,86,-74.3522228206807,2924.786230050619,174.88620081868476,455.4283879731047
