degree,window,bandwidth,avg_return,num_stocks,min_return,max_return,median_return,std_return
1,40,0.9999999999999999,415.1301486747358,86,-55.62550916902256,3150.5232217637554,283.7388638023608,515.4689219843569
