degree,window,bandwidth,avg_return,num_stocks,min_return,max_return,median_return,std_return
4,90,1.4999999999999998,333.89114720550975,86,-47.99663220261508,3869.2074226621435,220.36686972867346,466.0386850029507
