degree,window,bandwidth,avg_return,num_stocks,min_return,max_return,median_return,std_return
8,30,3.7999999999999994,690.8886850308863,86,-58.71940404261943,4436.106839500615,397.61836042526227,876.2450970999248
