degree,window,bandwidth,avg_return,num_stocks,min_return,max_return,median_return,std_return
3,70,3.8999999999999995,262.5839721805773,86,-68.39593229863246,1152.8520183877524,164.82862057521953,278.30491970179287
