degree,window,bandwidth,avg_return,num_stocks,min_return,max_return,median_return,std_return
9,100,2.8999999999999995,201.34102349658377,86,-71.55555572980654,1598.1125964549717,142.16798721485966,235.43677511566042
