degree,window,bandwidth,avg_return,num_stocks,min_return,max_return,median_return,std_return
1,20,2.0999999999999996,439.6695213662642,86,-45.18478161763388,3113.9264024968334,290.68559850337647,504.19511628375636
