degree,window,bandwidth,avg_return,num_stocks,min_return,max_return,median_return,std_return
6,60,0.6,261.47318515493214,86,-78.92798115761725,2219.52951750006,170.96772557247868,340.56236738795207
