degree,window,bandwidth,avg_return,num_stocks,min_return,max_return,median_return,std_return
5,100,2.3,335.7619795029009,86,-64.07005776904639,2468.8786753660606,221.74178591454654,370.7440507338649
