degree,window,bandwidth,avg_return,num_stocks,min_return,max_return,median_return,std_return
6,40,2.3999999999999995,290.1086783291548,86,-87.1891962790981,1427.6027311538796,261.19762737121175,283.43389949958004
