degree,window,bandwidth,avg_return,num_stocks,min_return,max_return,median_return,std_return
3,90,2.5999999999999996,375.7279299411399,86,-66.71533158350665,2550.880002002474,217.3841968577666,461.75492521332967
