degree,window,bandwidth,avg_return,num_stocks,min_return,max_return,median_return,std_return
2,20,3.7999999999999994,384.70634773203,86,-64.84462614238517,3156.643189834235,231.4640332100212,477.9088709728499
