degree,window,bandwidth,avg_return,num_stocks,min_return,max_return,median_return,std_return
8,70,0.8999999999999999,244.630760340554,86,-62.40990764775559,1905.4987924540328,154.1307179822233,288.9186082762694
