degree,window,bandwidth,avg_return,num_stocks,min_return,max_return,median_return,std_return
3,30,0.8999999999999999,470.21167506627745,86,-41.271871356926106,3514.434540241503,313.15360590703483,548.5733839394899
