degree,window,bandwidth,avg_return,num_stocks,min_return,max_return,median_return,std_return
6,40,1.4999999999999998,264.23544327423656,86,-76.66369845405883,985.0814038760955,209.25886191502443,257.9215767725178
