degree,window,bandwidth,avg_return,num_stocks,min_return,max_return,median_return,std_return
7,90,3.499999999999999,374.7694849989481,86,-66.61786335285638,2282.7094667096303,284.53724783072937,389.27470224102194
