degree,window,bandwidth,avg_return,num_stocks,min_return,max_return,median_return,std_return
3,20,3.7999999999999994,416.754755858584,86,-56.839490579741096,5120.976456842114,255.87034955904386,648.6657541368484
