degree,window,bandwidth,avg_return,num_stocks,min_return,max_return,median_return,std_return
5,40,2.1999999999999997,296.81911184495306,86,-64.1500750300383,6799.134244941237,165.02130283910677,738.6097595920558
