degree,window,bandwidth,avg_return,num_stocks,min_return,max_return,median_return,std_return
5,70,2.3999999999999995,484.5507953104803,86,-39.49871782112449,2892.331147274309,335.4166437193818,490.9672496199724
