degree,window,bandwidth,avg_return,num_stocks,min_return,max_return,median_return,std_return
5,80,3.7999999999999994,345.0327085704224,86,-55.49048681685312,2862.1401634227864,221.03268018599093,464.4034323754952
