degree,window,bandwidth,avg_return,num_stocks,min_return,max_return,median_return,std_return
4,40,1.2999999999999998,377.29295617515766,86,-55.201233873094644,3125.0525209600974,200.30599387337548,506.6540841430823
