degree,window,bandwidth,avg_return,num_stocks,min_return,max_return,median_return,std_return
5,50,1.0999999999999999,325.201850786953,86,-46.56492428296535,3805.7960677596457,178.82387983007064,564.4510583717423
