degree,window,bandwidth,avg_return,num_stocks,min_return,max_return,median_return,std_return
5,100,3.0999999999999996,355.3217289000806,86,-89.04337336858204,1995.8325576392867,201.0081714091677,446.31844474840995
