degree,window,bandwidth,avg_return,num_stocks,min_return,max_return,median_return,std_return
3,100,0.6,357.3244137995214,86,-65.93121287339478,1856.6943480896466,225.99979876936362,381.0447485096313
