degree,window,bandwidth,avg_return,num_stocks,min_return,max_return,median_return,std_return
4,90,2.8999999999999995,375.6782226360511,86,-64.7316795173777,4363.0595406123275,252.7783141573567,539.0435727468896
