degree,window,bandwidth,avg_return,num_stocks,min_return,max_return,median_return,std_return
2,40,3.3999999999999995,272.47349289741584,86,-68.72920006753442,1067.2011102898396,151.23351648612748,291.13328366458944
