degree,window,bandwidth,avg_return,num_stocks,min_return,max_return,median_return,std_return
9,20,2.6999999999999993,599.6426541976597,86,-5.23184137432494,6660.107091875079,332.63060011008815,898.2596635643682
