degree,window,bandwidth,avg_return,num_stocks,min_return,max_return,median_return,std_return
6,90,2.1999999999999997,473.6574324805726,86,-43.13732763549295,2730.765162028242,356.6900683623421,468.51861295653885
