degree,window,bandwidth,avg_return,num_stocks,min_return,max_return,median_return,std_return
4,90,3.0999999999999996,378.5887709230592,86,-68.4028628149256,3803.7674858965083,263.6408410928664,511.018856698158
