degree,window,bandwidth,avg_return,num_stocks,min_return,max_return,median_return,std_return
7,110,0.7999999999999999,481.07445607512847,86,-28.061151100610548,2252.469376293931,267.92604295514144,537.641309716565
