degree,window,bandwidth,avg_return,num_stocks,min_return,max_return,median_return,std_return
9,120,0.9999999999999999,305.5355262019712,86,-61.95484248201676,2253.675346767597,215.8971986091654,341.4096419422579
