degree,window,bandwidth,avg_return,num_stocks,min_return,max_return,median_return,std_return
6,80,3.7999999999999994,428.2667092910713,86,-56.67835952747989,3458.808532876148,269.19806694182176,514.8815639844726
