degree,window,bandwidth,avg_return,num_stocks,min_return,max_return,median_return,std_return
8,30,3.8999999999999995,684.2622298474754,86,-54.88523642767906,4676.36291943248,390.52531964835526,852.620422897199
