degree,window,bandwidth,avg_return,num_stocks,min_return,max_return,median_return,std_return
5,90,0.7,511.78151687624336,86,-51.83858718784064,7643.840342432375,279.2572782709344,956.296214738755
