degree,window,bandwidth,avg_return,num_stocks,min_return,max_return,median_return,std_return
1,50,2.4999999999999996,473.47075043884405,86,-59.43898344844351,2827.0140693729027,324.3541814909788,546.4598425229856
