degree,window,bandwidth,avg_return,num_stocks,min_return,max_return,median_return,std_return
8,40,2.3,339.99422102247127,86,-71.90595923829186,2116.607629198253,203.40214357734672,440.40545813870415
