degree,window,bandwidth,avg_return,num_stocks,min_return,max_return,median_return,std_return
3,110,1.2999999999999998,372.8796997328061,86,-35.24049563113841,2488.162070021072,229.39172229241893,481.19572363640066
