degree,window,bandwidth,avg_return,num_stocks,min_return,max_return,median_return,std_return
4,50,2.8999999999999995,506.13844149836115,86,-36.400026549298644,3946.689283447207,314.66934063502856,698.0288008259137
