degree,window,bandwidth,avg_return,num_stocks,min_return,max_return,median_return,std_return
3,70,2.7999999999999994,351.7051643927712,86,-69.93722361122057,1948.1824652124387,219.8705338414103,381.98849224446974
