degree,window,bandwidth,avg_return,num_stocks,min_return,max_return,median_return,std_return
8,50,3.3999999999999995,351.7756127502989,86,-60.49180864178337,3016.9660078321817,201.18534755773584,491.0792964865912
