degree,window,bandwidth,avg_return,num_stocks,min_return,max_return,median_return,std_return
3,50,1.0999999999999999,408.51081929364204,86,-48.974439372313164,2305.4658926790157,302.56105447519934,446.53966695830053
