degree,window,bandwidth,avg_return,num_stocks,min_return,max_return,median_return,std_return
7,80,3.7999999999999994,339.6683328572168,86,-66.51034484234034,2842.461638263103,235.95702044052518,439.7006380486017
