degree,window,bandwidth,avg_return,num_stocks,min_return,max_return,median_return,std_return
1,70,0.9999999999999999,421.8864187815769,86,-48.966229912211354,2075.02609286348,309.8570651774386,398.42940243254463
