degree,window,bandwidth,avg_return,num_stocks,min_return,max_return,median_return,std_return
4,120,0.6,371.11735934040274,86,-62.1535508834932,3668.848600779573,251.10291153868542,486.7308563385066
