degree,window,bandwidth,avg_return,num_stocks,min_return,max_return,median_return,std_return
6,40,1.9999999999999996,265.41715084872084,86,-76.3296893821909,1085.4166618018814,221.60822633881207,258.73208031257906
