degree,window,bandwidth,avg_return,num_stocks,min_return,max_return,median_return,std_return
8,30,2.7999999999999994,757.4229104735876,86,-42.33265087379727,4942.1121507009775,441.047036227189,917.1719422780295
