degree,window,bandwidth,avg_return,num_stocks,min_return,max_return,median_return,std_return
6,70,1.5999999999999996,358.6853112354916,86,-59.766695005216555,2397.6736350210094,248.67136985033335,426.8994396114717
