degree,window,bandwidth,avg_return,num_stocks,min_return,max_return,median_return,std_return
7,50,3.0999999999999996,293.0898469204437,86,-76.12097590236073,2201.4958488865523,216.64636709208136,343.50596658491384
