degree,window,bandwidth,avg_return,num_stocks,min_return,max_return,median_return,std_return
6,90,2.9999999999999996,406.6355723004195,86,-48.05759899296124,4277.4057391810875,246.60827859851815,547.9518099892474
