degree,window,bandwidth,avg_return,num_stocks,min_return,max_return,median_return,std_return
5,100,0.7,479.29063277492,86,-76.2625840721423,5702.7028189335315,286.18986002214933,776.8245221845893
