degree,window,bandwidth,avg_return,num_stocks,min_return,max_return,median_return,std_return
9,80,2.3999999999999995,226.53943697452067,86,-91.17253942596648,1690.3146451883024,183.8283208495102,251.11363420302396
