degree,window,bandwidth,avg_return,num_stocks,min_return,max_return,median_return,std_return
2,120,1.4,360.3665723584361,86,-80.26023743941799,2513.404188532755,223.03357714117146,409.7517146089945
