degree,window,bandwidth,avg_return,num_stocks,min_return,max_return,median_return,std_return
7,30,3.499999999999999,219.93965120695714,86,-59.623905472418414,2852.656820461715,136.81561055713667,402.7118825392581
