degree,window,bandwidth,avg_return,num_stocks,min_return,max_return,median_return,std_return
3,20,2.8999999999999995,372.92836294051654,86,-61.70416677998865,2980.1662698101986,303.35783471793513,421.4184737845979
