degree,window,bandwidth,avg_return,num_stocks,min_return,max_return,median_return,std_return
6,40,0.8999999999999999,263.92956540000824,86,-83.38709536422655,1413.224321453941,173.90858759238597,286.27968081602614
