degree,window,bandwidth,avg_return,num_stocks,min_return,max_return,median_return,std_return
1,80,3.7999999999999994,477.80645747617325,86,-43.47024562322604,2079.089077878825,405.4761943434811,457.6355926623882
