degree,window,bandwidth,avg_return,num_stocks,min_return,max_return,median_return,std_return
3,110,1.9999999999999996,370.51453028602236,86,-36.94000529048378,2173.966611539923,189.86791741682396,427.30485866810216
