degree,window,bandwidth,avg_return,num_stocks,min_return,max_return,median_return,std_return
8,60,2.7999999999999994,298.0594117372721,86,-75.82603246319424,1848.7847272109807,198.8466905392596,315.02216622663025
