degree,window,bandwidth,avg_return,num_stocks,min_return,max_return,median_return,std_return
2,110,0.7,352.81448153106385,86,-69.55034992880063,2367.9715838743027,240.02104045941488,388.0311993165033
