degree,window,bandwidth,avg_return,num_stocks,min_return,max_return,median_return,std_return
1,120,3.0999999999999996,540.1513506424848,86,-31.17920322913552,3682.286849010466,346.3748625681402,685.7243032944174
