degree,window,bandwidth,avg_return,num_stocks,min_return,max_return,median_return,std_return
4,60,1.9999999999999996,431.50669625175044,86,-45.73098112048594,3734.6064809667796,302.7523055122343,530.8163346394116
