degree,window,bandwidth,avg_return,num_stocks,min_return,max_return,median_return,std_return
7,60,0.7999999999999999,210.47762482326988,86,-77.38005490334507,1636.0657131002463,159.1705509897328,247.42504242916456
