degree,window,bandwidth,avg_return,num_stocks,min_return,max_return,median_return,std_return
3,120,2.4999999999999996,411.3556998811066,86,-60.18406228782634,5647.19191266544,191.30937078911217,712.7878809827781
