degree,window,bandwidth,avg_return,num_stocks,min_return,max_return,median_return,std_return
1,80,0.5,435.17033330381565,86,-48.62240741337266,3005.445936652117,313.44242926723814,467.10314878386447
