degree,window,bandwidth,avg_return,num_stocks,min_return,max_return,median_return,std_return
2,100,1.4999999999999998,379.62577192862096,86,-60.1130086226829,1914.2231429675867,251.6868203256355,398.7587325456649
