degree,window,bandwidth,avg_return,num_stocks,min_return,max_return,median_return,std_return
3,20,0.9999999999999999,326.6070998325679,86,-78.48819304086783,2540.043004160968,232.41086647177656,371.6896538878549
