degree,window,bandwidth,avg_return,num_stocks,min_return,max_return,median_return,std_return
4,30,2.3,255.83402178359736,86,-77.74775346424171,3377.5096021457207,157.10068237439873,415.912307030859
