degree,window,bandwidth,avg_return,num_stocks,min_return,max_return,median_return,std_return
8,40,0.8999999999999999,431.0529750410538,86,-85.65576985313496,4331.0827859583815,200.84241569952096,721.5778693645949
