degree,window,bandwidth,avg_return,num_stocks,min_return,max_return,median_return,std_return
5,20,3.7999999999999994,205.03429947191876,86,-51.40923819792662,1370.5460333456285,126.43149507579773,247.77105516476823
