degree,window,bandwidth,avg_return,num_stocks,min_return,max_return,median_return,std_return
6,80,2.3,480.3713085307091,86,-39.30053938388391,3409.323984000745,323.12224058933816,522.4717850140775
