degree,window,bandwidth,avg_return,num_stocks,min_return,max_return,median_return,std_return
3,80,3.999999999999999,241.37883154673986,86,-46.35148642694899,1693.1233021170056,134.05654006076222,300.4084266616601
