degree,window,bandwidth,avg_return,num_stocks,min_return,max_return,median_return,std_return
1,90,2.6999999999999993,518.4886440855951,86,-78.62410760017599,5538.362641747933,440.58943430066415,682.4693409576834
