degree,window,bandwidth,avg_return,num_stocks,min_return,max_return,median_return,std_return
6,50,2.3999999999999995,227.45604616110396,86,-76.77889024135153,1846.3641966901403,151.244322709702,303.5049038811864
