degree,window,bandwidth,avg_return,num_stocks,min_return,max_return,median_return,std_return
5,70,1.6999999999999997,492.8750318651981,86,-29.239494534022526,3072.6299909400063,379.66540032961325,507.572953461462
