degree,window,bandwidth,avg_return,num_stocks,min_return,max_return,median_return,std_return
6,50,1.1999999999999997,303.84986673957883,86,-79.09737121236388,8327.16763954734,155.11393913060215,898.5148754582835
