degree,window,bandwidth,avg_return,num_stocks,min_return,max_return,median_return,std_return
2,90,3.6999999999999993,351.1342510961459,86,-58.16311720558244,2166.439792238864,287.59222655971575,354.4380829096994
