degree,window,bandwidth,avg_return,num_stocks,min_return,max_return,median_return,std_return
8,70,0.9999999999999999,235.97663184246926,86,-67.17330004242274,1797.4979790878247,167.47672657100622,277.3158951857407
