degree,window,bandwidth,avg_return,num_stocks,min_return,max_return,median_return,std_return
8,110,2.3999999999999995,413.96897119382214,86,-47.28409355970397,3618.9798269844146,303.5113080144172,500.2404786202121
