degree,window,bandwidth,avg_return,num_stocks,min_return,max_return,median_return,std_return
2,120,0.5,371.6622886396848,86,-76.2293044318524,2200.325982017001,255.7294961284839,409.6285980476395
