degree,window,bandwidth,avg_return,num_stocks,min_return,max_return,median_return,std_return
6,60,1.5999999999999996,286.78001860681786,86,-69.99024081747972,3880.4941071139824,175.75112767953115,483.3903857576195
