degree,window,bandwidth,avg_return,num_stocks,min_return,max_return,median_return,std_return
6,20,2.9999999999999996,634.4160031971151,86,-61.93447038261512,4392.891377605908,359.95253604076726,823.7708226266243
