degree,window,bandwidth,avg_return,num_stocks,min_return,max_return,median_return,std_return
4,110,1.5999999999999996,390.99896506389905,86,-54.83188366257482,3183.285974463708,290.5731905151425,502.65421872356376
