degree,window,bandwidth,avg_return,num_stocks,min_return,max_return,median_return,std_return
5,40,3.599999999999999,380.70116813108797,86,-47.50302692981994,5771.070408761171,192.7492674671356,687.2829041938772
