degree,window,bandwidth,avg_return,num_stocks,min_return,max_return,median_return,std_return
5,40,2.5999999999999996,257.17958579018887,86,-71.09221625652651,1771.672494365889,199.98043134188805,291.83476754536525
