degree,window,bandwidth,avg_return,num_stocks,min_return,max_return,median_return,std_return
6,70,1.6999999999999997,355.58043725443144,86,-58.73588570156135,2768.522291000123,236.1491944124225,439.63540669870537
