degree,window,bandwidth,avg_return,num_stocks,min_return,max_return,median_return,std_return
9,50,3.1999999999999993,299.04351090869187,86,-69.19104482769795,4605.6656432107875,161.1918545577113,587.3082675889536
