degree,window,bandwidth,avg_return,num_stocks,min_return,max_return,median_return,std_return
2,80,0.7999999999999999,333.19541594479966,86,-58.64884402381053,1702.767227576448,221.03835465546013,365.2368511899976
