degree,window,bandwidth,avg_return,num_stocks,min_return,max_return,median_return,std_return
3,70,0.6,340.91610094047934,86,-52.75317085452763,3523.3146668464897,232.97185646107675,453.3724121766465
