degree,window,bandwidth,avg_return,num_stocks,min_return,max_return,median_return,std_return
4,60,2.9999999999999996,426.2059792050717,86,-46.627734644293405,2937.751535530614,250.1274568801782,527.8687061045521
