degree,window,bandwidth,avg_return,num_stocks,min_return,max_return,median_return,std_return
1,40,2.3999999999999995,431.4078758556485,86,-59.039106109001025,2102.634251406693,331.4624497759196,417.96422308072556
