degree,window,bandwidth,avg_return,num_stocks,min_return,max_return,median_return,std_return
1,40,3.8999999999999995,426.94670747401307,86,-78.56857655610932,3095.6389166927074,311.5294522823614,486.3754306763111
