degree,window,bandwidth,avg_return,num_stocks,min_return,max_return,median_return,std_return
6,50,0.6,270.92171839850124,86,-76.43371368168866,2239.504177766517,177.27850253202865,326.91453782527134
