degree,window,bandwidth,avg_return,num_stocks,min_return,max_return,median_return,std_return
2,90,1.4999999999999998,392.56233648621435,86,-54.01743472177358,2474.4731990092005,249.38394568642016,447.55456569865584
