degree,window,bandwidth,avg_return,num_stocks,min_return,max_return,median_return,std_return
7,20,1.1999999999999997,722.1206407065858,86,-32.072215516342126,7305.681997550835,443.50916675462685,1033.467605566388
