degree,window,bandwidth,avg_return,num_stocks,min_return,max_return,median_return,std_return
9,20,1.4,611.5897879077762,86,-18.458840904961818,4832.9921974544,327.9060595608523,792.2239261692138
