degree,window,bandwidth,avg_return,num_stocks,min_return,max_return,median_return,std_return
9,20,3.1999999999999993,621.1777817619535,86,-3.0263964263699563,8236.211418770943,320.10388822618313,1044.5216390545772
