degree,window,bandwidth,avg_return,num_stocks,min_return,max_return,median_return,std_return
4,20,1.0999999999999999,208.64977934627194,86,-83.4411530551793,2126.963349755752,109.59220029148392,325.329900574867
