degree,window,bandwidth,avg_return,num_stocks,min_return,max_return,median_return,std_return
9,110,3.499999999999999,313.4458110521,86,-51.70902389926657,2183.1582264666636,201.81226880029425,363.8864165890654
