degree,window,bandwidth,avg_return,num_stocks,min_return,max_return,median_return,std_return
6,40,2.0999999999999996,275.8379597834921,86,-76.25671590443667,1293.7099734914086,239.5775487446425,267.3676174346487
