degree,window,bandwidth,avg_return,num_stocks,min_return,max_return,median_return,std_return
8,90,2.3,250.13880902884003,86,-63.83260425343459,3677.73977679354,155.88290587169655,444.48687895291977
