degree,window,bandwidth,avg_return,num_stocks,min_return,max_return,median_return,std_return
5,30,1.7999999999999998,293.6067278105043,86,-76.16127790516389,1139.4289603778143,232.62658129658485,274.7429433098726
