degree,window,bandwidth,avg_return,num_stocks,min_return,max_return,median_return,std_return
7,100,3.499999999999999,433.77642616420206,86,-58.81149160753063,2992.4643684441116,275.9604379793996,540.3401846703078
