degree,window,bandwidth,avg_return,num_stocks,min_return,max_return,median_return,std_return
1,20,3.6999999999999993,524.7022873795224,86,-39.95432159944834,3778.7271155184358,296.40480516375334,639.6715342268379
