degree,window,bandwidth,avg_return,num_stocks,min_return,max_return,median_return,std_return
8,80,3.7999999999999994,253.77221910462856,86,-85.06564070053471,1289.7691246367744,170.6604951008918,269.0371298381207
