degree,window,bandwidth,avg_return,num_stocks,min_return,max_return,median_return,std_return
2,60,0.6,402.7208884615513,86,-65.19503950932621,2867.263693994878,242.96090215538237,516.1131903144659
