degree,window,bandwidth,avg_return,num_stocks,min_return,max_return,median_return,std_return
6,120,1.8999999999999997,418.9607369153557,86,-60.953892541363075,3893.7471663177157,278.82538930910346,562.323353657812
