degree,window,bandwidth,avg_return,num_stocks,min_return,max_return,median_return,std_return
1,40,2.0999999999999996,435.2259749749348,86,-57.300896271155445,1942.279100336088,313.37145286192765,434.6170664010789
