degree,window,bandwidth,avg_return,num_stocks,min_return,max_return,median_return,std_return
5,120,2.0999999999999996,324.7659247394567,86,-66.86898433879219,2287.807802016598,230.59489012956425,374.15237746622756
