degree,window,bandwidth,avg_return,num_stocks,min_return,max_return,median_return,std_return
7,40,2.7999999999999994,292.8545444978343,86,-68.15112853772217,1467.3873438695703,181.6197613107284,354.3791836338337
