degree,window,bandwidth,avg_return,num_stocks,min_return,max_return,median_return,std_return
9,100,3.3999999999999995,263.28972565197296,86,-67.09254756647255,3015.2634697652647,166.19897590408965,432.68625484843636
