degree,window,bandwidth,avg_return,num_stocks,min_return,max_return,median_return,std_return
4,50,1.4999999999999998,606.7560876361891,86,-34.31615020020743,9169.79449292493,384.7182128481561,1050.239254684786
