degree,window,bandwidth,avg_return,num_stocks,min_return,max_return,median_return,std_return
9,80,1.2999999999999998,261.3500772983942,86,-78.55869856964978,1259.5544900232896,183.62726664706526,271.3152032923726
