degree,window,bandwidth,avg_return,num_stocks,min_return,max_return,median_return,std_return
6,50,2.8999999999999995,288.2203965442561,86,-54.40660978901094,5495.419808129709,167.40923072313734,621.0871339188039
