degree,window,bandwidth,avg_return,num_stocks,min_return,max_return,median_return,std_return
8,40,0.7,420.06444273323285,86,-83.0573033748362,3232.380145354272,216.00167630297665,588.3970545926351
