degree,window,bandwidth,avg_return,num_stocks,min_return,max_return,median_return,std_return
3,100,1.9999999999999996,404.88925143553325,86,-56.708060648852154,3276.3974740275153,238.59466349804052,546.4649728420391
