degree,window,bandwidth,avg_return,num_stocks,min_return,max_return,median_return,std_return
3,70,3.7999999999999994,236.37350002129375,86,-81.3035937590641,1337.2447985197941,161.28412467406395,253.5302142524759
