degree,window,bandwidth,avg_return,num_stocks,min_return,max_return,median_return,std_return
8,40,3.999999999999999,254.33207748618543,86,-86.3119020212398,1930.1381228832688,185.4212361892502,314.0334489754616
