degree,window,bandwidth,avg_return,num_stocks,min_return,max_return,median_return,std_return
9,40,3.7999999999999994,338.4021220897145,86,-54.85149148112788,3039.782087399034,211.2602706422854,472.60843421524396
