degree,window,bandwidth,avg_return,num_stocks,min_return,max_return,median_return,std_return
7,120,3.599999999999999,309.1302616263762,86,-45.364737228226474,2331.340661335812,221.53708060182228,363.0336706456465
