degree,window,bandwidth,avg_return,num_stocks,min_return,max_return,median_return,std_return
9,50,0.9999999999999999,319.6754891803464,86,-70.88837219125946,2600.1523036658105,194.78468229785625,443.27682401625657
