degree,window,bandwidth,avg_return,num_stocks,min_return,max_return,median_return,std_return
9,50,2.7999999999999994,321.61702390636754,86,-77.62603949076777,6875.900748873866,160.12660232784526,771.7441700929575
