degree,window,bandwidth,avg_return,num_stocks,min_return,max_return,median_return,std_return
9,110,2.3,252.04619716442295,86,-56.1584745394366,1699.6827764709735,186.9238463944661,272.7054554483562
