degree,window,bandwidth,avg_return,num_stocks,min_return,max_return,median_return,std_return
1,40,2.4999999999999996,441.4208161467568,86,-63.71282634150853,2174.8726002716485,280.83335704370677,454.4052990544455
