degree,window,bandwidth,avg_return,num_stocks,min_return,max_return,median_return,std_return
4,20,3.8999999999999995,343.62905084121263,86,-72.75575210458818,6023.791284976202,173.51659848233697,698.5924454287413
