degree,window,bandwidth,avg_return,num_stocks,min_return,max_return,median_return,std_return
9,60,0.5,320.6169575532919,86,-90.58935498090472,2736.9178756290057,195.8788600520611,440.04497783982544
