degree,window,bandwidth,avg_return,num_stocks,min_return,max_return,median_return,std_return
5,90,2.7999999999999994,330.09951245132163,86,-61.15260395176081,1922.124862990332,239.53709399150839,356.3383285914911
