degree,window,bandwidth,avg_return,num_stocks,min_return,max_return,median_return,std_return
4,50,3.599999999999999,394.10809018970104,86,-67.1538961357776,3088.3731578522975,229.21485802834275,536.313406146864
