degree,window,bandwidth,avg_return,num_stocks,min_return,max_return,median_return,std_return
1,110,3.999999999999999,482.9621385921756,86,-43.986956001282906,3090.8455983700114,265.9444582136959,603.5667810978784
