degree,window,bandwidth,avg_return,num_stocks,min_return,max_return,median_return,std_return
6,70,2.6999999999999993,351.30113118788006,86,-34.1528460648317,1924.6323303568222,242.54628843882676,366.3699022370334
