degree,window,bandwidth,avg_return,num_stocks,min_return,max_return,median_return,std_return
7,100,0.7,472.5285797468712,86,-33.29339415923988,2794.8495620409294,311.8277132470188,474.61870971841387
