degree,window,bandwidth,avg_return,num_stocks,min_return,max_return,median_return,std_return
7,70,2.1999999999999997,275.8590235223127,86,-68.9805332327048,3136.3836452156106,164.10229762061851,411.7303573951283
