degree,window,bandwidth,avg_return,num_stocks,min_return,max_return,median_return,std_return
3,70,2.3,414.9189396013803,86,-67.47943269495279,3063.3978553426045,275.71216435122824,505.80040059550765
