degree,window,bandwidth,avg_return,num_stocks,min_return,max_return,median_return,std_return
8,100,2.5999999999999996,368.1593522653826,86,-49.620416670046765,2184.5644186371546,206.9851414441842,444.34611496657305
