degree,window,bandwidth,avg_return,num_stocks,min_return,max_return,median_return,std_return
3,40,1.5999999999999996,484.8561764895726,86,-39.80722255993608,2597.1671499328054,343.161521841652,485.5608118009744
