degree,window,bandwidth,avg_return,num_stocks,min_return,max_return,median_return,std_return
4,110,2.5999999999999996,370.3458170410845,86,-54.26724260004357,2772.545435469474,227.88741246244638,480.7858024128406
