degree,window,bandwidth,avg_return,num_stocks,min_return,max_return,median_return,std_return
6,100,1.6999999999999997,403.42302216941084,86,-38.58215079142753,3366.8025063716063,269.80534237841755,538.9589013428499
