degree,window,bandwidth,avg_return,num_stocks,min_return,max_return,median_return,std_return
4,70,2.0999999999999996,302.44479677877405,86,-75.23672286700588,2132.037611085636,217.00317293779648,360.6130007060472
