degree,window,bandwidth,avg_return,num_stocks,min_return,max_return,median_return,std_return
1,30,3.999999999999999,418.4356881567314,86,-38.15435877488176,2010.6915816977978,282.39817212736125,449.89047949327977
