degree,window,bandwidth,avg_return,num_stocks,min_return,max_return,median_return,std_return
7,110,3.1999999999999993,370.5461674446378,86,-70.38947101290763,2216.016324250118,248.25252296029424,423.2380250827997
