degree,window,bandwidth,avg_return,num_stocks,min_return,max_return,median_return,std_return
1,110,2.3,555.481282853402,86,-75.83385955172025,6264.229201284441,358.08974892546473,823.1517705151472
