degree,window,bandwidth,avg_return,num_stocks,min_return,max_return,median_return,std_return
6,90,2.5999999999999996,421.5575226356786,86,-71.0747810084325,2112.539602497743,309.5954526072235,441.75729992477795
