degree,window,bandwidth,avg_return,num_stocks,min_return,max_return,median_return,std_return
3,90,3.3999999999999995,271.08648070151264,86,-69.50149900153129,1928.5987748081955,165.76722153289467,354.1133222671817
