degree,window,bandwidth,avg_return,num_stocks,min_return,max_return,median_return,std_return
4,60,2.3,533.853481005834,86,-42.21721042343507,5355.014152072724,293.3383703196123,861.0431191078236
