degree,window,bandwidth,avg_return,num_stocks,min_return,max_return,median_return,std_return
2,60,3.8999999999999995,390.5803484416228,86,-57.15286154824481,5639.01973688263,194.30206003499967,665.34756667843
