degree,window,bandwidth,avg_return,num_stocks,min_return,max_return,median_return,std_return
1,120,2.4999999999999996,554.8698039681399,86,-71.7899267548602,3829.6559096213186,381.06657459977157,627.547349713956
