degree,window,bandwidth,avg_return,num_stocks,min_return,max_return,median_return,std_return
5,120,1.6999999999999997,363.49950118898016,86,-46.68914984627175,4898.470406300025,210.36621403191054,613.8966006496648
