degree,window,bandwidth,avg_return,num_stocks,min_return,max_return,median_return,std_return
5,50,3.8999999999999995,359.81140647051024,86,-61.60824079181795,2021.7691585124303,232.11042978056912,408.3324342121674
