degree,window,bandwidth,avg_return,num_stocks,min_return,max_return,median_return,std_return
3,30,0.7999999999999999,429.0104477987997,86,-30.792098212730952,2852.545485715381,300.80908778929927,460.516526476954
