degree,window,bandwidth,avg_return,num_stocks,min_return,max_return,median_return,std_return
1,90,1.6999999999999997,449.4685492810562,86,-57.289506716857865,6828.513271114932,249.3800360236367,782.4057897132819
