degree,window,bandwidth,avg_return,num_stocks,min_return,max_return,median_return,std_return
5,70,3.599999999999999,388.3643702397531,86,-52.74404885702973,3126.396404486532,264.89836600905545,481.3171557873168
