degree,window,bandwidth,avg_return,num_stocks,min_return,max_return,median_return,std_return
5,70,0.7999999999999999,586.6863596737952,86,-21.610496622441676,5059.614808292883,344.3678570410286,745.8292125736162
