degree,window,bandwidth,avg_return,num_stocks,min_return,max_return,median_return,std_return
5,110,2.7999999999999994,303.2555184914519,86,-77.93669843998435,2092.308696338343,238.87093272075703,326.1881448635656
