degree,window,bandwidth,avg_return,num_stocks,min_return,max_return,median_return,std_return
6,120,3.499999999999999,331.611377227986,86,-78.03591986407262,3034.4484874892773,208.64782914760974,465.63918635525914
