degree,window,bandwidth,avg_return,num_stocks,min_return,max_return,median_return,std_return
9,100,3.0999999999999996,223.76866751504062,86,-62.60425785479294,2440.242857562473,160.18031669073997,331.03376803105584
