degree,window,bandwidth,avg_return,num_stocks,min_return,max_return,median_return,std_return
5,60,3.7999999999999994,425.43843138083975,86,-56.970936209165224,3398.8462492377444,238.54668810926066,563.2917249145855
