degree,window,bandwidth,avg_return,num_stocks,min_return,max_return,median_return,std_return
7,20,1.7999999999999998,739.2294450884183,86,-27.504875327219512,7992.928726088723,451.403150146196,1144.0393988553474
