degree,window,bandwidth,avg_return,num_stocks,min_return,max_return,median_return,std_return
7,120,3.0999999999999996,431.2445177531839,86,-50.578153919243064,3046.717322646568,230.6042682371819,573.8108927764081
