degree,window,bandwidth,avg_return,num_stocks,min_return,max_return,median_return,std_return
6,50,3.8999999999999995,360.86645851385504,86,-87.14579279281388,5474.3035437871795,204.6498385644366,656.6200958810233
