degree,window,bandwidth,avg_return,num_stocks,min_return,max_return,median_return,std_return
3,120,3.7999999999999994,260.22852129408346,86,-56.5999929921711,1769.0185640243276,159.88837673737518,354.87218342664545
