degree,window,bandwidth,avg_return,num_stocks,min_return,max_return,median_return,std_return
4,80,0.8999999999999999,358.86532968269074,86,-62.311349611749066,2890.4279924589455,253.46520005820415,453.9163333400829
