degree,window,bandwidth,avg_return,num_stocks,min_return,max_return,median_return,std_return
6,40,1.7999999999999998,255.52124554227973,86,-60.99100274394679,952.9579759196754,224.1167221919004,240.14756391657735
