degree,window,bandwidth,avg_return,num_stocks,min_return,max_return,median_return,std_return
5,110,3.999999999999999,273.8776984334497,86,-52.46663722661089,1636.677791842719,178.5552648410877,331.66356825053333
