degree,window,bandwidth,avg_return,num_stocks,min_return,max_return,median_return,std_return
7,90,2.3,407.5232678607276,86,-48.43300050044316,2208.828516311802,260.8760748603693,438.86167267123494
