degree,window,bandwidth,avg_return,num_stocks,min_return,max_return,median_return,std_return
6,80,1.7999999999999998,499.68879016642484,86,-39.22787963071984,3484.603679400465,343.80131605802666,617.9677669296085
