degree,window,bandwidth,avg_return,num_stocks,min_return,max_return,median_return,std_return
8,30,3.0999999999999996,717.4179701658948,86,-34.98626105875559,5248.018947791585,425.78698529299226,889.5132268380959
