degree,window,bandwidth,avg_return,num_stocks,min_return,max_return,median_return,std_return
7,110,2.7999999999999994,455.20310352086835,86,-60.837738597147876,5093.607289961054,263.19044580993847,654.6480238928723
