degree,window,bandwidth,avg_return,num_stocks,min_return,max_return,median_return,std_return
6,30,3.1999999999999993,253.21372584966664,86,-76.5285222872711,1494.2470427524624,174.83526161799725,288.83696142531704
