degree,window,bandwidth,avg_return,num_stocks,min_return,max_return,median_return,std_return
6,110,0.7999999999999999,496.11722387878365,86,-70.5208567520492,4409.16607483332,326.79797860326505,658.0782574788474
