degree,window,bandwidth,avg_return,num_stocks,min_return,max_return,median_return,std_return
6,80,1.5999999999999996,438.99586491460497,86,-48.787524350280556,3610.0919510032368,259.27255667582915,580.471570226838
