degree,window,bandwidth,avg_return,num_stocks,min_return,max_return,median_return,std_return
9,100,3.8999999999999995,328.72605936774437,86,-51.5705728814839,2960.8729710502153,158.81059516341378,571.8208703509308
