degree,window,bandwidth,avg_return,num_stocks,min_return,max_return,median_return,std_return
9,110,2.0999999999999996,256.2067083326661,86,-46.69686777278675,1574.6146869446818,194.97180289449017,275.8962636181883
