degree,window,bandwidth,avg_return,num_stocks,min_return,max_return,median_return,std_return
3,100,3.3999999999999995,265.3999662518539,86,-42.747623516651004,1631.1088565868943,187.2217004984857,293.019973480629
