degree,window,bandwidth,avg_return,num_stocks,min_return,max_return,median_return,std_return
1,50,1.6999999999999997,415.04749413635636,86,-48.61973904328909,2183.572327583991,305.12656812300156,413.84621433114785
