degree,window,bandwidth,avg_return,num_stocks,min_return,max_return,median_return,std_return
3,110,2.5999999999999996,317.58732065197506,86,-40.70528701492827,1950.5104995317406,227.52205503802577,351.45657531619713
