degree,window,bandwidth,avg_return,num_stocks,min_return,max_return,median_return,std_return
6,80,2.5999999999999996,468.9474119809714,86,-42.270935360516404,2331.0203122072476,324.92053783312764,473.82309534470244
