degree,window,bandwidth,avg_return,num_stocks,min_return,max_return,median_return,std_return
1,100,3.2999999999999994,462.7219480618254,86,-36.39520106896785,2348.0457922538294,326.07418465870387,468.51720713418445
