degree,window,bandwidth,avg_return,num_stocks,min_return,max_return,median_return,std_return
3,30,1.7999999999999998,433.2816687283594,86,-36.24850077014974,2763.0553683337616,332.5520347161294,447.7102357389081
