degree,window,bandwidth,avg_return,num_stocks,min_return,max_return,median_return,std_return
4,80,1.5999999999999996,294.8670748045194,86,-63.38842435299619,2467.0100388662563,201.53814530961495,346.65058675490275
