degree,window,bandwidth,avg_return,num_stocks,min_return,max_return,median_return,std_return
9,60,0.7999999999999999,319.28852775165905,86,-91.5078749474156,2152.9274811707337,175.52650299168732,421.12129756494994
