degree,window,bandwidth,avg_return,num_stocks,min_return,max_return,median_return,std_return
6,60,1.8999999999999997,386.5331356329637,86,-48.522359715264265,11084.512175517266,193.0784128105812,1190.0252178978856
