degree,window,bandwidth,avg_return,num_stocks,min_return,max_return,median_return,std_return
9,40,2.3999999999999995,393.44259333749613,86,-55.204254382968706,2418.4559663255877,232.155308510194,453.69126315197224
