degree,window,bandwidth,avg_return,num_stocks,min_return,max_return,median_return,std_return
2,100,3.2999999999999994,344.71922551608304,86,-67.81625051788392,3103.7353408382755,224.19456787146154,444.9392111460624
