degree,window,bandwidth,avg_return,num_stocks,min_return,max_return,median_return,std_return
3,30,2.5999999999999996,479.2918110230506,86,-38.58890719870167,3822.353261467846,309.5272876201368,607.866166295552
