degree,window,bandwidth,avg_return,num_stocks,min_return,max_return,median_return,std_return
8,30,1.1999999999999997,812.0135706744068,86,-31.372246556120498,6657.871743971829,565.578169829536,958.3209111220946
