degree,window,bandwidth,avg_return,num_stocks,min_return,max_return,median_return,std_return
9,50,1.9999999999999996,296.6659002112578,86,-79.4749069259419,2508.3787526242677,185.0748196601167,405.44577828807013
