degree,window,bandwidth,avg_return,num_stocks,min_return,max_return,median_return,std_return
8,100,3.0999999999999996,376.6510113051029,86,-52.4318147144004,2465.838620482879,217.69846921934527,454.4751931216724
