degree,window,bandwidth,avg_return,num_stocks,min_return,max_return,median_return,std_return
7,80,1.5999999999999996,288.06896217427334,86,-57.21661423888301,4265.646513120582,182.56786463705686,491.32145026295103
