degree,window,bandwidth,avg_return,num_stocks,min_return,max_return,median_return,std_return
7,50,0.5,294.61621001527465,86,-83.411657627034,2340.747245454584,191.5705308279085,351.0787726707471
