degree,window,bandwidth,avg_return,num_stocks,min_return,max_return,median_return,std_return
5,100,3.1999999999999993,360.8012545739481,86,-88.85033322524221,2579.6447834098935,238.08980677410108,452.0610350734339
