degree,window,bandwidth,avg_return,num_stocks,min_return,max_return,median_return,std_return
5,70,1.7999999999999998,473.88970755181714,86,-44.80720309848621,3487.5570493706855,374.2741767887092,493.77972355545006
