degree,window,bandwidth,avg_return,num_stocks,min_return,max_return,median_return,std_return
1,60,3.0999999999999996,494.9749049830894,86,-67.32085109811001,5243.022486102485,378.57378319074587,646.6074711906942
