degree,window,bandwidth,avg_return,num_stocks,min_return,max_return,median_return,std_return
6,50,3.3999999999999995,322.9033487306957,86,-61.95268675345734,7685.746594823841,174.28150061076582,840.0062061774133
