degree,window,bandwidth,avg_return,num_stocks,min_return,max_return,median_return,std_return
1,90,2.3,490.47222860825383,86,-80.06562834209308,6953.868203521995,365.4983306312505,791.0137813873711
