degree,window,bandwidth,avg_return,num_stocks,min_return,max_return,median_return,std_return
9,110,2.5999999999999996,255.01820497867993,86,-55.867683843316186,1521.3021966179074,184.1025594920385,268.5211601544823
