degree,window,bandwidth,avg_return,num_stocks,min_return,max_return,median_return,std_return
2,20,3.8999999999999995,382.9137326374389,86,-63.71210128576767,4913.962408202533,221.89502232682443,624.4606398224711
