degree,window,bandwidth,avg_return,num_stocks,min_return,max_return,median_return,std_return
4,60,1.5999999999999996,479.51155676507955,86,-41.18965961929679,2685.9118079887576,345.76956658692035,503.90933703965004
