degree,window,bandwidth,avg_return,num_stocks,min_return,max_return,median_return,std_return
4,40,1.9999999999999996,367.82385431673066,86,-72.77915038258936,2664.370268877438,258.26117067702626,435.65014068558645
