degree,window,bandwidth,avg_return,num_stocks,min_return,max_return,median_return,std_return
2,40,1.2999999999999998,390.53945063158795,86,-46.87780512440721,2484.322925005993,257.6758656486052,444.58255287467887
