degree,window,bandwidth,avg_return,num_stocks,min_return,max_return,median_return,std_return
7,100,1.9999999999999996,468.6141813007276,86,-52.31187009149306,4067.016126001721,303.6076903285339,604.5219716794347
