degree,window,bandwidth,avg_return,num_stocks,min_return,max_return,median_return,std_return
1,100,1.7999999999999998,431.93344180651906,86,-36.3779042467058,5638.295263325055,326.98038136329524,631.259037910196
