degree,window,bandwidth,avg_return,num_stocks,min_return,max_return,median_return,std_return
9,60,2.3,324.5917320730493,86,-81.10127710336094,3169.9794654645607,195.91348669473172,486.29124926515226
