degree,window,bandwidth,avg_return,num_stocks,min_return,max_return,median_return,std_return
1,60,3.999999999999999,451.41467958690924,86,-53.192699722931515,3022.8182852308573,304.25964116773866,506.3109894692927
