degree,window,bandwidth,avg_return,num_stocks,min_return,max_return,median_return,std_return
7,50,2.3,264.4883242710344,86,-65.9102370057046,1344.0512241034191,235.63544050268433,276.8844661774297
