degree,window,bandwidth,avg_return,num_stocks,min_return,max_return,median_return,std_return
8,80,2.7999999999999994,300.90660463008965,86,-73.56567191553619,6013.001843693924,144.03798900428077,693.6879703267867
