degree,window,bandwidth,avg_return,num_stocks,min_return,max_return,median_return,std_return
6,100,0.7999999999999999,516.1526932298593,86,-60.69555487043051,3998.402076101753,325.58265146698477,680.2101690915816
