degree,window,bandwidth,avg_return,num_stocks,min_return,max_return,median_return,std_return
9,20,2.9999999999999996,619.1783609309085,86,2.2697166887850106,7551.620077234037,316.14298042857826,1001.0909845685975
