degree,window,bandwidth,avg_return,num_stocks,min_return,max_return,median_return,std_return
2,90,1.0999999999999999,361.8706598286245,86,-48.93775213222039,3089.6811890816775,226.80401364481605,465.71489218918356
