degree,window,bandwidth,avg_return,num_stocks,min_return,max_return,median_return,std_return
2,100,0.7999999999999999,357.5239559202006,86,-56.4258604628257,2441.49164376155,263.9069761139133,398.4601939936345
