degree,window,bandwidth,avg_return,num_stocks,min_return,max_return,median_return,std_return
9,60,2.0999999999999996,328.0685848805213,86,-84.36275370652801,2996.760686828113,189.4522593700218,467.4520472711567
