degree,window,bandwidth,avg_return,num_stocks,min_return,max_return,median_return,std_return
1,40,1.4,457.48186693690656,86,-66.61943196195324,2695.195324144459,314.9948831757223,475.00480494906486
