degree,window,bandwidth,avg_return,num_stocks,min_return,max_return,median_return,std_return
6,110,2.9999999999999996,313.6405413253171,86,-63.878498626669334,2594.2702271052376,230.37212713202013,438.7819626180657
