degree,window,bandwidth,avg_return,num_stocks,min_return,max_return,median_return,std_return
4,100,1.2999999999999998,341.6942614074769,86,-40.03513194246358,5517.819652157313,263.13018147606425,610.1130547658203
