degree,window,bandwidth,avg_return,num_stocks,min_return,max_return,median_return,std_return
9,40,1.8999999999999997,447.8402169876896,86,-54.51123054433554,2717.5584317086978,258.88127205813623,532.7374166350177
