degree,window,bandwidth,avg_return,num_stocks,min_return,max_return,median_return,std_return
7,110,1.0999999999999999,439.1033699138892,86,-32.46450370855861,2451.3284059024977,247.34806110518073,480.0824132904151
