degree,window,bandwidth,avg_return,num_stocks,min_return,max_return,median_return,std_return
4,120,3.0999999999999996,287.26114863176826,86,-52.56401911135731,1293.5688959068323,205.9335517337038,287.78511835046186
