degree,window,bandwidth,avg_return,num_stocks,min_return,max_return,median_return,std_return
8,20,1.4,437.993115544031,86,-3.386870109675092,2150.8736034232797,300.14871560668496,449.10847954970905
