degree,window,bandwidth,avg_return,num_stocks,min_return,max_return,median_return,std_return
1,110,3.8999999999999995,499.5566864229267,86,-38.24260904791442,2634.594023245025,290.66105120927307,634.6916679598909
