degree,window,bandwidth,avg_return,num_stocks,min_return,max_return,median_return,std_return
4,100,1.1999999999999997,334.919794400805,86,-62.48289876532166,4446.3096978057165,257.891498280871,518.0764530309787
