degree,window,bandwidth,avg_return,num_stocks,min_return,max_return,median_return,std_return
2,110,3.3999999999999995,414.2197392480581,86,-74.70373059120857,6706.6408039310445,256.7958059496749,807.0032153928988
