degree,window,bandwidth,avg_return,num_stocks,min_return,max_return,median_return,std_return
5,20,2.9999999999999996,206.59939079910112,86,-67.54360991486986,1327.6787703510865,158.2746186746692,238.66233576624612
