degree,window,bandwidth,avg_return,num_stocks,min_return,max_return,median_return,std_return
1,50,3.0999999999999996,485.89646878731946,86,-60.50672539876083,5574.181040347976,333.68840315928037,698.5718884141702
