degree,window,bandwidth,avg_return,num_stocks,min_return,max_return,median_return,std_return
2,40,0.7999999999999999,437.3073532514798,86,-58.34406400765905,5300.453745422993,208.47623147221464,698.2052905841635
