degree,window,bandwidth,avg_return,num_stocks,min_return,max_return,median_return,std_return
6,40,3.1999999999999993,239.98093170588706,86,-85.5476391890475,1786.7664401389732,203.00055093368326,273.22205195424704
