degree,window,bandwidth,avg_return,num_stocks,min_return,max_return,median_return,std_return
9,40,2.6999999999999993,371.53993847511805,86,-43.538379776463415,2388.883760377363,231.27762704834535,418.2500554255974
