degree,window,bandwidth,avg_return,num_stocks,min_return,max_return,median_return,std_return
8,60,1.1999999999999997,306.07152246955803,86,-65.57881955105528,1186.780572524248,277.8690153500217,290.14706835719585
