degree,window,bandwidth,avg_return,num_stocks,min_return,max_return,median_return,std_return
7,20,2.5999999999999996,740.4206980611756,86,-39.87055669135352,6534.265472894632,454.4701308231205,1063.9664098041271
