degree,window,bandwidth,avg_return,num_stocks,min_return,max_return,median_return,std_return
5,110,2.6999999999999993,311.2816396733219,86,-70.81788336798016,1810.7599190148583,232.6399395263391,322.90182304302186
