degree,window,bandwidth,avg_return,num_stocks,min_return,max_return,median_return,std_return
6,70,2.3999999999999995,344.32492405620695,86,-57.21438314576615,1994.6006385438698,225.78621502521355,380.31303627344573
