degree,window,bandwidth,avg_return,num_stocks,min_return,max_return,median_return,std_return
5,80,2.0999999999999996,387.36249251559775,86,-47.0405450746628,2734.8216738949577,270.3322552300118,466.3496437775136
