degree,window,bandwidth,avg_return,num_stocks,min_return,max_return,median_return,std_return
2,70,1.8999999999999997,394.3451321769175,86,-64.77526348422529,2686.2247055039634,264.8425355712262,512.0985961522235
