degree,window,bandwidth,avg_return,num_stocks,min_return,max_return,median_return,std_return
9,70,2.8999999999999995,266.5285186248078,86,-68.13998484883822,1460.9701518148306,185.942465801443,289.32312032625686
