degree,window,bandwidth,avg_return,num_stocks,min_return,max_return,median_return,std_return
6,60,3.0999999999999996,359.8901065595883,86,-69.65477189468214,3649.6314776152694,217.0030051315399,507.1308090439161
