degree,window,bandwidth,avg_return,num_stocks,min_return,max_return,median_return,std_return
3,50,1.6999999999999997,363.0347952475345,86,-59.44815010951914,4117.851236523492,227.58213062528773,534.105451539957
