degree,window,bandwidth,avg_return,num_stocks,min_return,max_return,median_return,std_return
1,100,3.8999999999999995,434.1100425027739,86,-43.986956001282906,2478.8974599787934,316.4645437078341,509.87703590782496
