degree,window,bandwidth,avg_return,num_stocks,min_return,max_return,median_return,std_return
8,20,3.7999999999999994,418.57729007780154,86,-23.71005437956804,1741.2547293289176,281.4408401497825,397.3722309916457
