degree,window,bandwidth,avg_return,num_stocks,min_return,max_return,median_return,std_return
4,100,1.5999999999999996,372.61660005424034,86,-41.756963213343816,4106.0056148919875,295.6932628557431,559.8738346641056
