degree,window,bandwidth,avg_return,num_stocks,min_return,max_return,median_return,std_return
8,100,3.7999999999999994,347.2952240219296,86,-59.43165154115392,2083.087611446141,226.94435804487193,390.75224279813483
