degree,window,bandwidth,avg_return,num_stocks,min_return,max_return,median_return,std_return
2,100,2.6999999999999993,341.88243931431214,86,-89.91071661487688,1366.1113690580485,234.4358720619772,332.5809793891096
