degree,window,bandwidth,avg_return,num_stocks,min_return,max_return,median_return,std_return
6,110,2.8999999999999995,336.72675772987714,86,-65.93203880925049,2978.283054701159,205.67717463601286,493.14733159267183
