degree,window,bandwidth,avg_return,num_stocks,min_return,max_return,median_return,std_return
1,120,2.1999999999999997,511.65678203186053,86,-39.2400238055356,5518.547785582431,362.02016781908594,698.4591254303812
