degree,window,bandwidth,avg_return,num_stocks,min_return,max_return,median_return,std_return
7,70,1.4999999999999998,271.0767073665729,86,-81.01470592200354,4408.190913426315,163.75609466695795,518.5066106809721
