degree,window,bandwidth,avg_return,num_stocks,min_return,max_return,median_return,std_return
2,30,0.6,575.1883369277509,86,-69.16389036857565,3738.057325260413,400.15990753872313,648.4400114443571
