degree,window,bandwidth,avg_return,num_stocks,min_return,max_return,median_return,std_return
3,40,3.8999999999999995,307.6493407485194,86,-68.67125282694165,3876.885531578082,173.6926115478529,532.4456618925896
