degree,window,bandwidth,avg_return,num_stocks,min_return,max_return,median_return,std_return
3,30,2.3,529.1551603298248,86,-51.7438529042441,5905.938007337581,338.24331823566916,759.1450033260564
