degree,window,bandwidth,avg_return,num_stocks,min_return,max_return,median_return,std_return
1,60,3.6999999999999993,457.9257309313749,86,-54.91966005490055,3034.394069477653,355.76965966482817,497.63181007948384
