degree,window,bandwidth,avg_return,num_stocks,min_return,max_return,median_return,std_return
9,110,1.9999999999999996,252.41727152833428,86,-61.280674424805625,2152.123685953289,179.47729706377112,315.90214637316797
