degree,window,bandwidth,avg_return,num_stocks,min_return,max_return,median_return,std_return
3,80,3.1999999999999993,326.3800043925647,86,-83.37985363021569,1859.217659320652,183.15891791339476,361.20754301485283
