degree,window,bandwidth,avg_return,num_stocks,min_return,max_return,median_return,std_return
6,30,2.1999999999999997,224.97567765755474,86,-81.12421192186237,1269.5825881721294,143.55518865010072,261.77365207813995
