degree,window,bandwidth,avg_return,num_stocks,min_return,max_return,median_return,std_return
4,70,3.3999999999999995,288.0956307744045,86,-62.53458748140057,2437.9404058972773,158.42794914475252,379.2915853951401
