degree,window,bandwidth,avg_return,num_stocks,min_return,max_return,median_return,std_return
5,20,2.0999999999999996,270.14663308908683,86,-63.35811881426886,2345.739931071862,141.19610055037748,398.00143191870484
