degree,window,bandwidth,avg_return,num_stocks,min_return,max_return,median_return,std_return
4,80,1.9999999999999996,308.9935397073863,86,-54.8995754882165,1995.5484705876256,202.30564373221745,338.3290768317858
