degree,window,bandwidth,avg_return,num_stocks,min_return,max_return,median_return,std_return
8,50,2.0999999999999996,329.5637324563352,86,-72.33312755860138,2252.920728239598,180.16232685336558,489.1281319900247
