degree,window,bandwidth,avg_return,num_stocks,min_return,max_return,median_return,std_return
7,80,3.999999999999999,343.1142021659875,86,-42.15606230033742,1945.6771601532846,232.1213659917213,382.87047629576267
