degree,window,bandwidth,avg_return,num_stocks,min_return,max_return,median_return,std_return
3,80,0.7999999999999999,351.52082403365966,86,-39.537064857747026,4047.2133907890607,259.2217170296054,491.58903542781485
