degree,window,bandwidth,avg_return,num_stocks,min_return,max_return,median_return,std_return
8,20,0.7,434.2899619738105,86,-3.6707428064274246,3370.6539128576787,316.8204871771733,489.62921174239096
