degree,window,bandwidth,avg_return,num_stocks,min_return,max_return,median_return,std_return
9,40,3.599999999999999,361.0436378723004,86,-53.05880862048935,3025.146895709673,234.6496082683158,480.75964059447375
