degree,window,bandwidth,avg_return,num_stocks,min_return,max_return,median_return,std_return
9,20,3.0999999999999996,616.5995829181466,86,2.2697166887850106,6935.227422312579,309.6586057131668,961.5564903893808
