degree,window,bandwidth,avg_return,num_stocks,min_return,max_return,median_return,std_return
4,50,2.1999999999999997,463.9141498308794,86,-41.16058532236671,2705.3395316162114,324.0074127133825,486.2107086087511
