degree,window,bandwidth,avg_return,num_stocks,min_return,max_return,median_return,std_return
6,110,3.3999999999999995,371.15197512162837,86,-71.73261039866257,5677.591108094751,205.24222753233423,697.073813402689
