degree,window,bandwidth,avg_return,num_stocks,min_return,max_return,median_return,std_return
3,40,2.3999999999999995,422.9592048618605,86,-44.59235196799396,2033.5940272969754,364.6607495574465,368.68118753019274
