degree,window,bandwidth,avg_return,num_stocks,min_return,max_return,median_return,std_return
2,70,2.5999999999999996,407.5323902891992,86,-54.38271823627442,3510.246462432782,218.02604493976256,571.8124604511436
