degree,window,bandwidth,avg_return,num_stocks,min_return,max_return,median_return,std_return
9,80,3.999999999999999,242.85287165437697,86,-59.71340358611166,1595.4320454073772,126.40020966998986,294.777472714848
