degree,window,bandwidth,avg_return,num_stocks,min_return,max_return,median_return,std_return
8,80,0.8999999999999999,241.06676945651714,86,-80.07655825902839,1992.7744965519619,169.41747723442302,322.1992223366097
