degree,window,bandwidth,avg_return,num_stocks,min_return,max_return,median_return,std_return
7,60,3.999999999999999,318.0722660729107,86,-88.5598401408966,7712.851949097899,176.8322043008064,838.3061339237819
