degree,window,bandwidth,avg_return,num_stocks,min_return,max_return,median_return,std_return
2,60,0.7,390.26934009298236,86,-64.2536752299619,3006.3839874011005,261.2755948956188,472.1038617000597
