degree,window,bandwidth,avg_return,num_stocks,min_return,max_return,median_return,std_return
8,70,2.7999999999999994,238.97054712375342,86,-89.16027926117526,1806.904844493273,161.13915714019566,277.8601022191104
