degree,window,bandwidth,avg_return,num_stocks,min_return,max_return,median_return,std_return
9,40,1.4999999999999998,444.80758093273334,86,-59.76253371953833,1948.5500184259884,325.79814982254356,441.0494529848885
