degree,window,bandwidth,avg_return,num_stocks,min_return,max_return,median_return,std_return
9,50,1.4999999999999998,328.6207544052068,86,-78.73857889223744,3889.0916984686155,179.39421688336188,527.8891080205993
