degree,window,bandwidth,avg_return,num_stocks,min_return,max_return,median_return,std_return
3,90,3.599999999999999,280.9669995695131,86,-36.688527848513395,2492.6436434082016,188.98155926023964,400.7213132376225
