degree,window,bandwidth,avg_return,num_stocks,min_return,max_return,median_return,std_return
6,80,1.1999999999999997,458.5270938223652,86,-22.457753271220135,3091.9659734383613,258.61882692915816,569.6636669983509
