degree,window,bandwidth,avg_return,num_stocks,min_return,max_return,median_return,std_return
7,50,2.1999999999999997,265.83998109484776,86,-66.62332855972409,1655.7035398173075,241.34353681878304,291.50673739567753
