degree,window,bandwidth,avg_return,num_stocks,min_return,max_return,median_return,std_return
1,60,3.499999999999999,501.8349955903759,86,-58.34343551508828,3407.0030183526314,388.5808434942461,545.3724821951124
