degree,window,bandwidth,avg_return,num_stocks,min_return,max_return,median_return,std_return
8,20,1.0999999999999999,429.4009718635578,86,0.3561274225079614,2280.763393715074,284.63120139196013,460.2371169649778
