degree,window,bandwidth,avg_return,num_stocks,min_return,max_return,median_return,std_return
8,70,3.1999999999999993,233.44855165607797,86,-88.99872545954175,1305.0448907074615,165.497065973724,253.5319303432308
