degree,window,bandwidth,avg_return,num_stocks,min_return,max_return,median_return,std_return
5,120,3.2999999999999994,327.3971966804969,86,-63.220854928054884,1537.165261777631,224.00383288614378,308.4931804599729
