degree,window,bandwidth,avg_return,num_stocks,min_return,max_return,median_return,std_return
3,40,0.9999999999999999,630.3260120164068,86,-42.21887114304935,3591.316037041041,465.07263899230156,661.4948393437911
