degree,window,bandwidth,avg_return,num_stocks,min_return,max_return,median_return,std_return
8,100,3.1999999999999993,390.47497453535266,86,-42.07886612798898,4026.826392373041,232.68433024277016,526.2360682957628
