degree,window,bandwidth,avg_return,num_stocks,min_return,max_return,median_return,std_return
1,100,0.5,403.2687219824958,86,-51.793044272750386,4585.950506626197,263.0894322127992,606.0056366471313
