degree,window,bandwidth,avg_return,num_stocks,min_return,max_return,median_return,std_return
1,70,3.499999999999999,455.5289740808872,86,-49.55052121553792,2336.686034841648,374.7210180733042,440.66151452276523
