degree,window,bandwidth,avg_return,num_stocks,min_return,max_return,median_return,std_return
1,30,2.7999999999999994,441.9659193204821,86,-62.27100446666478,4806.504308690379,292.7501104001281,601.9300821858747
