degree,window,bandwidth,avg_return,num_stocks,min_return,max_return,median_return,std_return
2,60,3.999999999999999,337.9363015733,86,-33.93025360322398,1793.1525623944076,168.59788052089255,385.5235576145332
