degree,window,bandwidth,avg_return,num_stocks,min_return,max_return,median_return,std_return
7,80,1.7999999999999998,298.70159441292844,86,-66.97546150769635,4347.409017996197,193.32947914836527,509.24137643410774
