degree,window,bandwidth,avg_return,num_stocks,min_return,max_return,median_return,std_return
1,20,2.1999999999999997,450.52640459139104,86,-43.87388450556708,2429.743528929458,304.4289038513928,482.94118692868824
