degree,window,bandwidth,avg_return,num_stocks,min_return,max_return,median_return,std_return
6,60,3.8999999999999995,479.4153889054942,86,-80.897082446982,5644.828885700467,293.19465358100524,740.7288161278957
