degree,window,bandwidth,avg_return,num_stocks,min_return,max_return,median_return,std_return
2,60,1.5999999999999996,352.71383988512844,86,-47.56554187561548,3082.4318967004738,198.19338429780996,465.2937102814858
