degree,window,bandwidth,avg_return,num_stocks,min_return,max_return,median_return,std_return
9,20,0.9999999999999999,596.9522615183795,86,-20.257879727121573,4871.039561466188,337.4657641275862,761.6403452993602
