degree,window,bandwidth,avg_return,num_stocks,min_return,max_return,median_return,std_return
1,30,1.7999999999999998,432.29170497971353,86,-62.23748500235904,3378.878116624772,269.5795388835036,543.399099873242
