degree,window,bandwidth,avg_return,num_stocks,min_return,max_return,median_return,std_return
4,100,0.8999999999999999,350.30959123937157,86,-73.17182800117153,2526.5284510609545,270.9649870877337,376.5460949892385
