degree,window,bandwidth,avg_return,num_stocks,min_return,max_return,median_return,std_return
8,30,2.6999999999999993,738.3403467512854,86,-40.27746825492571,4229.064446019342,446.5025768777807,798.5231167090735
