degree,window,bandwidth,avg_return,num_stocks,min_return,max_return,median_return,std_return
1,60,1.0999999999999999,419.73507867168115,86,-66.76699899211862,1877.33754840558,314.7964966232429,403.6492809538546
