degree,window,bandwidth,avg_return,num_stocks,min_return,max_return,median_return,std_return
4,40,2.9999999999999996,478.8321899888844,86,-41.604118427677605,3445.015480632397,294.75869291873073,576.7644986098655
