degree,window,bandwidth,avg_return,num_stocks,min_return,max_return,median_return,std_return
2,20,2.4999999999999996,463.4052617260826,86,-62.44244644661994,2507.970665179395,328.7174682755218,462.28651053720625
