degree,window,bandwidth,avg_return,num_stocks,min_return,max_return,median_return,std_return
1,80,2.5999999999999996,511.5546769405905,86,-75.89622271180033,7486.9971653464645,344.2426940898332,853.4233003875004
