degree,window,bandwidth,avg_return,num_stocks,min_return,max_return,median_return,std_return
7,100,3.599999999999999,415.8532972476427,86,-49.14552049699366,3915.278039722611,237.84510346276556,556.9438543669081
