degree,window,bandwidth,avg_return,num_stocks,min_return,max_return,median_return,std_return
3,70,3.0999999999999996,312.74716615261974,86,-76.59776487058355,1794.2407964946003,194.6696566013422,364.21607603465293
