degree,window,bandwidth,avg_return,num_stocks,min_return,max_return,median_return,std_return
1,50,1.1999999999999997,440.91816060548234,86,-62.263418575633025,2131.5114546402738,293.39882709711793,470.75277884361077
