degree,window,bandwidth,avg_return,num_stocks,min_return,max_return,median_return,std_return
1,120,2.5999999999999996,590.9714678834528,86,-70.66423165253065,5197.688401297931,387.2148220784702,766.3286621350159
