degree,window,bandwidth,avg_return,num_stocks,min_return,max_return,median_return,std_return
2,110,1.9999999999999996,341.06565381077326,86,-64.86593108458874,1499.9946084908865,217.4459331205118,352.4665585991463
