degree,window,bandwidth,avg_return,num_stocks,min_return,max_return,median_return,std_return
7,60,1.4999999999999998,237.0641106695592,86,-80.81009081761968,4268.797096837173,148.89947124115253,472.3778568548996
