degree,window,bandwidth,avg_return,num_stocks,min_return,max_return,median_return,std_return
8,120,2.6999999999999993,441.2106781387903,86,-31.53087000341806,2541.829593807877,306.2748307292659,508.4730821069986
