degree,window,bandwidth,avg_return,num_stocks,min_return,max_return,median_return,std_return
4,20,3.599999999999999,359.90158501129105,86,-73.61037411180162,5105.10108667053,193.83219267370276,750.1889693496274
