degree,window,bandwidth,avg_return,num_stocks,min_return,max_return,median_return,std_return
7,50,0.9999999999999999,256.7670368903323,86,-89.91487595933512,1496.0109253471185,210.70495366690773,267.2061308582124
