degree,window,bandwidth,avg_return,num_stocks,min_return,max_return,median_return,std_return
2,90,1.7999999999999998,400.3099372858673,86,-58.47456498968643,2058.2283328580097,242.20682846142148,421.4381943817422
