degree,window,bandwidth,avg_return,num_stocks,min_return,max_return,median_return,std_return
7,120,1.7999999999999998,461.035274091286,86,-35.732762712253354,4239.323590341008,285.2830994811033,579.3858415647169
