degree,window,bandwidth,avg_return,num_stocks,min_return,max_return,median_return,std_return
5,120,2.6999999999999993,342.7907308746742,86,-59.07918587474572,2017.2144659303347,208.3199857429774,387.78686987674075
