degree,window,bandwidth,avg_return,num_stocks,min_return,max_return,median_return,std_return
2,70,2.3,461.0792592343136,86,-74.41849651103345,5537.283782797867,233.829877542315,789.160845359473
