degree,window,bandwidth,avg_return,num_stocks,min_return,max_return,median_return,std_return
3,20,2.3999999999999995,338.66562155356223,86,-82.22606414303411,3041.282111106295,256.3684003674657,385.5033715962833
