degree,window,bandwidth,avg_return,num_stocks,min_return,max_return,median_return,std_return
8,30,2.9999999999999996,724.5930029999818,86,-48.56371167926928,4708.936424145055,429.8345573261919,870.9064012691473
