degree,window,bandwidth,avg_return,num_stocks,min_return,max_return,median_return,std_return
2,90,0.5,348.4122831124692,86,-60.90986122575607,2908.958028245943,211.74356792377517,437.97868008679865
