degree,window,bandwidth,avg_return,num_stocks,min_return,max_return,median_return,std_return
6,20,1.1999999999999997,799.8935633425663,86,-54.73144806136504,5572.19995239611,441.1950235465014,1109.5517975404653
