degree,window,bandwidth,avg_return,num_stocks,min_return,max_return,median_return,std_return
8,110,1.5999999999999996,443.5776643190644,86,-19.453908465931534,2413.350367951519,269.6390343527372,481.0889836778263
