degree,window,bandwidth,avg_return,num_stocks,min_return,max_return,median_return,std_return
4,90,1.5999999999999996,348.2234739290135,86,-59.26032684899675,3825.0611204514107,246.95515693849245,474.01557042266603
