degree,window,bandwidth,avg_return,num_stocks,min_return,max_return,median_return,std_return
7,70,0.7,247.26935871118752,86,-84.71020346421743,2640.522531902363,118.62256365157376,352.40873669272366
