degree,window,bandwidth,avg_return,num_stocks,min_return,max_return,median_return,std_return
3,110,3.7999999999999994,256.98177362286896,86,-43.206476160130855,1915.153283923258,177.81882006332347,318.28688228894504
