degree,window,bandwidth,avg_return,num_stocks,min_return,max_return,median_return,std_return
8,100,1.2999999999999998,295.9346970503464,86,-77.24370583417034,2501.8692165114962,188.4931305340454,398.0757640176064
