degree,window,bandwidth,avg_return,num_stocks,min_return,max_return,median_return,std_return
2,20,3.0999999999999996,401.3716817666977,86,-68.2091346558594,2061.4635069521823,226.6247220470854,462.0640900921201
