degree,window,bandwidth,avg_return,num_stocks,min_return,max_return,median_return,std_return
3,30,1.9999999999999996,449.12116936656383,86,-79.05153576952824,3495.9727809727146,330.4042195540919,493.5352244485997
