degree,window,bandwidth,avg_return,num_stocks,min_return,max_return,median_return,std_return
2,80,2.8999999999999995,342.37582873589787,86,-50.150614759946976,2332.154622662307,242.2726473813266,375.3866659338993
