degree,window,bandwidth,avg_return,num_stocks,min_return,max_return,median_return,std_return
7,80,1.9999999999999996,309.48297622827994,86,-61.40082525973679,4278.962111168862,172.461263053607,510.39898778239075
