degree,window,bandwidth,avg_return,num_stocks,min_return,max_return,median_return,std_return
4,120,3.7999999999999994,233.7686830217867,86,-86.3457244780228,1160.9387232548277,180.83446853138287,253.02584030845284
