degree,window,bandwidth,avg_return,num_stocks,min_return,max_return,median_return,std_return
6,20,2.3,666.1132449882856,86,-47.911800932735346,5547.122447524365,436.492336391374,876.6265983874971
