degree,window,bandwidth,avg_return,num_stocks,min_return,max_return,median_return,std_return
8,40,2.8999999999999995,281.443024703969,86,-81.06444253523622,1578.7072107639642,180.13586419136334,330.54268537970245
