degree,window,bandwidth,avg_return,num_stocks,min_return,max_return,median_return,std_return
7,40,3.1999999999999993,309.38716873164867,86,-65.39168286255014,2134.8632475749496,193.07763006150543,398.09357709375183
