degree,window,bandwidth,avg_return,num_stocks,min_return,max_return,median_return,std_return
4,40,2.1999999999999997,430.137942593707,86,-85.11571313385453,3776.3503412027626,276.76854953141384,609.2237480930651
