degree,window,bandwidth,avg_return,num_stocks,min_return,max_return,median_return,std_return
1,90,3.999999999999999,540.7463153675836,86,-43.986956001282906,3587.9905153280424,365.19913828968777,718.7664386415051
