degree,window,bandwidth,avg_return,num_stocks,min_return,max_return,median_return,std_return
9,70,3.3999999999999995,285.43953930740287,86,-71.73804404377121,1842.806637056722,179.81405363227515,347.5730340099756
