degree,window,bandwidth,avg_return,num_stocks,min_return,max_return,median_return,std_return
6,20,3.2999999999999994,622.0424919109729,86,-61.42045738105495,3992.7135354083352,439.66275101105816,732.6539996308616
