degree,window,bandwidth,avg_return,num_stocks,min_return,max_return,median_return,std_return
1,110,2.7999999999999994,532.5788309688328,86,-77.18108833077521,3980.131738582644,378.0068682279465,634.3715229675671
