degree,window,bandwidth,avg_return,num_stocks,min_return,max_return,median_return,std_return
1,40,3.0999999999999996,456.693511592588,86,-65.42628289824229,3986.8522591824712,307.78648106840103,552.3274049866478
