degree,window,bandwidth,avg_return,num_stocks,min_return,max_return,median_return,std_return
6,50,0.7999999999999999,257.887258553531,86,-69.30301839340302,2515.8463589764337,189.2387857393041,322.035911872583
