degree,window,bandwidth,avg_return,num_stocks,min_return,max_return,median_return,std_return
6,100,3.7999999999999994,323.59016204047055,86,-50.21062603371822,3660.145134171238,186.7279964791904,525.1481708968778
