degree,window,bandwidth,avg_return,num_stocks,min_return,max_return,median_return,std_return
6,60,3.1999999999999993,383.98615753980374,86,-77.06307542780955,4777.612091769425,250.19165817061054,613.0110387190286
