degree,window,bandwidth,avg_return,num_stocks,min_return,max_return,median_return,std_return
9,30,3.6999999999999993,721.8016867752409,86,-33.54073304795928,5045.027901164052,422.9567261844863,969.1537112029505
