degree,window,bandwidth,avg_return,num_stocks,min_return,max_return,median_return,std_return
4,30,2.8999999999999995,306.49618685732185,86,-81.66109157596242,3913.8134204897256,212.5509132641621,476.5715289563255
