degree,window,bandwidth,avg_return,num_stocks,min_return,max_return,median_return,std_return
7,50,1.5999999999999996,259.0047082786116,86,-81.85287435022276,1217.252104126651,221.79815239619552,255.0589016211035
