degree,window,bandwidth,avg_return,num_stocks,min_return,max_return,median_return,std_return
5,100,0.5,492.727801230658,86,-73.46218652801205,7067.675896472019,305.601525517076,862.0780985745758
