degree,window,bandwidth,avg_return,num_stocks,min_return,max_return,median_return,std_return
8,110,3.7999999999999994,347.3308363061234,86,-79.70388461075146,2255.1590531869147,247.5742817402351,369.0514806159798
