degree,window,bandwidth,avg_return,num_stocks,min_return,max_return,median_return,std_return
9,90,2.5999999999999996,262.8636589005863,86,-83.67128964458011,2253.5724355874513,151.4937165529742,394.6308240352045
