degree,window,bandwidth,avg_return,num_stocks,min_return,max_return,median_return,std_return
2,50,3.1999999999999993,342.485373696469,86,-68.09089031296581,3925.4017605056115,181.32317222592275,562.7789558140157
