degree,window,bandwidth,avg_return,num_stocks,min_return,max_return,median_return,std_return
7,100,2.3,439.8096802502926,86,-46.80007337188298,3156.3570366024846,317.47274462473735,461.0864642797736
