degree,window,bandwidth,avg_return,num_stocks,min_return,max_return,median_return,std_return
9,110,1.5999999999999996,232.07339830683003,86,-69.31116381597309,3010.1313914292964,133.21181518678068,390.43266490820037
