degree,window,bandwidth,avg_return,num_stocks,min_return,max_return,median_return,std_return
2,70,2.7999999999999994,371.219716774222,86,-56.30735468439173,1892.8232087570268,245.77211996933246,416.00362029555373
