degree,window,bandwidth,avg_return,num_stocks,min_return,max_return,median_return,std_return
3,20,2.6999999999999993,360.05470831641395,86,-76.33575057325186,3114.6184325144054,286.1694929732419,408.1117591628451
