degree,window,bandwidth,avg_return,num_stocks,min_return,max_return,median_return,std_return
9,70,1.7999999999999998,263.292931275495,86,-70.4306550686161,1500.107675887302,189.21090986841057,282.2416663075504
