degree,window,bandwidth,avg_return,num_stocks,min_return,max_return,median_return,std_return
3,110,0.7999999999999999,354.71619114630136,86,-44.41047641143366,2106.63353359433,219.9223279532182,398.492452179821
