degree,window,bandwidth,avg_return,num_stocks,min_return,max_return,median_return,std_return
6,70,3.6999999999999993,387.46243913146634,86,-56.02529792770194,2649.854392125424,235.24332998196826,468.89471893700795
