degree,window,bandwidth,avg_return,num_stocks,min_return,max_return,median_return,std_return
5,40,0.7,250.40964427212538,86,-78.67025248044142,1965.2645213857372,204.2664016149265,281.73842659023296
