degree,window,bandwidth,avg_return,num_stocks,min_return,max_return,median_return,std_return
8,110,2.1999999999999997,433.93980018270344,86,-38.790983689125554,3842.4639006073753,307.1653003636019,540.5688880417971
