degree,window,bandwidth,avg_return,num_stocks,min_return,max_return,median_return,std_return
2,120,1.4999999999999998,374.69305091646106,86,-76.78230972483362,2504.6528840971678,214.7936865341732,428.3166136341856
