degree,window,bandwidth,avg_return,num_stocks,min_return,max_return,median_return,std_return
1,110,3.2999999999999994,505.5290224370347,86,-39.385386663904,2682.0285814646254,357.8914168555424,558.7756925023302
