degree,window,bandwidth,avg_return,num_stocks,min_return,max_return,median_return,std_return
2,60,3.3999999999999995,471.47165629276054,86,-60.206019297284016,4808.123631346403,186.82158164271408,813.3806880755446
