degree,window,bandwidth,avg_return,num_stocks,min_return,max_return,median_return,std_return
9,60,3.3999999999999995,339.46440745777517,86,-56.554380049042585,6938.468631443816,166.0256058375192,777.5352973870173
