degree,window,bandwidth,avg_return,num_stocks,min_return,max_return,median_return,std_return
6,90,2.0999999999999996,494.89903276803796,86,-33.909864325661445,2312.9209094829603,356.36629288251316,486.41319027951823
