degree,window,bandwidth,avg_return,num_stocks,min_return,max_return,median_return,std_return
2,120,1.6999999999999997,312.9961657792834,86,-70.82770779046182,1412.8316722732854,201.16135005705485,315.7627985819749
