degree,window,bandwidth,avg_return,num_stocks,min_return,max_return,median_return,std_return
9,80,1.9999999999999996,260.41933445728864,86,-87.87125569062275,3634.0396482734614,180.55750610453055,430.280676210323
