degree,window,bandwidth,avg_return,num_stocks,min_return,max_return,median_return,std_return
6,80,3.499999999999999,403.3822160137366,86,-69.2890239281212,2045.9834597522563,224.94311124120534,457.80323079296244
