degree,window,bandwidth,avg_return,num_stocks,min_return,max_return,median_return,std_return
1,100,0.7,419.605327950428,86,-45.40553358027747,4886.150680803138,274.1913520623807,636.4884862991163
