degree,window,bandwidth,avg_return,num_stocks,min_return,max_return,median_return,std_return
2,80,1.4,357.5959668712205,86,-76.74128636800958,3039.209853410396,244.43231111870855,447.65574891994737
