degree,window,bandwidth,avg_return,num_stocks,min_return,max_return,median_return,std_return
7,40,3.0999999999999996,298.6313828246847,86,-61.37858984071516,2626.4221379440014,189.00263691619682,402.33291704582484
