degree,window,bandwidth,avg_return,num_stocks,min_return,max_return,median_return,std_return
3,80,2.6999999999999993,362.8538341891058,86,-68.6043962608,1973.6666810860268,220.192051939829,429.4823207778455
