degree,window,bandwidth,avg_return,num_stocks,min_return,max_return,median_return,std_return
4,110,0.9999999999999999,382.23472522120954,86,-54.86593566666602,4622.960840154323,289.3632491224349,545.9657788508151
