degree,window,bandwidth,avg_return,num_stocks,min_return,max_return,median_return,std_return
2,90,2.3,352.25083841347885,86,-83.19464415833913,1550.9434033837315,258.2397212041998,351.1130856321147
