degree,window,bandwidth,avg_return,num_stocks,min_return,max_return,median_return,std_return
3,20,2.9999999999999996,365.96355830552494,86,-46.648348687363665,3092.1240400389697,235.8836820464811,442.1346605789986
