degree,window,bandwidth,avg_return,num_stocks,min_return,max_return,median_return,std_return
1,90,2.5999999999999996,525.2322129586026,86,-80.58226936972348,6525.267712767976,401.8508077777198,789.7729865896346
