degree,window,bandwidth,avg_return,num_stocks,min_return,max_return,median_return,std_return
3,20,3.3999999999999995,400.24573208244743,86,-56.10524108238529,3192.5951282081655,223.8591415319538,580.9707961505546
