degree,window,bandwidth,avg_return,num_stocks,min_return,max_return,median_return,std_return
3,20,3.6999999999999993,436.41906726255894,86,-56.08621289588075,5234.98289606601,302.28885042816864,682.2727027003232
