degree,window,bandwidth,avg_return,num_stocks,min_return,max_return,median_return,std_return
4,20,2.9999999999999996,273.06107760477175,86,-84.18496496491312,3177.71729679702,165.15064395530214,413.3884087857785
