degree,window,bandwidth,avg_return,num_stocks,min_return,max_return,median_return,std_return
9,90,0.8999999999999999,215.09967838506589,86,-84.42290729445682,3079.797467004593,145.2587265410101,359.6829610498727
