degree,window,bandwidth,avg_return,num_stocks,min_return,max_return,median_return,std_return
9,100,0.7999999999999999,241.30660336014424,86,-87.73166113595904,1886.2641236936308,177.27355837299723,309.48392695704274
