degree,window,bandwidth,avg_return,num_stocks,min_return,max_return,median_return,std_return
9,40,2.1999999999999997,429.0360167145823,86,-48.7346313020415,2334.1295835743013,261.4559464748758,514.3712359981824
