degree,window,bandwidth,avg_return,num_stocks,min_return,max_return,median_return,std_return
4,70,3.8999999999999995,256.18656563538394,86,-60.92360935041904,1332.4896694475742,152.51622151882418,313.86682129107106
