degree,window,bandwidth,avg_return,num_stocks,min_return,max_return,median_return,std_return
8,20,1.8999999999999997,427.9862971595345,86,-14.414102210316287,2447.8121170015024,293.24491312169175,438.28602670855867
