degree,window,bandwidth,avg_return,num_stocks,min_return,max_return,median_return,std_return
1,110,2.1999999999999997,515.4435346662738,86,-79.45065563882082,5581.655881396044,363.89807140265276,728.9502641128104
