degree,window,bandwidth,avg_return,num_stocks,min_return,max_return,median_return,std_return
7,50,3.3999999999999995,263.13867985739114,86,-84.30159110461149,1548.5792009952538,211.71544828591996,297.78308485939164
