degree,window,bandwidth,avg_return,num_stocks,min_return,max_return,median_return,std_return
1,90,0.7,417.0620814002957,86,-46.73428106658273,3160.6667143704053,307.38333605915386,488.2218825928656
