degree,window,bandwidth,avg_return,num_stocks,min_return,max_return,median_return,std_return
8,70,2.6999999999999993,243.70469209119014,86,-86.99303154006826,2024.4858247326822,160.5262187762827,298.388267029783
