degree,window,bandwidth,avg_return,num_stocks,min_return,max_return,median_return,std_return
5,40,3.3999999999999995,341.29324313364964,86,-45.05965709623235,6287.126690520162,239.13745287541053,696.167527213437
