degree,window,bandwidth,avg_return,num_stocks,min_return,max_return,median_return,std_return
2,70,2.1999999999999997,457.0717750522193,86,-78.13251101769364,6427.754682258892,237.34469987292363,846.4931644572365
