degree,window,bandwidth,avg_return,num_stocks,min_return,max_return,median_return,std_return
2,110,2.7999999999999994,387.79407548989474,86,-72.90803902396495,2715.4374082316094,222.37301687859673,515.560829001292
