degree,window,bandwidth,avg_return,num_stocks,min_return,max_return,median_return,std_return
4,100,2.5999999999999996,401.29770098901815,86,-47.19411897926709,2437.280291889308,234.4557126512151,480.1196449443701
