degree,window,bandwidth,avg_return,num_stocks,min_return,max_return,median_return,std_return
1,40,1.1999999999999997,437.57587396913505,86,-78.13434709599174,2546.957083375235,287.6625220873477,477.4970513114898
