degree,window,bandwidth,avg_return,num_stocks,min_return,max_return,median_return,std_return
7,80,3.8999999999999995,376.3136269371875,86,-64.77966343601264,2859.7871973212705,237.63512338942934,537.9591703930075
