degree,window,bandwidth,avg_return,num_stocks,min_return,max_return,median_return,std_return
9,30,0.6,705.0755945961399,86,-56.70351901525888,8546.789689041594,411.6917529049134,1098.4294778701442
