degree,window,bandwidth,avg_return,num_stocks,min_return,max_return,median_return,std_return
4,80,2.4999999999999996,351.89341908394,86,-85.30651536841957,1776.4510552201032,231.24283296587183,392.2134710097206
