degree,window,bandwidth,avg_return,num_stocks,min_return,max_return,median_return,std_return
9,30,0.7,706.0926758544653,86,-52.683068361961624,8902.288104159135,422.99910476824266,1108.2631623316283
