degree,window,bandwidth,avg_return,num_stocks,min_return,max_return,median_return,std_return
8,100,2.7999999999999994,401.4460545071762,86,-43.79826234969534,3141.4257458658385,204.63384369325072,534.9623755838845
