degree,window,bandwidth,avg_return,num_stocks,min_return,max_return,median_return,std_return
6,70,2.8999999999999995,345.23112806028587,86,-43.41967059252462,2110.2116740040437,280.3260441198997,357.0795076062235
