degree,window,bandwidth,avg_return,num_stocks,min_return,max_return,median_return,std_return
7,110,3.599999999999999,408.62609599619077,86,-77.22714635544513,4079.759490160121,254.38441281694048,537.3408969769536
