degree,window,bandwidth,avg_return,num_stocks,min_return,max_return,median_return,std_return
2,110,0.8999999999999999,354.9470628022284,86,-74.92586989632865,2211.8543130148605,243.53680728511586,399.36863655582755
