degree,window,bandwidth,avg_return,num_stocks,min_return,max_return,median_return,std_return
1,70,1.0999999999999999,431.6352885703498,86,-47.005134701400664,1862.5129488136395,343.9311428146238,406.1983858504007
