degree,window,bandwidth,avg_return,num_stocks,min_return,max_return,median_return,std_return
3,120,2.9999999999999996,323.4625838251171,86,-53.21561773743382,1594.4969709876352,222.0163722718495,337.2992493551757
