degree,window,bandwidth,avg_return,num_stocks,min_return,max_return,median_return,std_return
8,90,0.5,204.06591611139874,86,-86.04609414933542,1775.8784634429426,132.44259751002537,264.29619983255196
