degree,window,bandwidth,avg_return,num_stocks,min_return,max_return,median_return,std_return
6,100,2.8999999999999995,435.0661788328216,86,-28.25386471000423,5729.03804205191,248.93340410193935,683.919148993503
