degree,window,bandwidth,avg_return,num_stocks,min_return,max_return,median_return,std_return
1,30,0.7,385.46780188474895,86,-58.04791080648136,1921.7911400276307,203.12992883282618,439.9461915803639
