degree,window,bandwidth,avg_return,num_stocks,min_return,max_return,median_return,std_return
6,110,2.5999999999999996,319.1439860581923,86,-67.36590249910076,3138.676948542214,235.87644886899756,408.66085442882155
