degree,window,bandwidth,avg_return,num_stocks,min_return,max_return,median_return,std_return
9,20,1.5999999999999996,616.5243989194838,86,-16.448519703605342,4487.397372918952,337.31661648935926,775.229306593892
