degree,window,bandwidth,avg_return,num_stocks,min_return,max_return,median_return,std_return
4,30,3.8999999999999995,475.4038078207084,86,-70.5450752083748,4030.187748188438,285.99446376316126,618.7860809287216
