degree,window,bandwidth,avg_return,num_stocks,min_return,max_return,median_return,std_return
8,50,1.9999999999999996,333.75969793118406,86,-67.68212252537805,2581.8486207897,157.36282881794673,504.0071105906049
