degree,window,bandwidth,avg_return,num_stocks,min_return,max_return,median_return,std_return
2,110,2.4999999999999996,314.38572514982974,86,-81.09056614671772,1189.4069812652904,235.0889662482198,284.99874126618226
