degree,window,bandwidth,avg_return,num_stocks,min_return,max_return,median_return,std_return
8,40,3.499999999999999,256.156917173925,86,-89.81304344609602,1824.5815505710823,162.4652806413572,326.58229611701444
