degree,window,bandwidth,avg_return,num_stocks,min_return,max_return,median_return,std_return
7,90,2.8999999999999995,428.19622136966086,86,-37.6116296879737,3107.8654241740255,294.64949776488226,499.34139183713205
