degree,window,bandwidth,avg_return,num_stocks,min_return,max_return,median_return,std_return
6,120,1.9999999999999996,396.9521487993942,86,-69.42214542962712,3967.903659607211,248.525194269868,539.2380828159976
