degree,window,bandwidth,avg_return,num_stocks,min_return,max_return,median_return,std_return
4,20,2.3999999999999995,206.10483490257994,86,-84.3531333274848,1019.4522862432899,149.4398627318846,239.53491512290537
