degree,window,bandwidth,avg_return,num_stocks,min_return,max_return,median_return,std_return
9,30,3.0999999999999996,754.4936584121708,86,-30.68292404739873,6685.657031574227,485.4430707827724,1107.074068966202
