degree,window,bandwidth,avg_return,num_stocks,min_return,max_return,median_return,std_return
9,110,1.8999999999999997,238.66912519503623,86,-65.74928180698114,2483.1392014712424,168.6049483400842,336.14581795825694
