degree,window,bandwidth,avg_return,num_stocks,min_return,max_return,median_return,std_return
6,30,3.499999999999999,236.55376763763314,86,-65.65845927054464,1272.0607557974986,162.05795099209763,254.0150031795758
