degree,window,bandwidth,avg_return,num_stocks,min_return,max_return,median_return,std_return
5,110,1.0999999999999999,321.81084090859855,86,-57.14623545485671,1751.7207568377114,254.74589145141294,353.31458646115044
