degree,window,bandwidth,avg_return,num_stocks,min_return,max_return,median_return,std_return
2,20,1.2999999999999998,491.329058900536,86,-29.61538371352448,2568.9826163833163,348.73777731108436,522.0533704435647
