degree,window,bandwidth,avg_return,num_stocks,min_return,max_return,median_return,std_return
5,90,1.4999999999999998,464.55642356298506,86,-55.63299915103265,9075.367165399826,256.83082766676176,1030.680628594262
