degree,window,bandwidth,avg_return,num_stocks,min_return,max_return,median_return,std_return
6,20,2.4999999999999996,698.3707644974927,86,-49.65146635698501,4951.0970069567775,390.06529661259117,927.8153460118365
