degree,window,bandwidth,avg_return,num_stocks,min_return,max_return,median_return,std_return
1,120,3.6999999999999993,486.6165878627031,86,-35.25008287191409,2564.7717945170057,322.04845183076793,576.8494256950022
