degree,window,bandwidth,avg_return,num_stocks,min_return,max_return,median_return,std_return
2,20,1.5999999999999996,480.2881983171285,86,-31.548244268038346,2052.7935300055765,394.6762846132702,412.6029022082574
