degree,window,bandwidth,avg_return,num_stocks,min_return,max_return,median_return,std_return
6,40,1.1999999999999997,268.9580335917451,86,-71.84803563449933,1283.2553931235302,187.67726034475172,286.66972643879984
