degree,window,bandwidth,avg_return,num_stocks,min_return,max_return,median_return,std_return
9,50,1.8999999999999997,293.86340524182435,86,-79.73849467400565,2598.959244487353,183.57193838994442,398.4644123248955
