degree,window,bandwidth,avg_return,num_stocks,min_return,max_return,median_return,std_return
8,60,1.8999999999999997,306.06438577053456,86,-74.93142399489214,1875.7640457462917,202.8216045879068,336.4926081417733
