degree,window,bandwidth,avg_return,num_stocks,min_return,max_return,median_return,std_return
7,50,0.7999999999999999,273.5498410855566,86,-87.29556836917428,2180.5430236231373,188.2571675001314,326.5373888315786
