degree,window,bandwidth,avg_return,num_stocks,min_return,max_return,median_return,std_return
7,80,0.5,338.4555669696043,86,-86.969243577135,7616.713892772103,183.74813692176755,833.2821297867628
