degree,window,bandwidth,avg_return,num_stocks,min_return,max_return,median_return,std_return
2,100,3.3999999999999995,372.3254238940701,86,-67.81625051788392,5384.178228114149,253.29286004144438,647.0683714246874
