degree,window,bandwidth,avg_return,num_stocks,min_return,max_return,median_return,std_return
4,80,2.5999999999999996,372.8371222508549,86,-82.87855868000157,3068.6006313574367,228.998868945295,497.779857289438
