degree,window,bandwidth,avg_return,num_stocks,min_return,max_return,median_return,std_return
9,50,1.5999999999999996,320.49505400249933,86,-77.75389215675517,3458.354597046842,193.37750876484304,483.72512866924194
