degree,window,bandwidth,avg_return,num_stocks,min_return,max_return,median_return,std_return
8,110,0.5,408.97939097622,86,-34.98361167732228,2687.940326951405,267.57832328486313,473.47084267950925
