degree,window,bandwidth,avg_return,num_stocks,min_return,max_return,median_return,std_return
7,30,0.6,338.85460832249737,86,-61.51542256817735,1957.065180616948,259.2324848403098,354.69290373337554
