degree,window,bandwidth,avg_return,num_stocks,min_return,max_return,median_return,std_return
6,110,0.5,534.896593142057,86,-72.0850505970792,7323.725708603363,304.98659026322275,1006.3706313836162
