degree,window,bandwidth,avg_return,num_stocks,min_return,max_return,median_return,std_return
8,40,3.1999999999999993,271.58023172452283,86,-86.48994956318494,1877.0401446159738,206.4456608394757,340.9533723762459
