degree,window,bandwidth,avg_return,num_stocks,min_return,max_return,median_return,std_return
8,60,0.7,348.42235194594775,86,-64.91952476120795,4257.644449911165,248.59646239640801,522.5585760752218
