degree,window,bandwidth,avg_return,num_stocks,min_return,max_return,median_return,std_return
9,40,1.7999999999999998,450.28659303640353,86,-50.927553574477,2378.045846794921,301.7796216410512,510.8985637196368
