degree,window,bandwidth,avg_return,num_stocks,min_return,max_return,median_return,std_return
6,50,1.6999999999999997,248.45179458877047,86,-85.50786531248752,3527.17854018644,169.4929530553526,450.0711038347452
