degree,window,bandwidth,avg_return,num_stocks,min_return,max_return,median_return,std_return
5,90,1.9999999999999996,420.01874574654715,86,-69.75591170227239,7456.327012285851,244.52825605130482,845.1805117192995
