degree,window,bandwidth,avg_return,num_stocks,min_return,max_return,median_return,std_return
9,90,0.7999999999999999,215.30383867588637,86,-82.29471658220734,2888.2166803705486,122.98635767686474,356.7654710197037
