degree,window,bandwidth,avg_return,num_stocks,min_return,max_return,median_return,std_return
5,100,3.499999999999999,327.92593784223067,86,-67.94622339781007,2184.1626076969933,166.59994438775806,447.0893017489286
