degree,window,bandwidth,avg_return,num_stocks,min_return,max_return,median_return,std_return
8,50,3.7999999999999994,379.4920857524206,86,-56.53684149075371,5980.945853524114,198.75601292482452,740.2096962594348
