degree,window,bandwidth,avg_return,num_stocks,min_return,max_return,median_return,std_return
8,120,1.0999999999999999,404.92556974181264,86,-50.120989511670565,1936.5747915849174,248.2600762350031,417.31089248376077
