degree,window,bandwidth,avg_return,num_stocks,min_return,max_return,median_return,std_return
2,110,3.599999999999999,414.1852858459131,86,-64.99813903194911,3548.7963455436566,281.26195335022703,521.2024795363488
