degree,window,bandwidth,avg_return,num_stocks,min_return,max_return,median_return,std_return
5,90,2.1999999999999997,358.79243945970296,86,-74.30280088360315,1744.4458781247085,256.64671490080264,392.3014239521615
