degree,window,bandwidth,avg_return,num_stocks,min_return,max_return,median_return,std_return
2,30,1.0999999999999999,503.97782124351505,86,-41.69043752987444,2383.2178915522236,377.2853807774778,499.1497245323061
