degree,window,bandwidth,avg_return,num_stocks,min_return,max_return,median_return,std_return
5,120,3.6999999999999993,309.93613972481216,86,-65.08048454133358,2211.2801413585994,220.44744226323547,348.6816392091105
