degree,window,bandwidth,avg_return,num_stocks,min_return,max_return,median_return,std_return
4,90,3.3999999999999995,340.1406187007781,86,-66.0991602141386,1779.1664635155068,215.59362932737048,367.7154713718018
