degree,window,bandwidth,avg_return,num_stocks,min_return,max_return,median_return,std_return
7,80,1.4999999999999998,290.8302858358449,86,-61.89215764256082,4795.93067265069,181.18876500148212,540.0685096633081
