degree,window,bandwidth,avg_return,num_stocks,min_return,max_return,median_return,std_return
9,100,0.5,247.66523052365602,86,-87.55911775142827,1592.0599230448559,159.01285645923713,292.29909552105033
