degree,window,bandwidth,avg_return,num_stocks,min_return,max_return,median_return,std_return
1,60,1.6999999999999997,438.7672363790928,86,-71.46311892030042,1823.8239959247985,309.94661344065776,418.7093679475433
