degree,window,bandwidth,avg_return,num_stocks,min_return,max_return,median_return,std_return
7,50,1.9999999999999996,274.2560552707358,86,-66.79486206074614,1803.2554608821663,231.6563106406059,299.8439180774509
