degree,window,bandwidth,avg_return,num_stocks,min_return,max_return,median_return,std_return
9,80,2.6999999999999993,215.26455329193377,86,-88.09263639088982,1377.8661000997208,157.5433572282655,238.04809312268765
