degree,window,bandwidth,avg_return,num_stocks,min_return,max_return,median_return,std_return
3,30,2.3999999999999995,546.3501874206369,86,-56.84372635317876,7676.18113307664,314.22723383570985,916.4894881225871
