degree,window,bandwidth,avg_return,num_stocks,min_return,max_return,median_return,std_return
1,90,1.4,421.3672760879241,86,-60.113462272530384,3352.4793999863887,277.4935013409066,504.8791343759601
