degree,window,bandwidth,avg_return,num_stocks,min_return,max_return,median_return,std_return
5,20,0.9999999999999999,311.66843555320065,86,-49.43319590546024,3038.4794606142636,179.8266152907883,459.04891525784745
