degree,window,bandwidth,avg_return,num_stocks,min_return,max_return,median_return,std_return
1,20,3.3999999999999995,485.5011425179317,86,-58.53919151516103,3041.8676460237343,324.81218548074247,573.9271829819702
