degree,window,bandwidth,avg_return,num_stocks,min_return,max_return,median_return,std_return
4,70,2.6999999999999993,331.7504911650176,86,-60.73485621432177,3193.480610184639,203.71396847744575,458.98323349982877
