degree,window,bandwidth,avg_return,num_stocks,min_return,max_return,median_return,std_return
2,50,1.0999999999999999,354.12040047782295,86,-61.79000020568086,2083.343477929208,225.73461173417127,421.67362128066844
