degree,window,bandwidth,avg_return,num_stocks,min_return,max_return,median_return,std_return
2,70,1.4999999999999998,391.8441505403382,86,-75.37682795881126,2890.0108832280443,222.02104786763311,489.2074339653657
