degree,window,bandwidth,avg_return,num_stocks,min_return,max_return,median_return,std_return
6,80,1.4999999999999998,421.99714669304535,86,-36.434395341064885,2890.269451084871,266.3585754891634,496.74088350924995
