degree,window,bandwidth,avg_return,num_stocks,min_return,max_return,median_return,std_return
2,50,0.8999999999999999,363.7576705631263,86,-61.10280639435231,2649.625269274101,223.1009109845271,488.5900729122488
