degree,window,bandwidth,avg_return,num_stocks,min_return,max_return,median_return,std_return
5,20,3.3999999999999995,201.78882996024714,86,-60.70581272039303,1139.6074684243351,118.72597230637885,241.01213883126493
