degree,window,bandwidth,avg_return,num_stocks,min_return,max_return,median_return,std_return
9,60,0.6,318.9242903863364,86,-90.31387302221945,2387.0773851589333,180.29804485899552,424.89636358528236
