degree,window,bandwidth,avg_return,num_stocks,min_return,max_return,median_return,std_return
9,60,3.6999999999999993,343.3451646534145,86,-64.80486632695329,6638.3529550785,181.05400127436263,738.6304966342589
