degree,window,bandwidth,avg_return,num_stocks,min_return,max_return,median_return,std_return
8,80,2.1999999999999997,235.51606994250957,86,-82.7341087223929,1604.8663441859612,132.9669119924871,299.69643791265713
