degree,window,bandwidth,avg_return,num_stocks,min_return,max_return,median_return,std_return
5,40,1.9999999999999996,320.0961146560925,86,-55.47386773232318,9519.102528336534,195.35799717567028,1017.3013823027748
