degree,window,bandwidth,avg_return,num_stocks,min_return,max_return,median_return,std_return
1,60,2.9999999999999996,486.12421756203526,86,-67.32085109811001,3884.3101048381745,332.7425140118795,621.3613572977328
