degree,window,bandwidth,avg_return,num_stocks,min_return,max_return,median_return,std_return
1,40,2.1999999999999997,430.5463555009832,86,-51.110433278492366,2352.9215422481298,353.24516466974455,405.9154773243926
