degree,window,bandwidth,avg_return,num_stocks,min_return,max_return,median_return,std_return
5,110,0.7,371.04484423357394,86,-71.64728264565396,2458.8968693338684,272.8467407615959,411.2213166620158
