degree,window,bandwidth,avg_return,num_stocks,min_return,max_return,median_return,std_return
4,30,2.0999999999999996,271.9298414863593,86,-78.44607268993667,3639.9551952561433,146.95993324038108,447.63573446482565
