degree,window,bandwidth,avg_return,num_stocks,min_return,max_return,median_return,std_return
5,80,1.1999999999999997,482.07853251049494,86,-64.72879475320892,3973.6085755876625,358.47714162778846,585.206269840433
