degree,window,bandwidth,avg_return,num_stocks,min_return,max_return,median_return,std_return
2,80,0.9999999999999999,335.25296112647254,86,-69.80460680087732,2398.7004865200747,238.41767129575362,379.90319482223697
