degree,window,bandwidth,avg_return,num_stocks,min_return,max_return,median_return,std_return
6,20,1.4999999999999998,801.5649085140665,86,-59.925025859890745,7175.007096812053,397.2566598752937,1159.8006372178634
