degree,window,bandwidth,avg_return,num_stocks,min_return,max_return,median_return,std_return
8,110,1.2999999999999998,419.5203521320807,86,-38.344717681363726,2288.846929684706,266.9282258827237,440.36131553361076
