degree,window,bandwidth,avg_return,num_stocks,min_return,max_return,median_return,std_return
3,30,0.9999999999999999,481.09788562681365,86,-51.633730489022966,4678.4019586148825,300.0231452979624,661.894576906856
