degree,window,bandwidth,avg_return,num_stocks,min_return,max_return,median_return,std_return
5,20,3.1999999999999993,206.6563915145568,86,-63.377842781000126,1685.4177677981693,141.6022683851129,270.3512777088801
