degree,window,bandwidth,avg_return,num_stocks,min_return,max_return,median_return,std_return
5,50,3.0999999999999996,434.7774140305227,86,-63.75200033101228,3648.8412114136217,267.2549566763772,578.7610622126527
