degree,window,bandwidth,avg_return,num_stocks,min_return,max_return,median_return,std_return
5,50,2.3999999999999995,404.6443534532976,86,-73.35146168916965,7871.67357900353,234.24200271271803,879.5556396994533
