degree,window,bandwidth,avg_return,num_stocks,min_return,max_return,median_return,std_return
5,20,2.5999999999999996,248.86218599923967,86,-63.65989594193625,1549.9991600724015,144.119950998174,354.07154366659535
