degree,window,bandwidth,avg_return,num_stocks,min_return,max_return,median_return,std_return
2,90,2.3999999999999995,358.8227333884835,86,-84.66678419396332,1784.6178352593477,271.5455273795898,348.1234678956758
