degree,window,bandwidth,avg_return,num_stocks,min_return,max_return,median_return,std_return
9,100,2.3,215.1884794167374,86,-73.95821850707073,1324.5700949638356,139.19389117339693,269.52547704813196
