degree,window,bandwidth,avg_return,num_stocks,min_return,max_return,median_return,std_return
2,50,2.0999999999999996,369.2767541422961,86,-47.27523054354707,1930.66413353894,237.3739209652838,413.96020679586775
