degree,window,bandwidth,avg_return,num_stocks,min_return,max_return,median_return,std_return
5,90,3.499999999999999,318.8240482108015,86,-81.08389348131409,2365.197724973205,233.85816488326714,379.795568134305
