degree,window,bandwidth,avg_return,num_stocks,min_return,max_return,median_return,std_return
8,90,3.599999999999999,296.0724608391332,86,-65.08922895181335,3724.325591148461,179.98195836606783,478.07517425970576
