degree,window,bandwidth,avg_return,num_stocks,min_return,max_return,median_return,std_return
2,100,0.6,348.82652073899646,86,-62.90340483594168,2938.7027441786427,252.10176584377984,412.58439738222745
