degree,window,bandwidth,avg_return,num_stocks,min_return,max_return,median_return,std_return
8,120,3.0999999999999996,414.78803326899293,86,-35.3529573646269,2634.6160254989272,282.7517660337972,481.2383993840715
