degree,window,bandwidth,avg_return,num_stocks,min_return,max_return,median_return,std_return
4,90,0.6,340.15698245831595,86,-67.6370865401551,1649.059715286354,226.23087498352842,358.90657603556895
