degree,window,bandwidth,avg_return,num_stocks,min_return,max_return,median_return,std_return
4,30,3.6999999999999993,410.19339194702565,86,-67.36761380802821,4842.544319958034,217.2553638326126,624.9328372338737
