degree,window,bandwidth,avg_return,num_stocks,min_return,max_return,median_return,std_return
4,40,3.8999999999999995,389.76350210327377,86,-47.148556861337426,4575.3299354844285,249.57290936143932,606.3104034141851
