degree,window,bandwidth,avg_return,num_stocks,min_return,max_return,median_return,std_return
6,100,3.6999999999999993,348.34467522434875,86,-38.46860532282939,3535.1585842002487,200.939943780847,556.9240773431657
