degree,window,bandwidth,avg_return,num_stocks,min_return,max_return,median_return,std_return
6,70,3.499999999999999,397.6895764060698,86,-56.893446426542205,3311.161383051088,217.31752086506845,510.7589493668218
