degree,window,bandwidth,avg_return,num_stocks,min_return,max_return,median_return,std_return
5,120,2.8999999999999995,345.5665271682067,86,-62.20962719419314,2490.594367679982,229.2626615431883,411.9271955774535
