degree,window,bandwidth,avg_return,num_stocks,min_return,max_return,median_return,std_return
9,90,1.7999999999999998,234.38208967240715,86,-82.68917058577976,1576.145496703047,140.8907467893099,294.00710918760603
