degree,window,bandwidth,avg_return,num_stocks,min_return,max_return,median_return,std_return
3,40,2.5999999999999996,462.73564885398935,86,-39.704268431903955,3569.259010547149,390.485959381219,544.3444927814344
