degree,window,bandwidth,avg_return,num_stocks,min_return,max_return,median_return,std_return
8,80,2.3999999999999995,243.4545988360549,86,-76.26783158483474,2293.193087863169,137.881409935541,367.92184662331454
