degree,window,bandwidth,avg_return,num_stocks,min_return,max_return,median_return,std_return
8,20,3.0999999999999996,429.5444512564281,86,-33.3094512101058,2488.2927079664873,297.0289123952057,454.1654632368403
