degree,window,bandwidth,avg_return,num_stocks,min_return,max_return,median_return,std_return
1,40,3.499999999999999,474.90712668370537,86,-51.3266861244558,3133.4255883791116,321.4938693938301,624.6608051397963
