degree,window,bandwidth,avg_return,num_stocks,min_return,max_return,median_return,std_return
3,110,0.8999999999999999,368.22052025126465,86,-41.541292385475245,2176.420013554851,207.49893148603496,430.24939032345065
