degree,window,bandwidth,avg_return,num_stocks,min_return,max_return,median_return,std_return
7,120,1.4999999999999998,530.1168499385941,86,-21.109882978072648,4611.614908019045,319.1756924621331,729.2978171277094
