degree,window,bandwidth,avg_return,num_stocks,min_return,max_return,median_return,std_return
1,120,1.1999999999999997,434.2353912030501,86,-65.5385230515979,3337.77675941515,343.736655933879,477.121681803334
