degree,window,bandwidth,avg_return,num_stocks,min_return,max_return,median_return,std_return
6,110,0.6,503.97349989321026,86,-68.82292112374103,4697.8233732904155,310.27560516600795,778.2173443371889
