degree,window,bandwidth,avg_return,num_stocks,min_return,max_return,median_return,std_return
5,60,2.3,424.5869211356117,86,-51.13793143450365,2093.077381411647,307.46184392788564,430.3354467567845
