degree,window,bandwidth,avg_return,num_stocks,min_return,max_return,median_return,std_return
1,60,2.1999999999999997,451.8197164615016,86,-65.11078029392351,3866.0377230815725,279.7041961249655,572.3575964703249
