degree,window,bandwidth,avg_return,num_stocks,min_return,max_return,median_return,std_return
6,90,0.6,519.302969760564,86,-29.69400847481609,3699.011642644017,309.6459154885084,629.5954677027928
