degree,window,bandwidth,avg_return,num_stocks,min_return,max_return,median_return,std_return
7,60,2.5999999999999996,212.7832835424913,86,-90.55750848717278,1889.4546639052571,151.16042787031128,286.4201463033351
