degree,window,bandwidth,avg_return,num_stocks,min_return,max_return,median_return,std_return
8,120,2.1999999999999997,402.174265104649,86,-28.15118582520273,3719.139293163912,248.0317189196071,588.5517815872819
