degree,window,bandwidth,avg_return,num_stocks,min_return,max_return,median_return,std_return
3,110,3.8999999999999995,289.2103543279923,86,-46.172692604706945,2838.8225778301057,193.73329783146607,437.06868747838064
