degree,window,bandwidth,avg_return,num_stocks,min_return,max_return,median_return,std_return
4,20,2.7999999999999994,278.0896934629503,86,-87.11417742643722,2967.7100187494693,170.92465752776036,407.95331901703287
