degree,window,bandwidth,avg_return,num_stocks,min_return,max_return,median_return,std_return
1,110,1.2999999999999998,401.3133728885344,86,-48.33364611845356,2283.41259623624,294.90078343847676,426.3573936269397
