degree,window,bandwidth,avg_return,num_stocks,min_return,max_return,median_return,std_return
2,40,1.8999999999999997,368.15602445195407,86,-70.34437215720779,1553.0916992547504,245.36711384361337,378.28954244686173
