degree,window,bandwidth,avg_return,num_stocks,min_return,max_return,median_return,std_return
5,40,1.4,260.96880556567,86,-75.64640377620563,2282.6690129608683,170.50753432361807,333.5494539365182
