degree,window,bandwidth,avg_return,num_stocks,min_return,max_return,median_return,std_return
6,120,3.599999999999999,356.42884453967787,86,-76.75311381910991,4158.92248632133,187.38469042549357,565.9173924885395
