degree,window,bandwidth,avg_return,num_stocks,min_return,max_return,median_return,std_return
2,110,2.5999999999999996,333.9908026053959,86,-67.93657101950767,1550.748297404643,244.2963059434607,331.65586556010584
