degree,window,bandwidth,avg_return,num_stocks,min_return,max_return,median_return,std_return
1,40,2.5999999999999996,447.705613213843,86,-45.5295570012721,2302.6139627231364,340.0988395332003,477.2252558757285
