degree,window,bandwidth,avg_return,num_stocks,min_return,max_return,median_return,std_return
9,40,3.1999999999999993,381.74328500651467,86,-53.05102892837863,2319.620209382116,223.97683340735847,477.6635310023358
