degree,window,bandwidth,avg_return,num_stocks,min_return,max_return,median_return,std_return
5,80,2.1999999999999997,424.36629089657333,86,-43.663882540838436,3261.794443870858,273.6143930899625,565.9408706764159
