degree,window,bandwidth,avg_return,num_stocks,min_return,max_return,median_return,std_return
6,70,1.0999999999999999,392.9848582343729,86,-61.75352147607984,6472.358994252277,241.07035475226235,737.7580180029254
