degree,window,bandwidth,avg_return,num_stocks,min_return,max_return,median_return,std_return
7,40,2.3999999999999995,305.45528734554665,86,-66.64550735125093,2046.9471162455939,176.76828346159755,392.5616914661861
