degree,window,bandwidth,avg_return,num_stocks,min_return,max_return,median_return,std_return
7,80,1.6999999999999997,289.0264867402831,86,-60.66309547965625,4283.283453170047,206.8654302973885,490.9432089799706
