degree,window,bandwidth,avg_return,num_stocks,min_return,max_return,median_return,std_return
8,30,0.7999999999999999,808.486365415674,86,-23.300782607636958,7153.478539174874,550.7845401629178,979.2632681433125
