degree,window,bandwidth,avg_return,num_stocks,min_return,max_return,median_return,std_return
3,20,0.5,316.82529865035434,86,-80.29427382758305,1761.179975019543,217.11397920864957,358.11672032600796
