degree,window,bandwidth,avg_return,num_stocks,min_return,max_return,median_return,std_return
3,50,1.7999999999999998,366.2949280287737,86,-60.18486339781495,3275.955327752158,238.41167078575296,518.22016345018
