degree,window,bandwidth,avg_return,num_stocks,min_return,max_return,median_return,std_return
5,110,2.3,323.8394017907099,86,-75.59122437317987,1518.961354592997,226.44202629302484,344.31885224396416
