degree,window,bandwidth,avg_return,num_stocks,min_return,max_return,median_return,std_return
5,100,3.8999999999999995,322.6184993705003,86,-59.89148153724817,3194.583425494059,214.2899206613189,462.9809611302186
