degree,window,bandwidth,avg_return,num_stocks,min_return,max_return,median_return,std_return
3,70,0.8999999999999999,322.3591955229322,86,-48.73321563758096,2598.6057388228064,238.02305634732699,386.9266504836233
