degree,window,bandwidth,avg_return,num_stocks,min_return,max_return,median_return,std_return
4,110,2.7999999999999994,350.5482024994364,86,-61.96820724030581,1963.2533930187042,207.55151820297527,430.27653004043145
