degree,window,bandwidth,avg_return,num_stocks,min_return,max_return,median_return,std_return
3,60,0.5,406.67419485172167,86,-51.43965085717552,3182.7028723687545,218.14775800740932,542.0437142078732
