degree,window,bandwidth,avg_return,num_stocks,min_return,max_return,median_return,std_return
1,70,3.6999999999999993,511.3552637605185,86,-69.13748073144673,2979.8838093137288,405.07641971417627,557.1270906255884
