degree,window,bandwidth,avg_return,num_stocks,min_return,max_return,median_return,std_return
6,50,1.9999999999999996,221.64267888098445,86,-81.49896938131147,2661.163583852528,140.72019362904683,333.6560520367105
