degree,window,bandwidth,avg_return,num_stocks,min_return,max_return,median_return,std_return
7,70,2.3999999999999995,278.5772665302409,86,-66.99695643613688,3410.417934257118,172.05909331801462,438.6080147583892
