degree,window,bandwidth,avg_return,num_stocks,min_return,max_return,median_return,std_return
5,40,1.6999999999999997,275.40492697712045,86,-73.57411701267661,3809.6462171143394,187.0851212513088,489.4935096631215
