degree,window,bandwidth,avg_return,num_stocks,min_return,max_return,median_return,std_return
3,80,0.8999999999999999,348.4057811182577,86,-44.508626576057466,4614.440841838043,250.41069804548766,537.2696555290723
