degree,window,bandwidth,avg_return,num_stocks,min_return,max_return,median_return,std_return
5,40,2.6999999999999993,274.1910065725355,86,-73.9094525867156,2133.890180257616,211.55080247124857,333.9603272512825
