degree,window,bandwidth,avg_return,num_stocks,min_return,max_return,median_return,std_return
8,80,1.0999999999999999,235.4687749805712,86,-81.42897960356106,2215.135510217779,158.28881416306365,347.3289050725887
