degree,window,bandwidth,avg_return,num_stocks,min_return,max_return,median_return,std_return
6,60,2.9999999999999996,332.81868428590707,86,-53.62543817191094,2794.74701832165,212.62124050770768,410.7616534292947
