degree,window,bandwidth,avg_return,num_stocks,min_return,max_return,median_return,std_return
6,120,3.2999999999999994,374.14647589160165,86,-87.80338814881443,4314.628098823753,195.4549968132285,565.8965984900213
