degree,window,bandwidth,avg_return,num_stocks,min_return,max_return,median_return,std_return
1,60,0.6,421.7474505131526,86,-62.20031664806114,2056.238119417873,333.2568246296837,443.7147796365574
