degree,window,bandwidth,avg_return,num_stocks,min_return,max_return,median_return,std_return
8,70,3.6999999999999993,198.53283181482246,86,-67.34008976713527,1242.2365915727455,141.07725387389257,236.70254509501086
