degree,window,bandwidth,avg_return,num_stocks,min_return,max_return,median_return,std_return
2,120,1.9999999999999996,322.5200840418715,86,-69.56519396956028,1752.801153066287,218.332370598877,340.9371409895339
