degree,window,bandwidth,avg_return,num_stocks,min_return,max_return,median_return,std_return
6,60,1.2999999999999998,253.9819340906993,86,-66.90231809256971,2938.173818521283,154.53448544940244,380.1535170142946
