degree,window,bandwidth,avg_return,num_stocks,min_return,max_return,median_return,std_return
7,80,3.6999999999999993,409.48883084864866,86,-58.070838691047534,4500.303051735201,243.3455052288005,604.9036688125565
