degree,window,bandwidth,avg_return,num_stocks,min_return,max_return,median_return,std_return
6,60,2.6999999999999993,350.894909475504,86,-78.14424397639465,6770.494719477355,228.8052313818588,753.7562016158777
