degree,window,bandwidth,avg_return,num_stocks,min_return,max_return,median_return,std_return
8,90,2.3999999999999995,237.28163502150764,86,-55.1649443277186,2490.3547154164644,154.51881977865645,346.0394779927372
