degree,window,bandwidth,avg_return,num_stocks,min_return,max_return,median_return,std_return
9,80,1.7999999999999998,257.2743834579459,86,-79.84306462931048,1970.3661347772443,174.04464477342975,298.7162285377819
