degree,window,bandwidth,avg_return,num_stocks,min_return,max_return,median_return,std_return
1,40,3.1999999999999993,474.5612087251187,86,-55.68067136620321,6222.786300315604,283.30708299171613,756.7263350723503
