degree,window,bandwidth,avg_return,num_stocks,min_return,max_return,median_return,std_return
5,30,3.1999999999999993,266.50802497816414,86,-85.41541468122227,1969.8502133420948,176.15988544347044,363.4865652783204
