degree,window,bandwidth,avg_return,num_stocks,min_return,max_return,median_return,std_return
1,90,1.7999999999999998,474.93808846343745,86,-57.289506716857865,6957.892833423396,285.37960978701244,805.1898059490868
