degree,window,bandwidth,avg_return,num_stocks,min_return,max_return,median_return,std_return
5,60,1.8999999999999997,453.67175372348544,86,-51.26802831516532,2262.6209766769393,293.0360650373092,511.77987809800715
