degree,window,bandwidth,avg_return,num_stocks,min_return,max_return,median_return,std_return
9,70,1.6999999999999997,257.4914480704331,86,-72.5051678074483,1618.6300488301558,193.5517387273868,286.4257501499831
