degree,window,bandwidth,avg_return,num_stocks,min_return,max_return,median_return,std_return
4,80,0.7999999999999999,382.6623762926488,86,-55.98028189355703,3330.09732603061,249.8358575825606,538.3844573871817
