degree,window,bandwidth,avg_return,num_stocks,min_return,max_return,median_return,std_return
6,120,2.6999999999999993,349.8220020834045,86,-66.78322604716547,3041.6140910578524,232.0914172509897,495.33852306755796
