degree,window,bandwidth,avg_return,num_stocks,min_return,max_return,median_return,std_return
1,20,1.9999999999999996,455.91811082210245,86,-45.22783563767841,4475.902674717222,310.2601834506273,599.2334658490528
