degree,window,bandwidth,avg_return,num_stocks,min_return,max_return,median_return,std_return
2,50,2.1999999999999997,358.07951966148613,86,-59.94418342191251,2686.486517924067,223.41439217986994,435.66129437528554
