degree,window,bandwidth,avg_return,num_stocks,min_return,max_return,median_return,std_return
4,60,1.2999999999999998,497.27764623459,86,-49.080107144209336,1983.8610837249682,394.4462059583441,475.8976374272812
