degree,window,bandwidth,avg_return,num_stocks,min_return,max_return,median_return,std_return
3,70,3.2999999999999994,321.877557631411,86,-74.10572916362023,1989.26383512109,199.77711527959173,381.974610330419
