degree,window,bandwidth,avg_return,num_stocks,min_return,max_return,median_return,std_return
7,120,1.9999999999999996,429.5407960098698,86,-57.47744866181746,2211.120739934379,290.8801130726079,437.22771389886407
