degree,window,bandwidth,avg_return,num_stocks,min_return,max_return,median_return,std_return
9,50,3.6999999999999993,318.50549006224725,86,-77.53102726314631,6146.1070518546,167.51706792782335,700.6639951215652
