degree,window,bandwidth,avg_return,num_stocks,min_return,max_return,median_return,std_return
8,60,3.1999999999999993,258.17934031173695,86,-80.77830054391134,1069.622920208839,204.27415627273706,250.73325204325772
