degree,window,bandwidth,avg_return,num_stocks,min_return,max_return,median_return,std_return
1,110,1.7999999999999998,431.03704936856667,86,-36.15758081185707,3807.5344720285566,351.8625847400372,468.8022890041241
