degree,window,bandwidth,avg_return,num_stocks,min_return,max_return,median_return,std_return
6,50,2.3,220.44237563867986,86,-78.79274814492469,1961.7344069661574,140.12766750333108,297.5128638602915
