degree,window,bandwidth,avg_return,num_stocks,min_return,max_return,median_return,std_return
5,40,0.7999999999999999,270.5586005981532,86,-79.41246704441173,2938.0824106368364,217.92475517687484,361.23226344674026
