degree,window,bandwidth,avg_return,num_stocks,min_return,max_return,median_return,std_return
8,80,1.9999999999999996,218.21091911596162,86,-86.05754606129274,2088.237892222259,144.68098064206188,299.5797946203783
