degree,window,bandwidth,avg_return,num_stocks,min_return,max_return,median_return,std_return
4,90,2.0999999999999996,427.1675478931663,86,-45.12899791640036,5772.910430677289,313.58755309215695,701.3884618385404
