degree,window,bandwidth,avg_return,num_stocks,min_return,max_return,median_return,std_return
7,90,0.7999999999999999,389.30606738286446,86,-53.986884013360445,2667.3340134159535,246.46622339631665,457.6274342988602
