degree,window,bandwidth,avg_return,num_stocks,min_return,max_return,median_return,std_return
7,50,0.7,293.07013874693536,86,-88.17739012458904,2872.243675129654,201.32972021937786,380.30317496300347
