degree,window,bandwidth,avg_return,num_stocks,min_return,max_return,median_return,std_return
1,30,3.3999999999999995,492.8190551898046,86,-58.05633854515897,2899.2770233379206,326.5217053137645,568.7737677804033
