degree,window,bandwidth,avg_return,num_stocks,min_return,max_return,median_return,std_return
6,80,2.6999999999999993,455.6098407289535,86,-42.383229620871646,3396.5974350066135,296.22153594320946,512.1618327394979
