degree,window,bandwidth,avg_return,num_stocks,min_return,max_return,median_return,std_return
2,90,1.2999999999999998,402.27174424398635,86,-63.61117130135199,3737.4786472751575,259.21471129927033,544.6078978595909
