degree,window,bandwidth,avg_return,num_stocks,min_return,max_return,median_return,std_return
8,20,2.6999999999999993,441.95022479166335,86,-7.325015296643142,2792.4278766354914,287.4826736566694,490.5979492708291
