degree,window,bandwidth,avg_return,num_stocks,min_return,max_return,median_return,std_return
8,60,0.5,329.05541979735807,86,-71.358169347268,3129.7785245067507,224.8256658730579,431.1744331650499
