degree,window,bandwidth,avg_return,num_stocks,min_return,max_return,median_return,std_return
2,110,3.8999999999999995,470.32774426693015,86,-62.59054888781681,4171.091462360013,259.24013461508116,689.3822847294903
