degree,window,bandwidth,avg_return,num_stocks,min_return,max_return,median_return,std_return
6,30,0.7,358.11218351018414,86,-81.97358524730376,3418.9049497898145,188.7955883057701,590.4231708134174
