degree,window,bandwidth,avg_return,num_stocks,min_return,max_return,median_return,std_return
7,30,2.5999999999999996,235.09653212759528,86,-61.19274871699986,1470.5493262323148,148.12470232313808,293.0878668076888
