degree,window,bandwidth,avg_return,num_stocks,min_return,max_return,median_return,std_return
1,40,1.0999999999999999,421.44556725202716,86,-69.17979111357093,3690.8280502364532,279.9035725655007,536.753428541952
