degree,window,bandwidth,avg_return,num_stocks,min_return,max_return,median_return,std_return
5,90,2.3999999999999995,363.5037508623681,86,-66.11146592245606,3167.485018998851,228.8856965365802,453.92560214695436
