degree,window,bandwidth,avg_return,num_stocks,min_return,max_return,median_return,std_return
5,50,0.5,285.67093281478014,86,-61.21255124294197,2674.2435641382845,194.58834222960076,375.8064909677963
