degree,window,bandwidth,avg_return,num_stocks,min_return,max_return,median_return,std_return
9,90,3.3999999999999995,244.15506417144954,86,-89.62789105183597,1652.5891204726142,147.3700994410455,314.333670897895
