degree,window,bandwidth,avg_return,num_stocks,min_return,max_return,median_return,std_return
9,60,1.4999999999999998,301.4950317590416,86,-85.61419103268247,1812.5919844047146,171.18273567286826,382.60690977895865
