degree,window,bandwidth,avg_return,num_stocks,min_return,max_return,median_return,std_return
8,90,1.2999999999999998,244.3233847103981,86,-86.46924074328035,3695.43279484812,128.1290817839934,444.5939712123488
