degree,window,bandwidth,avg_return,num_stocks,min_return,max_return,median_return,std_return
7,100,1.4,474.8039258986086,86,-57.52547720095921,3986.0833363722977,275.3766847635626,635.0694387849401
