degree,window,bandwidth,avg_return,num_stocks,min_return,max_return,median_return,std_return
1,100,1.6999999999999997,428.57220003059336,86,-41.8459278347886,4520.947474241462,327.0248868999625,540.1956650175125
