degree,window,bandwidth,avg_return,num_stocks,min_return,max_return,median_return,std_return
5,80,2.7999999999999994,348.9917989539815,86,-44.8855117698146,2778.840735207546,196.78158544946285,457.8028403625957
