degree,window,bandwidth,avg_return,num_stocks,min_return,max_return,median_return,std_return
1,30,3.8999999999999995,441.7797485115672,86,-42.76462219373226,2010.6915816977978,285.3472931792017,448.90686326860634
