degree,window,bandwidth,avg_return,num_stocks,min_return,max_return,median_return,std_return
4,80,2.0999999999999996,315.365329236863,86,-58.99157280936904,2404.438718118896,199.0146395493374,370.78497897390986
