degree,window,bandwidth,avg_return,num_stocks,min_return,max_return,median_return,std_return
1,60,3.599999999999999,516.0392429158818,86,-58.34343551508828,3429.977249994851,356.9856534733249,666.8633795288368
