degree,window,bandwidth,avg_return,num_stocks,min_return,max_return,median_return,std_return
7,90,2.5999999999999996,398.5702065527306,86,-37.11191298035676,2369.376386108315,279.8746496998229,449.9311462012101
