degree,window,bandwidth,avg_return,num_stocks,min_return,max_return,median_return,std_return
5,70,0.8999999999999999,586.7616594101862,86,-24.215173399163824,4356.286518560552,330.67485602898387,732.5694087194513
