degree,window,bandwidth,avg_return,num_stocks,min_return,max_return,median_return,std_return
7,40,3.7999999999999994,273.7403607126829,86,-53.58484472748456,1655.7228907571023,165.17544831968135,302.3792731171176
