degree,window,bandwidth,avg_return,num_stocks,min_return,max_return,median_return,std_return
9,60,1.9999999999999996,321.7243957011317,86,-82.2250873846971,3024.07419454453,189.31002494686217,453.1201303499467
