degree,window,bandwidth,avg_return,num_stocks,min_return,max_return,median_return,std_return
6,100,0.8999999999999999,527.3336614246003,86,-50.555681595656864,8871.157554850439,311.2597166531193,1007.4214361692211
