degree,window,bandwidth,avg_return,num_stocks,min_return,max_return,median_return,std_return
1,60,2.7999999999999994,482.60344263366983,86,-78.31712661875278,3647.324397558942,371.3123205434809,544.0042253965445
