degree,window,bandwidth,avg_return,num_stocks,min_return,max_return,median_return,std_return
4,110,2.4999999999999996,356.3276136889576,86,-56.44248317460192,4154.299385981025,233.85465773577303,535.2787561175578
