degree,window,bandwidth,avg_return,num_stocks,min_return,max_return,median_return,std_return
8,30,1.9999999999999996,811.0161303037515,86,-55.27953466213765,6006.5820412357925,509.0782190514444,991.1625988994188
