degree,window,bandwidth,avg_return,num_stocks,min_return,max_return,median_return,std_return
2,90,2.7999999999999994,361.8631024072504,86,-67.20098602871064,1863.162324173408,247.51280921783726,387.77085830606717
