degree,window,bandwidth,avg_return,num_stocks,min_return,max_return,median_return,std_return
7,60,2.3,208.751126290609,86,-89.30037471169587,2299.0126464403515,139.98706546793676,301.31064554527893
