degree,window,bandwidth,avg_return,num_stocks,min_return,max_return,median_return,std_return
2,100,1.0999999999999999,383.2125576274626,86,-76.64244882105656,2057.9869809894503,251.98566745321608,411.32868901253306
