degree,window,bandwidth,avg_return,num_stocks,min_return,max_return,median_return,std_return
8,80,2.5999999999999996,295.1043217539179,86,-67.76618590832184,5736.391796941217,125.37879399388359,666.1830601601346
