degree,window,bandwidth,avg_return,num_stocks,min_return,max_return,median_return,std_return
5,50,3.6999999999999993,346.7500096459476,86,-56.981073790207006,2969.1152767945027,221.32125660006022,439.5787442208872
