degree,window,bandwidth,avg_return,num_stocks,min_return,max_return,median_return,std_return
9,120,0.7999999999999999,314.8684373354388,86,-73.7300204210476,2792.7816734963994,208.8635485206504,396.64956918365596
