degree,window,bandwidth,avg_return,num_stocks,min_return,max_return,median_return,std_return
4,20,3.6999999999999993,337.6460134991166,86,-73.16518942312604,4742.661432921878,190.94010624524907,655.994135111404
