degree,window,bandwidth,avg_return,num_stocks,min_return,max_return,median_return,std_return
6,20,1.6999999999999997,806.8792426633972,86,-55.80516751026304,7374.676268540992,372.9036481866551,1200.801240130299
