degree,window,bandwidth,avg_return,num_stocks,min_return,max_return,median_return,std_return
1,30,1.9999999999999996,457.82278844488627,86,-67.76361139424914,3464.9489201765127,300.36879068926277,516.1175257265259
