degree,window,bandwidth,avg_return,num_stocks,min_return,max_return,median_return,std_return
1,110,0.7,413.04719214485317,86,-54.27169237138859,4011.0465277847143,282.47301741285366,578.9339516626013
