degree,window,bandwidth,avg_return,num_stocks,min_return,max_return,median_return,std_return
2,70,2.9999999999999996,340.7669771658011,86,-51.41896018303464,3224.3137248712806,243.70566105006205,436.2963334024781
