degree,window,bandwidth,avg_return,num_stocks,min_return,max_return,median_return,std_return
2,90,1.5999999999999996,375.21300943266704,86,-42.95179193032384,1510.111955607383,253.81742453189818,357.65740877234197
