degree,window,bandwidth,avg_return,num_stocks,min_return,max_return,median_return,std_return
1,20,1.4,510.82474914378383,86,-54.52593833376965,4271.848231032464,306.0178413218474,669.8125599761336
