degree,window,bandwidth,avg_return,num_stocks,min_return,max_return,median_return,std_return
1,30,0.9999999999999999,361.2755752855909,86,-59.829594867192256,1924.8337712360499,223.0246201615345,412.5656190940737
