degree,window,bandwidth,avg_return,num_stocks,min_return,max_return,median_return,std_return
8,110,3.0999999999999996,400.27215787473597,86,-58.10504160721661,4481.587764261019,245.85146960550964,596.1406039976188
