degree,window,bandwidth,avg_return,num_stocks,min_return,max_return,median_return,std_return
4,120,0.8999999999999999,395.6195545974468,86,-61.78266469873601,2754.878391024655,235.02421315369213,470.9960133596281
