degree,window,bandwidth,avg_return,num_stocks,min_return,max_return,median_return,std_return
4,100,1.4999999999999998,335.9554314208868,86,-31.94166107508944,3342.7497377766663,249.4528235321601,447.94208567065465
