degree,window,bandwidth,avg_return,num_stocks,min_return,max_return,median_return,std_return
4,120,3.2999999999999994,277.04609348997843,86,-51.89790831620593,1390.1669205711553,203.03740640828929,265.0553524107568
