degree,window,bandwidth,avg_return,num_stocks,min_return,max_return,median_return,std_return
2,120,3.499999999999999,419.3811555605031,86,-63.85103334445211,4082.8970493616957,302.8486136256347,554.3192549203189
