degree,window,bandwidth,avg_return,num_stocks,min_return,max_return,median_return,std_return
5,20,0.6,369.3201046113849,86,-48.424273816681804,3482.8744851549627,231.52199752687935,517.9515765258047
