degree,window,bandwidth,avg_return,num_stocks,min_return,max_return,median_return,std_return
5,30,2.3999999999999995,271.1693035922375,86,-83.73608206185176,1455.9672613525365,227.88815139392247,281.52690174043533
