degree,window,bandwidth,avg_return,num_stocks,min_return,max_return,median_return,std_return
5,60,3.0999999999999996,419.2860585355716,86,-44.37922928150279,3980.996290616195,233.00578435433806,592.5178648321831
