degree,window,bandwidth,avg_return,num_stocks,min_return,max_return,median_return,std_return
8,50,0.8999999999999999,358.8608490917828,86,-75.78364864216034,2304.8500401896144,186.77851365757743,497.03318805099786
