degree,window,bandwidth,avg_return,num_stocks,min_return,max_return,median_return,std_return
8,110,1.4999999999999998,441.0292743453489,86,-26.233176175419338,2416.399376564455,270.2229674147593,477.6081081984672
