degree,window,bandwidth,avg_return,num_stocks,min_return,max_return,median_return,std_return
5,70,2.6999999999999993,474.95130896310457,86,-31.568800134487983,2053.049381989018,307.2766176260234,488.9011810172929
