degree,window,bandwidth,avg_return,num_stocks,min_return,max_return,median_return,std_return
2,60,1.7999999999999998,379.44688459240507,86,-55.79360418363334,2444.7488016866005,218.99487193468178,473.8925955504694
