degree,window,bandwidth,avg_return,num_stocks,min_return,max_return,median_return,std_return
9,40,3.999999999999999,332.40438807211643,86,-59.047287977429775,3150.812385549669,220.74851924129337,455.5744564087938
