degree,window,bandwidth,avg_return,num_stocks,min_return,max_return,median_return,std_return
1,70,3.3999999999999995,491.2302927108141,86,-52.97467786322533,2221.962430263658,356.30528806626995,488.7921416317598
