degree,window,bandwidth,avg_return,num_stocks,min_return,max_return,median_return,std_return
4,100,2.6999999999999993,400.84130707091737,86,-57.13265961230233,3030.938596486342,229.55791364637525,565.1954475236804
