degree,window,bandwidth,avg_return,num_stocks,min_return,max_return,median_return,std_return
9,20,1.4999999999999998,615.3511799977065,86,-19.645736015786753,4362.601346006163,336.6910574945405,777.8058235928194
