degree,window,bandwidth,avg_return,num_stocks,min_return,max_return,median_return,std_return
7,100,0.7999999999999999,479.2814858167032,86,-32.298098595311714,3020.8087402247916,317.567865676491,505.36608354351415
