degree,window,bandwidth,avg_return,num_stocks,min_return,max_return,median_return,std_return
6,80,0.5,497.6038636698679,86,-37.031638708045165,2654.796432715928,269.58562622286195,569.8689182529214
