degree,window,bandwidth,avg_return,num_stocks,min_return,max_return,median_return,std_return
2,30,3.499999999999999,269.4484828264369,86,-33.39438270006968,1908.7642028453995,165.78499170794026,340.6339078104996
