degree,window,bandwidth,avg_return,num_stocks,min_return,max_return,median_return,std_return
8,120,0.9999999999999999,422.58254925210855,86,-47.21847328048791,2197.2820701351834,263.2557984249328,469.44240730774567
