degree,window,bandwidth,avg_return,num_stocks,min_return,max_return,median_return,std_return
7,120,3.1999999999999993,404.18024606423137,86,-60.10613504082405,3243.2746555147583,218.28581357125444,564.969861248637
