degree,window,bandwidth,avg_return,num_stocks,min_return,max_return,median_return,std_return
3,120,0.6,356.6285984080855,86,-41.645978880100465,1922.9465068277887,263.58991672009995,361.0473544363175
