degree,window,bandwidth,avg_return,num_stocks,min_return,max_return,median_return,std_return
3,110,1.4,375.054602119813,86,-44.2274018980801,3328.07114417929,223.89254584134892,522.1781597886234
