degree,window,bandwidth,avg_return,num_stocks,min_return,max_return,median_return,std_return
2,50,0.9999999999999999,372.5624328431374,86,-58.936900855181825,2517.2310317385513,230.98344336255673,466.38798632396697
