degree,window,bandwidth,avg_return,num_stocks,min_return,max_return,median_return,std_return
7,100,2.9999999999999996,438.5983328744256,86,-62.4831479746323,4018.586627013682,328.37431670304875,570.1170806567545
