degree,window,bandwidth,avg_return,num_stocks,min_return,max_return,median_return,std_return
6,20,1.5999999999999996,788.5547915744974,86,-59.95389999862256,6383.962825327273,381.5075013823373,1122.3853071966068
