degree,window,bandwidth,avg_return,num_stocks,min_return,max_return,median_return,std_return
1,60,3.8999999999999995,446.56896868933114,86,-53.192699722931515,3643.0337797646466,346.0882028855665,526.8918750607058
