,Strategy_Return (%),Simple_Return (%)
2023,0.0,-15.298829440415702
2024,80.43434563545401,16.217688528574936
