,Strategy_Return (%),Simple_Return (%)
2020,0.0,-26.964701599189567
2021,-31.225340809331026,33.289166731423855
2022,-79.87255625023596,-93.52499188412872
2023,222.28848107416712,1833.1770016467278
2024,30.407709603718853,34.90032196019287
