,Strategy_Return (%),Simple_Return (%)
2019,0.0,-5.766510593610547
2020,21.47503311101289,93.62054143993525
2021,53.75129502654982,39.823268390234176
2022,11.326992119743691,-13.791587536584624
2023,-9.116754632461944,14.201241365070558
2024,-9.678441946553505,3.2479303948555986
