,Strategy_Return (%),Simple_Return (%)
2022,0.0,-2.561869834467834
2023,5.71244315504131,37.07419525534641
2024,10.708916160074033,17.148976601173263
