,Strategy_Return (%),Simple_Return (%)
2021,0.0,32.62772494235087
2022,28.625684036258697,4.383192985819323
2023,6.990284482342718,-10.22276328922499
2024,-10.82132325426508,-21.475539203388212
