,Strategy_Return (%),Simple_Return (%)
2015,10.833261547558505,0.3965055069426853
2016,-2.833935361230772,5.5473469391627015
2017,33.19492324070855,46.64522219101354
2018,-4.26304757023459,3.6792491063194515
2019,3.0415058220255173,4.692903304029582
2020,31.05378963570277,33.03726433797433
2021,-1.1700477300161498,-2.313687280323608
2022,1.3218171218768708,-5.899178255526751
2023,-1.629987477754933,-8.751112977553623
2024,13.429187260572695,13.104849046984562
