degree,window,bandwidth,avg_return,num_stocks,min_return,max_return,median_return,std_return
6,40,1.4,269.0880131474591,86,-77.16762033867745,1154.9888037232015,225.42832244625777,279.11702540678954
