degree,window,bandwidth,avg_return,num_stocks,min_return,max_return,median_return,std_return
1,30,2.4999999999999996,442.990009978288,86,-75.44616893685745,3181.524858155185,301.0883067928709,509.07946913359973
