degree,window,bandwidth,avg_return,num_stocks,min_return,max_return,median_return,std_return
4,90,2.9999999999999996,377.82817361550246,86,-60.984278453386075,4525.87887601102,243.25650087326625,554.335141738045
