degree,window,bandwidth,avg_return,num_stocks,min_return,max_return,median_return,std_return
9,110,3.0999999999999996,307.3155967808923,86,-56.35749136715762,3200.6755776878285,187.538749299853,410.5988556685022
