degree,window,bandwidth,avg_return,num_stocks,min_return,max_return,median_return,std_return
4,60,2.7999999999999994,433.3253786272605,86,-49.851035468039115,4971.336872623153,284.83902274663353,629.1522866898789
