degree,window,bandwidth,avg_return,num_stocks,min_return,max_return,median_return,std_return
5,100,3.6999999999999993,320.24560038316326,86,-65.29398825051416,2543.0227231627077,211.5926682471107,444.99263348238367
