degree,window,bandwidth,avg_return,num_stocks,min_return,max_return,median_return,std_return
4,110,0.5,403.64637856527685,86,-75.93312471583403,4445.486968121345,316.32133421689747,523.3254931395369
