degree,window,bandwidth,avg_return,num_stocks,min_return,max_return,median_return,std_return
9,30,0.5,715.7688474824225,86,-59.24476646796564,8623.215854664591,419.2010933811297,1121.7770123249734
