degree,window,bandwidth,avg_return,num_stocks,min_return,max_return,median_return,std_return
6,60,3.2999999999999994,403.0884992236814,86,-61.48791451004898,5095.014350339321,242.04085950053738,654.7735764909618
