degree,window,bandwidth,avg_return,num_stocks,min_return,max_return,median_return,std_return
8,70,3.499999999999999,214.01179130274284,86,-86.53243965386956,1068.0038432856506,140.04090139653798,251.42228040133264
