degree,window,bandwidth,avg_return,num_stocks,min_return,max_return,median_return,std_return
3,110,2.6999999999999993,315.8959130778968,86,-41.01043524609181,3180.8244252416907,189.33837500044808,433.00293642743617
