degree,window,bandwidth,avg_return,num_stocks,min_return,max_return,median_return,std_return
7,90,3.0999999999999996,393.2223612488981,86,-46.47222533232275,1872.5767246489497,322.96469219364786,397.986551826016
