degree,window,bandwidth,avg_return,num_stocks,min_return,max_return,median_return,std_return
5,50,0.6,294.6995227100451,86,-63.94309687555053,2896.881570677065,199.40759870831917,406.28925509470645
