degree,window,bandwidth,avg_return,num_stocks,min_return,max_return,median_return,std_return
3,80,2.9999999999999996,348.49704410038555,86,-75.49752877754896,2018.6470267535988,245.48030109713733,410.7462439430594
