degree,window,bandwidth,avg_return,num_stocks,min_return,max_return,median_return,std_return
7,70,1.4,263.8427277894582,86,-83.50158246864066,3031.482780617641,165.32567074531352,419.2118728812111
