degree,window,bandwidth,avg_return,num_stocks,min_return,max_return,median_return,std_return
6,90,1.9999999999999996,543.9750295927528,86,-41.751235256657125,5256.639985745473,333.23412411625503,685.1972348714123
