degree,window,bandwidth,avg_return,num_stocks,min_return,max_return,median_return,std_return
3,60,1.1999999999999997,349.0518010968814,86,-67.82314634388607,1992.0706686539277,225.17155609185053,403.07408947422243
