degree,window,bandwidth,avg_return,num_stocks,min_return,max_return,median_return,std_return
9,110,0.8999999999999999,235.06684671651843,86,-80.80860523752564,2785.1418180215596,139.6007785172822,359.5470103800146
