degree,window,bandwidth,avg_return,num_stocks,min_return,max_return,median_return,std_return
9,50,2.0999999999999996,282.02630093952064,86,-79.9034538962075,2077.96176329958,171.78667386525336,366.6023064007519
