degree,window,bandwidth,avg_return,num_stocks,min_return,max_return,median_return,std_return
2,120,2.6999999999999993,365.72421336681816,86,-76.21021387140044,2032.9161137365872,251.17780575633398,419.0295028425311
