degree,window,bandwidth,avg_return,num_stocks,min_return,max_return,median_return,std_return
6,90,1.4,535.9366184550108,86,-46.46201114528497,3215.013344348265,311.1908255526158,566.1877568402958
