degree,window,bandwidth,avg_return,num_stocks,min_return,max_return,median_return,std_return
3,80,3.499999999999999,309.27507117319334,86,-78.46395123429973,2072.292703643017,183.4261340931676,404.70028479264965
