degree,window,bandwidth,avg_return,num_stocks,min_return,max_return,median_return,std_return
5,50,1.9999999999999996,338.15421952523394,86,-71.32699819297456,4524.0225519089145,188.0720722829006,553.5545072755779
