degree,window,bandwidth,avg_return,num_stocks,min_return,max_return,median_return,std_return
2,30,3.599999999999999,280.47914009303685,86,-46.289757744552524,2037.485562159042,193.9309811491658,324.50597511732747
