degree,window,bandwidth,avg_return,num_stocks,min_return,max_return,median_return,std_return
8,70,3.8999999999999995,213.77032770346446,86,-70.4716693720846,1123.7591737524037,137.83018020070645,260.62941723332744
