degree,window,bandwidth,avg_return,num_stocks,min_return,max_return,median_return,std_return
9,120,3.999999999999999,440.550057319187,86,-52.92940849893267,9085.672698043862,274.01769349482345,1015.0697371635612
