degree,window,bandwidth,avg_return,num_stocks,min_return,max_return,median_return,std_return
4,80,2.6999999999999993,415.66639202561885,86,-69.48297242659656,4366.264545722586,214.6472280903181,657.4798028375968
