degree,window,bandwidth,avg_return,num_stocks,min_return,max_return,median_return,std_return
8,70,1.4,227.36709905871172,86,-76.837047300902,1846.035756438073,177.9147721770969,244.94380237642807
