degree,window,bandwidth,avg_return,num_stocks,min_return,max_return,median_return,std_return
9,120,3.0999999999999996,386.8471593792627,86,-50.25423695790542,2127.0682146997287,256.9405316339419,450.3022265555787
