degree,window,bandwidth,avg_return,num_stocks,min_return,max_return,median_return,std_return
6,60,2.3999999999999995,319.6256668874724,86,-57.18294200621161,3239.937483397263,201.0622102536741,457.3866526636266
