degree,window,bandwidth,avg_return,num_stocks,min_return,max_return,median_return,std_return
5,60,1.0999999999999999,465.920408481605,86,-49.90116723906216,2985.289216546902,311.3730553601394,533.1237007360429
