degree,window,bandwidth,avg_return,num_stocks,min_return,max_return,median_return,std_return
7,30,3.3999999999999995,225.1063957989399,86,-65.68930584678493,2805.903999591884,145.25455616475045,388.1678955160079
