degree,window,bandwidth,avg_return,num_stocks,min_return,max_return,median_return,std_return
6,70,3.3999999999999995,371.3318783826145,86,-54.10721963104026,2074.9124767738026,219.20122855936802,395.4677243755511
