degree,window,bandwidth,avg_return,num_stocks,min_return,max_return,median_return,std_return
7,50,3.7999999999999994,258.4515202563674,86,-75.90535917264897,1200.359416249263,172.88293885763431,297.03179924970965
