degree,window,bandwidth,avg_return,num_stocks,min_return,max_return,median_return,std_return
3,100,1.8999999999999997,404.87725969844143,86,-61.32193289341361,3800.6829501879815,241.97319436351472,561.7986128759625
