degree,window,bandwidth,avg_return,num_stocks,min_return,max_return,median_return,std_return
1,110,0.8999999999999999,399.7616200498297,86,-45.80708116837686,3606.0508285990927,247.63838228462853,512.2638796362656
