degree,window,bandwidth,avg_return,num_stocks,min_return,max_return,median_return,std_return
5,50,1.8999999999999997,314.53733299695466,86,-67.5373366670012,4135.778793999286,195.6475856280776,502.86513339364205
