degree,window,bandwidth,avg_return,num_stocks,min_return,max_return,median_return,std_return
8,120,2.0999999999999996,399.0959953920446,86,-26.95814613794616,2687.1436085705786,255.01462593714064,486.4793370238308
