degree,window,bandwidth,avg_return,num_stocks,min_return,max_return,median_return,std_return
1,90,3.3999999999999995,474.9327832648646,86,-66.91504359215241,1955.3555960453075,363.97185200123135,458.0561128074181
