degree,window,bandwidth,avg_return,num_stocks,min_return,max_return,median_return,std_return
8,40,0.5,459.7830942488603,86,-83.24054449745756,3720.0520013695846,226.51910269081588,646.9729868971873
