degree,window,bandwidth,avg_return,num_stocks,min_return,max_return,median_return,std_return
6,60,2.7999999999999994,354.9446594584411,86,-74.47482001121573,5288.419439263605,198.98776655110788,633.0054886212191
