degree,window,bandwidth,avg_return,num_stocks,min_return,max_return,median_return,std_return
1,90,3.8999999999999995,540.8954818777967,86,-58.64260965493641,4839.476963596714,326.0453776268482,739.788230668509
