degree,window,bandwidth,avg_return,num_stocks,min_return,max_return,median_return,std_return
6,50,1.5999999999999996,311.75247982036944,86,-85.32656124966344,7617.3877007632855,164.3291803342302,872.9874202629295
