degree,window,bandwidth,avg_return,num_stocks,min_return,max_return,median_return,std_return
4,70,1.1999999999999997,436.4809089995575,86,-37.32900314344852,9094.061675787269,247.3734647158952,1026.881399468621
