degree,window,bandwidth,avg_return,num_stocks,min_return,max_return,median_return,std_return
7,60,2.3999999999999995,207.5598553868272,86,-87.17053792515958,3038.256117461544,130.99461665457187,354.5173755653419
