degree,window,bandwidth,avg_return,num_stocks,min_return,max_return,median_return,std_return
1,110,2.0999999999999996,477.13335574336486,86,-27.677951690566072,4113.273539795205,344.7981816312605,574.8817230654157
