degree,window,bandwidth,avg_return,num_stocks,min_return,max_return,median_return,std_return
9,80,3.1999999999999993,191.4326859254206,86,-89.45932954361179,911.3147581782396,157.70219498379106,198.0939467129491
