degree,window,bandwidth,avg_return,num_stocks,min_return,max_return,median_return,std_return
4,20,1.2999999999999998,208.61019197645223,86,-80.4556542408353,2393.650381835779,101.31440283447957,336.66075748237654
