degree,window,bandwidth,avg_return,num_stocks,min_return,max_return,median_return,std_return
8,50,2.3999999999999995,348.9679015884412,86,-70.15523412045998,2903.2735606876536,173.07007991016218,542.0543171987083
