degree,window,bandwidth,avg_return,num_stocks,min_return,max_return,median_return,std_return
1,100,3.7999999999999994,478.1423477357168,86,-43.986956001282906,2835.1827630191647,312.8527915197433,595.3845820450213
