degree,window,bandwidth,avg_return,num_stocks,min_return,max_return,median_return,std_return
6,120,3.3999999999999995,352.49126392979343,86,-87.99240179020266,2312.17081550569,210.80816200286623,479.2735092484396
