degree,window,bandwidth,avg_return,num_stocks,min_return,max_return,median_return,std_return
1,20,3.0999999999999996,498.28115977392906,86,-78.94178382133606,7722.1005540383885,264.2962208791106,889.3878346343757
