degree,window,bandwidth,avg_return,num_stocks,min_return,max_return,median_return,std_return
1,100,3.999999999999999,445.12693579629075,86,-43.986956001282906,3788.416940274741,306.40586744683213,573.1452320247304
