degree,window,bandwidth,avg_return,num_stocks,min_return,max_return,median_return,std_return
4,50,2.6999999999999993,514.409831976315,86,-45.321768440586915,5510.811047327522,278.0616444067507,821.3403536829293
