degree,window,bandwidth,avg_return,num_stocks,min_return,max_return,median_return,std_return
4,120,0.7,385.86442433374106,86,-65.90302244399872,3353.4861644788493,264.3033683812413,504.0414529080126
