degree,window,bandwidth,avg_return,num_stocks,min_return,max_return,median_return,std_return
5,40,1.0999999999999999,279.614239956368,86,-80.25924244569319,3049.1307080714364,196.62019574843168,464.5240824482593
