degree,window,bandwidth,avg_return,num_stocks,min_return,max_return,median_return,std_return
7,60,2.4999999999999996,207.06070500351387,86,-88.54604189830788,1911.454178677339,144.27118719340206,274.7926477847898
