degree,window,bandwidth,avg_return,num_stocks,min_return,max_return,median_return,std_return
9,30,1.2999999999999998,690.7059748883922,86,-34.97677275242717,10494.15902836579,439.08700315913177,1225.689663995646
