degree,window,bandwidth,avg_return,num_stocks,min_return,max_return,median_return,std_return
7,110,1.2999999999999998,461.47273367144817,86,-26.368521535140854,3233.514413974567,257.5572778473719,553.288095058449
