degree,window,bandwidth,avg_return,num_stocks,min_return,max_return,median_return,std_return
2,50,1.1999999999999997,343.0949869370698,86,-67.46140965286122,2463.9607054536987,230.30201880760575,436.1857027101231
