degree,window,bandwidth,avg_return,num_stocks,min_return,max_return,median_return,std_return
9,120,2.5999999999999996,335.1921193939335,86,-54.63842450416125,1520.7280660766032,244.55118469010588,354.74851946752375
