degree,window,bandwidth,avg_return,num_stocks,min_return,max_return,median_return,std_return
3,100,2.0999999999999996,365.9183606747259,86,-70.29104681289043,3044.946056570452,224.46321663677747,463.28425269274743
