degree,window,bandwidth,avg_return,num_stocks,min_return,max_return,median_return,std_return
8,50,1.4,369.5242993380012,86,-75.89873526475046,3261.09325933108,181.7891736129991,579.3893120817247
