degree,window,bandwidth,avg_return,num_stocks,min_return,max_return,median_return,std_return
9,100,2.0999999999999996,221.4703940251357,86,-75.26554067206423,1589.309346164635,147.80656739705523,286.44333330806654
