degree,window,bandwidth,avg_return,num_stocks,min_return,max_return,median_return,std_return
5,70,1.2999999999999998,534.3064592625267,86,-24.583723302423987,2484.8001722084136,350.84012126779476,546.1728643425428
