degree,window,bandwidth,avg_return,num_stocks,min_return,max_return,median_return,std_return
3,50,2.5999999999999996,332.76509828828534,86,-58.299345537448524,2135.892179664158,231.63344723497113,378.05177184010506
