degree,window,bandwidth,avg_return,num_stocks,min_return,max_return,median_return,std_return
4,40,0.6,337.0504186697762,86,-34.69065613020012,1820.6801623718015,212.12860817680712,384.8361237702989
