degree,window,bandwidth,avg_return,num_stocks,min_return,max_return,median_return,std_return
8,50,3.2999999999999994,358.9186851950087,86,-54.116247284630894,2954.1405197223503,201.52766845218375,513.0324884722345
