degree,window,bandwidth,avg_return,num_stocks,min_return,max_return,median_return,std_return
1,80,2.6999999999999993,563.8079780477342,86,-79.12001406838736,10228.425860521584,371.71633091462377,1137.2588027063728
