degree,window,bandwidth,avg_return,num_stocks,min_return,max_return,median_return,std_return
6,70,1.2999999999999998,363.71404548606694,86,-68.25253442998219,2678.9062322067366,265.84370593580775,427.0691067856453
