degree,window,bandwidth,avg_return,num_stocks,min_return,max_return,median_return,std_return
1,70,2.7999999999999994,516.5957987929011,86,-79.65234570990421,4156.559844623255,335.57505767683915,641.6188945939277
