degree,window,bandwidth,avg_return,num_stocks,min_return,max_return,median_return,std_return
1,70,0.6,433.2986121821251,86,-56.21008877188839,2129.9585320957667,304.3843078596581,439.40313274477967
