degree,window,bandwidth,avg_return,num_stocks,min_return,max_return,median_return,std_return
9,60,2.3999999999999995,307.74157886008715,86,-78.34069808591073,2494.15816973335,184.7806882489157,420.50399303131
