degree,window,bandwidth,avg_return,num_stocks,min_return,max_return,median_return,std_return
4,100,3.8999999999999995,264.63121685209836,86,-82.37848183711459,1570.5849181021495,163.8152424929812,331.7059450934545
