degree,window,bandwidth,avg_return,num_stocks,min_return,max_return,median_return,std_return
6,80,2.7999999999999994,431.00820977094696,86,-40.21823041048229,2855.053431043171,317.3050252049442,446.9361984913901
