degree,window,bandwidth,avg_return,num_stocks,min_return,max_return,median_return,std_return
7,70,0.7999999999999999,249.9694203903531,86,-83.12157083454123,2350.2316205882275,145.24663185458377,351.46297097211834
