degree,window,bandwidth,avg_return,num_stocks,min_return,max_return,median_return,std_return
2,40,2.3999999999999995,377.7063493013911,86,-66.65577391825084,3328.9470115474173,231.55759108130974,550.9235828031256
