degree,window,bandwidth,avg_return,num_stocks,min_return,max_return,median_return,std_return
8,110,1.4,413.3446630784735,86,-30.38958019401822,2435.2395133109158,252.70920353894843,439.22663609345045
