degree,window,bandwidth,avg_return,num_stocks,min_return,max_return,median_return,std_return
9,90,0.9999999999999999,226.87676480741527,86,-82.1439615573983,3842.6503160727398,156.8306180452155,430.573513366573
