degree,window,bandwidth,avg_return,num_stocks,min_return,max_return,median_return,std_return
5,70,1.5999999999999996,502.29894849932043,86,-49.088671600251246,3157.319894202917,399.3121019790219,504.2459490758644
