degree,window,bandwidth,avg_return,num_stocks,min_return,max_return,median_return,std_return
4,30,1.8999999999999997,260.0020395019476,86,-82.07919582590934,2295.79013603018,165.7316595711826,316.2656244384426
