degree,window,bandwidth,avg_return,num_stocks,min_return,max_return,median_return,std_return
7,30,2.7999999999999994,231.298618116967,86,-62.30832251505495,1783.1432841836427,144.25304319145792,300.05719664529187
