degree,window,bandwidth,avg_return,num_stocks,min_return,max_return,median_return,std_return
4,80,1.6999999999999997,293.5804701629284,86,-61.62540843284734,1720.2517440380266,222.9478669818854,307.92905831385326
