degree,window,bandwidth,avg_return,num_stocks,min_return,max_return,median_return,std_return
7,20,0.5,676.479865211195,86,-23.30031942352648,4963.02800057633,424.11222308856236,892.3003515778312
