degree,window,bandwidth,avg_return,num_stocks,min_return,max_return,median_return,std_return
4,100,3.6999999999999993,300.0882557418183,86,-82.88292128003715,1681.1797632193816,194.8960047494685,328.3295763720866
