degree,window,bandwidth,avg_return,num_stocks,min_return,max_return,median_return,std_return
7,30,3.1999999999999993,201.78785274391564,86,-68.7790933735423,1970.9083540350512,141.77295371464012,276.2667004139993
