degree,window,bandwidth,avg_return,num_stocks,min_return,max_return,median_return,std_return
7,20,0.9999999999999999,742.077933398891,86,-34.660109647684564,8485.240853124244,431.8318593365203,1153.029377307277
