degree,window,bandwidth,avg_return,num_stocks,min_return,max_return,median_return,std_return
9,80,2.9999999999999996,197.65118799915953,86,-89.52137157655159,1356.2502108860374,151.20303987144638,207.83827567639852
