degree,window,bandwidth,avg_return,num_stocks,min_return,max_return,median_return,std_return
1,30,1.2999999999999998,378.90540653391986,86,-63.685311272456744,2585.4040821594617,225.28899635093273,457.1996052947639
