degree,window,bandwidth,avg_return,num_stocks,min_return,max_return,median_return,std_return
3,80,0.5,379.8843436253283,86,-41.81752664927578,3123.066606396758,269.29342358962055,466.04730750964745
