degree,window,bandwidth,avg_return,num_stocks,min_return,max_return,median_return,std_return
3,90,1.1999999999999997,370.8551585244568,86,-67.0659160218863,2578.139569826116,261.9504532719128,447.01837027051545
