degree,window,bandwidth,avg_return,num_stocks,min_return,max_return,median_return,std_return
6,40,2.9999999999999996,244.95765352118934,86,-84.36829575281533,1469.9107399897298,174.91441672159885,271.3817697787172
