degree,window,bandwidth,avg_return,num_stocks,min_return,max_return,median_return,std_return
5,120,2.1999999999999997,312.91111106493804,86,-72.97495648623794,1528.3828378095943,218.69298454753377,319.6345263983951
