degree,window,bandwidth,avg_return,num_stocks,min_return,max_return,median_return,std_return
8,100,1.7999999999999998,298.86326303751855,86,-42.61383843571184,1680.3778606030655,221.06778189295093,312.0930360374484
