degree,window,bandwidth,avg_return,num_stocks,min_return,max_return,median_return,std_return
2,80,1.0999999999999999,346.8417048719725,86,-70.4701682831428,3272.4577518738256,220.9936394701382,438.873021626784
