degree,window,bandwidth,avg_return,num_stocks,min_return,max_return,median_return,std_return
6,30,2.4999999999999996,246.99126942876907,86,-67.48437093666948,1338.0067188648102,160.70026027128165,268.9823700819121
