degree,window,bandwidth,avg_return,num_stocks,min_return,max_return,median_return,std_return
2,120,1.5999999999999996,337.64196558132113,86,-70.53895548763045,2327.8101491933257,185.1020826509931,392.7837497926709
