degree,window,bandwidth,avg_return,num_stocks,min_return,max_return,median_return,std_return
4,110,3.3999999999999995,324.2070743449025,86,-82.92874940338012,1856.1599117106653,219.64934534815757,350.17893570610795
