degree,window,bandwidth,avg_return,num_stocks,min_return,max_return,median_return,std_return
5,40,0.8999999999999999,279.66845244666365,86,-78.59185857158806,3909.505154683054,214.89301697331933,459.0506798106265
