degree,window,bandwidth,avg_return,num_stocks,min_return,max_return,median_return,std_return
3,80,3.6999999999999993,308.1824781896801,86,-86.12592885729997,1742.7811870632577,197.94828018439975,343.4197244363286
