degree,window,bandwidth,avg_return,num_stocks,min_return,max_return,median_return,std_return
2,120,2.0999999999999996,304.7184805098253,86,-64.41710755121281,1555.5122602002286,221.89007761987313,312.9850405396964
