degree,window,bandwidth,avg_return,num_stocks,min_return,max_return,median_return,std_return
2,90,1.9999999999999996,392.988692448892,86,-69.74433212180314,1848.4491536718724,230.866832566496,415.9798148092741
