degree,window,bandwidth,avg_return,num_stocks,min_return,max_return,median_return,std_return
1,70,3.8999999999999995,467.96795622798874,86,-69.13748073144673,2655.625290707196,397.7498054466195,463.42113216555856
