degree,window,bandwidth,avg_return,num_stocks,min_return,max_return,median_return,std_return
4,30,1.2999999999999998,243.3489850750757,86,-77.07780952561829,1270.6166771341896,188.23001380747212,262.263203696954
