degree,window,bandwidth,avg_return,num_stocks,min_return,max_return,median_return,std_return
6,100,3.8999999999999995,316.52376365857714,86,-50.30034271627495,3673.963904712919,180.0807957152093,499.4987239369593
