degree,window,bandwidth,avg_return,num_stocks,min_return,max_return,median_return,std_return
9,70,0.6,341.1007951087843,86,-53.13698102906847,3081.43077037698,224.69825802965175,491.4888779596426
