degree,window,bandwidth,avg_return,num_stocks,min_return,max_return,median_return,std_return
3,80,1.6999999999999997,381.0121804682606,86,-57.06528543761923,2614.1277315994507,232.3789049655144,470.8675112167661
