degree,window,bandwidth,avg_return,num_stocks,min_return,max_return,median_return,std_return
9,40,3.499999999999999,368.8948937040562,86,-52.57756611004363,2525.605830964815,234.42886177105197,452.43036677046297
