degree,window,bandwidth,avg_return,num_stocks,min_return,max_return,median_return,std_return
1,50,2.8999999999999995,455.78303039972474,86,-74.82814351659542,2330.519521969825,339.24020821091,495.5321301935942
