degree,window,bandwidth,avg_return,num_stocks,min_return,max_return,median_return,std_return
7,60,3.599999999999999,300.95760957671524,86,-87.58449251949565,6876.2019816273905,164.32347338158934,748.3713980720892
