degree,window,bandwidth,avg_return,num_stocks,min_return,max_return,median_return,std_return
5,90,0.8999999999999999,528.5751267208657,86,-63.6360292963561,11168.412981044728,304.8331645581308,1268.0396903982933
