degree,window,bandwidth,avg_return,num_stocks,min_return,max_return,median_return,std_return
5,20,2.8999999999999995,228.90297571107536,86,-72.46920740912448,1545.2567772880536,144.61227852755655,296.9991550997467
