degree,window,bandwidth,avg_return,num_stocks,min_return,max_return,median_return,std_return
2,100,1.9999999999999996,348.0795330920702,86,-77.18037760740953,2083.6000072481434,237.17911028842815,357.0298686810834
