degree,window,bandwidth,avg_return,num_stocks,min_return,max_return,median_return,std_return
8,30,1.8999999999999997,825.5574175540871,86,-53.89966554727161,7113.314842666556,464.57350089718125,1054.9087516397587
