degree,window,bandwidth,avg_return,num_stocks,min_return,max_return,median_return,std_return
6,80,3.0999999999999996,436.20463208427987,86,-32.84926041204105,1672.4348316368114,325.1305674799735,412.4662659519485
