degree,window,bandwidth,avg_return,num_stocks,min_return,max_return,median_return,std_return
6,90,0.8999999999999999,567.8058277037597,86,-50.770942925035264,4104.755860600162,375.7870762196914,706.6197002521328
