degree,window,bandwidth,avg_return,num_stocks,min_return,max_return,median_return,std_return
7,120,2.6999999999999993,444.00844480861736,86,-45.13469197929167,2614.992292121404,293.9744799072521,469.2242556646171
