degree,window,bandwidth,avg_return,num_stocks,min_return,max_return,median_return,std_return
2,30,1.6999999999999997,430.1994150902316,86,-46.45014751780741,3645.8445771362476,337.16087987185017,527.9070688919993
