degree,window,bandwidth,avg_return,num_stocks,min_return,max_return,median_return,std_return
7,40,3.999999999999999,295.9968455787949,86,-61.05657775919955,1755.1189916685225,193.185578791242,347.637483141851
