degree,window,bandwidth,avg_return,num_stocks,min_return,max_return,median_return,std_return
6,90,2.3999999999999995,435.0561982064081,86,-67.17216945855776,2277.751435971025,342.2629781318186,424.9020063986808
