degree,window,bandwidth,avg_return,num_stocks,min_return,max_return,median_return,std_return
1,70,3.0999999999999996,560.4757881665378,86,-40.91286113279047,4510.258755736447,379.70141481259225,695.4081985277112
