degree,window,bandwidth,avg_return,num_stocks,min_return,max_return,median_return,std_return
1,120,3.8999999999999995,470.38686670393975,86,-41.70808553481537,2478.8974599787934,291.73761031025504,537.7308346182012
