degree,window,bandwidth,avg_return,num_stocks,min_return,max_return,median_return,std_return
2,110,3.2999999999999994,439.89745287054103,86,-75.29371370865299,6827.064307693459,249.94788450335705,898.058915528021
