degree,window,bandwidth,avg_return,num_stocks,min_return,max_return,median_return,std_return
3,40,3.1999999999999993,386.2829738165468,86,-44.91292970378662,2629.7106097356477,230.52971579932793,472.493060178631
