degree,window,bandwidth,avg_return,num_stocks,min_return,max_return,median_return,std_return
6,80,3.6999999999999993,415.03944102090225,86,-67.39270630945676,3701.4580667571336,232.3910595727295,523.0627446716825
