degree,window,bandwidth,avg_return,num_stocks,min_return,max_return,median_return,std_return
8,80,3.6999999999999993,248.99256745646016,86,-72.25299291618569,1354.167133548257,165.62675291072827,275.0638147583504
