degree,window,bandwidth,avg_return,num_stocks,min_return,max_return,median_return,std_return
4,20,1.5999999999999996,218.84748612179658,86,-79.3125037282068,1746.4433440050552,122.83775392648316,322.42375752016886
