degree,window,bandwidth,avg_return,num_stocks,min_return,max_return,median_return,std_return
4,20,2.4999999999999996,224.24142230979763,86,-85.11043926636219,1269.3304703570022,162.0913395509284,263.4653058604248
