degree,window,bandwidth,avg_return,num_stocks,min_return,max_return,median_return,std_return
1,90,1.5999999999999996,447.0489927975013,86,-62.84074434030836,6250.292000453479,258.1333199472104,744.7190985824548
