degree,window,bandwidth,avg_return,num_stocks,min_return,max_return,median_return,std_return
4,90,3.6999999999999993,330.37148516687034,86,-60.30589624432616,3113.557663330379,192.06144150644207,460.0118517949462
