degree,window,bandwidth,avg_return,num_stocks,min_return,max_return,median_return,std_return
9,110,2.7999999999999994,273.61762070512793,86,-54.608086795419595,1758.6807643179982,192.00229236712545,298.5399992701823
