degree,window,bandwidth,avg_return,num_stocks,min_return,max_return,median_return,std_return
8,30,2.1999999999999997,772.7794108604004,86,-52.128589510070555,5126.1903895257465,512.5870885159609,927.0862452398712
