degree,window,bandwidth,avg_return,num_stocks,min_return,max_return,median_return,std_return
3,60,3.499999999999999,298.3761535692876,86,-71.77987510868435,1627.2503464824492,194.9598495863228,351.7659623128229
