degree,window,bandwidth,avg_return,num_stocks,min_return,max_return,median_return,std_return
5,40,3.6999999999999993,365.5045220573245,86,-50.53474889709308,2835.381851354525,206.38807484872387,482.1817649524493
