degree,window,bandwidth,avg_return,num_stocks,min_return,max_return,median_return,std_return
4,120,2.0999999999999996,347.64832173259254,86,-43.44999959230314,3482.7131206915474,216.82405878087292,453.7961079325771
