degree,window,bandwidth,avg_return,num_stocks,min_return,max_return,median_return,std_return
2,60,1.0999999999999999,398.38360701730585,86,-68.95096359400694,3661.5054558468237,236.26722502110786,562.5038045130966
