degree,window,bandwidth,avg_return,num_stocks,min_return,max_return,median_return,std_return
6,70,0.7999999999999999,367.2578383878893,86,-64.05560975479236,5650.88225992944,230.97836389747533,652.4614356078778
