degree,window,bandwidth,avg_return,num_stocks,min_return,max_return,median_return,std_return
3,30,1.1999999999999997,506.91670953473636,86,-27.196983387192702,5976.620070708924,289.27179748187996,765.4409034336094
