degree,window,bandwidth,avg_return,num_stocks,min_return,max_return,median_return,std_return
1,30,1.6999999999999997,402.69905104750933,86,-65.05006794002564,4099.700475608001,248.67590440023335,575.249237168877
