degree,window,bandwidth,avg_return,num_stocks,min_return,max_return,median_return,std_return
4,50,3.999999999999999,278.1614680620422,86,-68.95447889379362,1194.3158893318791,205.89286944349453,261.39872729835554
