degree,window,bandwidth,avg_return,num_stocks,min_return,max_return,median_return,std_return
7,80,0.7,353.62556879184297,86,-85.82930513751944,10499.145221656796,209.3294333700917,1124.9043946560805
