degree,window,bandwidth,avg_return,num_stocks,min_return,max_return,median_return,std_return
8,60,1.0999999999999999,306.1760951028121,86,-71.80619734514885,1722.8951639360694,284.28177376732066,300.3688020820234
