degree,window,bandwidth,avg_return,num_stocks,min_return,max_return,median_return,std_return
9,20,0.7999999999999999,580.2159594453849,86,-15.007076599732263,4975.791419495793,350.0708019035538,735.6703260031541
