degree,window,bandwidth,avg_return,num_stocks,min_return,max_return,median_return,std_return
2,80,2.1999999999999997,408.1063922665651,86,-54.01414751719881,2023.4920024679425,238.3880557394188,478.3887239738405
