degree,window,bandwidth,avg_return,num_stocks,min_return,max_return,median_return,std_return
3,70,3.599999999999999,296.1918144469466,86,-81.28371476032365,1563.0133135494018,176.72174464152636,370.0400518166544
