degree,window,bandwidth,avg_return,num_stocks,min_return,max_return,median_return,std_return
8,50,1.0999999999999999,344.6797261062915,86,-78.98303882486837,2033.3607339693933,198.60812883548368,454.7504524721273
