degree,window,bandwidth,avg_return,num_stocks,min_return,max_return,median_return,std_return
5,20,2.3,262.79733388674833,86,-62.51179969105397,1770.2236157949415,150.9788601696306,377.5324610271822
