degree,window,bandwidth,avg_return,num_stocks,min_return,max_return,median_return,std_return
6,70,1.8999999999999997,392.5952674065458,86,-51.53042039692115,3057.499078873118,259.0221365366274,495.83836841927945
