degree,window,bandwidth,avg_return,num_stocks,min_return,max_return,median_return,std_return
6,120,3.1999999999999993,444.96001734433736,86,-90.07773349400004,8720.32389181054,222.56343048191545,1032.00181348738
