degree,window,bandwidth,avg_return,num_stocks,min_return,max_return,median_return,std_return
4,90,2.5999999999999996,397.0337993875582,86,-32.95750774327166,7758.034134296877,257.0963583166229,862.7086802217573
