degree,window,bandwidth,avg_return,num_stocks,min_return,max_return,median_return,std_return
9,30,3.499999999999999,785.2412375322733,86,-30.495782946556428,9458.507108835467,455.66055782638284,1295.540416204521
