degree,window,bandwidth,avg_return,num_stocks,min_return,max_return,median_return,std_return
2,80,1.9999999999999996,381.74506031720307,86,-62.44972725145234,2332.7926614992157,213.08100671230073,460.9949047082277
