degree,window,bandwidth,avg_return,num_stocks,min_return,max_return,median_return,std_return
4,50,0.7,672.6948920058592,86,-20.173346386375307,8287.509360992284,374.9557287892426,1027.5805195306607
