degree,window,bandwidth,avg_return,num_stocks,min_return,max_return,median_return,std_return
9,70,3.0999999999999996,262.07081923881213,86,-73.33813166359482,1908.8311654536487,211.97117090121458,303.2624534982
