degree,window,bandwidth,avg_return,num_stocks,min_return,max_return,median_return,std_return
5,50,2.7999999999999994,388.4864513533768,86,-65.27121174309836,4045.702258140664,232.9627128629173,552.8337269748778
