degree,window,bandwidth,avg_return,num_stocks,min_return,max_return,median_return,std_return
5,80,3.1999999999999993,397.32389687106235,86,-29.91592066734507,7481.480964292869,202.3517483124728,838.4878684200903
