degree,window,bandwidth,avg_return,num_stocks,min_return,max_return,median_return,std_return
5,120,0.5,357.30125049596455,86,-58.6905250509934,2185.6356913256295,250.00297079253275,362.6987565548914
