degree,window,bandwidth,avg_return,num_stocks,min_return,max_return,median_return,std_return
6,110,2.3999999999999995,330.8263962571475,86,-58.445002510104004,2154.61341486545,244.47573134515216,358.31321812650947
