degree,window,bandwidth,avg_return,num_stocks,min_return,max_return,median_return,std_return
4,40,1.7999999999999998,352.9128335397785,86,-73.74901567114745,3024.675666162408,229.5409723313658,441.7653096653951
