degree,window,bandwidth,avg_return,num_stocks,min_return,max_return,median_return,std_return
9,30,2.4999999999999996,710.9386564461539,86,-40.96684340889291,6618.347403294071,450.485771238436,998.0292566473651
