degree,window,bandwidth,avg_return,num_stocks,min_return,max_return,median_return,std_return
2,80,0.6,337.067227563783,86,-65.99176149762175,2328.0813775341408,216.96945938131904,392.97720533742194
