degree,window,bandwidth,avg_return,num_stocks,min_return,max_return,median_return,std_return
3,60,1.8999999999999997,378.6737754058767,86,-68.75905254970885,3049.6637644999946,232.79808352385004,477.83045773048303
