degree,window,bandwidth,avg_return,num_stocks,min_return,max_return,median_return,std_return
4,90,0.7999999999999999,328.3030454969794,86,-63.50394247724341,2558.1857874994876,234.0461026442229,379.25418873353897
