degree,window,bandwidth,avg_return,num_stocks,min_return,max_return,median_return,std_return
1,70,0.7999999999999999,413.2260098262932,86,-59.16107390151344,1836.4213795733758,320.7416681646649,385.1351288124459
