degree,window,bandwidth,avg_return,num_stocks,min_return,max_return,median_return,std_return
1,110,0.6,426.7003155244687,86,-47.90794192522173,4693.395747973446,266.25074400299764,640.2263187577427
