degree,window,bandwidth,avg_return,num_stocks,min_return,max_return,median_return,std_return
4,30,2.3999999999999995,289.2098177225169,86,-71.39707201644082,5514.285466017153,172.78392482666607,615.3497234861725
