degree,window,bandwidth,avg_return,num_stocks,min_return,max_return,median_return,std_return
5,30,0.5,333.9995612973548,86,-64.62421597977894,2053.8971134032417,190.0401090173675,430.35847675425237
