degree,window,bandwidth,avg_return,num_stocks,min_return,max_return,median_return,std_return
3,20,2.1999999999999997,357.83405546582446,86,-86.3525628078858,2338.7321175225525,257.99104849261795,376.1981652349389
