degree,window,bandwidth,avg_return,num_stocks,min_return,max_return,median_return,std_return
9,50,0.6,329.0427051758061,86,-67.26520695691023,3318.230749932492,202.43462387538295,466.7834240536527
