degree,window,bandwidth,avg_return,num_stocks,min_return,max_return,median_return,std_return
7,40,1.0999999999999999,281.26182317897735,86,-82.93446105875826,1575.171645687919,175.06069151305655,328.2003177602956
