degree,window,bandwidth,avg_return,num_stocks,min_return,max_return,median_return,std_return
2,30,0.7999999999999999,556.202607826946,86,-62.10900735961688,3815.7879993870934,342.44997536480594,599.841625877286
