degree,window,bandwidth,avg_return,num_stocks,min_return,max_return,median_return,std_return
2,50,0.6,380.7469148411415,86,-56.55555574630693,2388.242526782154,210.3933560161359,463.07581055727263
