degree,window,bandwidth,avg_return,num_stocks,min_return,max_return,median_return,std_return
4,100,3.7999999999999994,286.4463633932114,86,-83.07956595479233,2039.5060798700424,162.79752521053933,359.0983782530459
