degree,window,bandwidth,avg_return,num_stocks,min_return,max_return,median_return,std_return
1,80,1.8999999999999997,511.9159731449395,86,-68.05355802690363,8221.94562997531,299.29042371472093,980.0350666955858
