degree,window,bandwidth,avg_return,num_stocks,min_return,max_return,median_return,std_return
9,70,2.3,257.0939211528761,86,-63.56080623236709,1572.2488717820092,200.348212637415,267.6690407696202
