degree,window,bandwidth,avg_return,num_stocks,min_return,max_return,median_return,std_return
6,40,3.499999999999999,228.96904479554394,86,-91.04812725594898,1484.115998670746,197.2333357377056,253.75565452923763
