degree,window,bandwidth,avg_return,num_stocks,min_return,max_return,median_return,std_return
6,60,3.7999999999999994,500.3011335002094,86,-82.9226388737233,6939.793867215381,287.9041885088241,876.546233182033
