degree,window,bandwidth,avg_return,num_stocks,min_return,max_return,median_return,std_return
8,90,0.6,220.10502984565892,86,-87.04628077471354,2388.8429229308963,122.98599423933389,321.8950309122838
