degree,window,bandwidth,avg_return,num_stocks,min_return,max_return,median_return,std_return
9,20,0.5,586.4833780471807,86,-15.007076599732263,4529.681680118378,332.9016816699476,732.9736970522819
