degree,window,bandwidth,avg_return,num_stocks,min_return,max_return,median_return,std_return
9,40,2.9999999999999996,371.4474620546312,86,-59.33364591301663,2080.846104500364,213.89885686155537,449.3291572343029
