degree,window,bandwidth,avg_return,num_stocks,min_return,max_return,median_return,std_return
7,70,1.2999999999999998,247.31371426938625,86,-85.20132313617894,3015.7787256777215,159.98087234783938,391.2419812395326
