degree,window,bandwidth,avg_return,num_stocks,min_return,max_return,median_return,std_return
2,80,0.5,348.31413560872,86,-72.73011881755815,2454.5669090003225,219.13558600550772,406.2065431191983
