degree,window,bandwidth,avg_return,num_stocks,min_return,max_return,median_return,std_return
1,120,2.3999999999999995,536.9960580026303,86,-72.76836858856066,3940.2888704680763,380.9455320486668,589.8958045812204
