degree,window,bandwidth,avg_return,num_stocks,min_return,max_return,median_return,std_return
9,100,3.499999999999999,278.92617658177545,86,-69.68274416765048,3070.5746825889987,145.33292354726686,484.6047052233094
