degree,window,bandwidth,avg_return,num_stocks,min_return,max_return,median_return,std_return
1,90,1.1999999999999997,416.2475109619571,86,-41.7780122020799,4869.9368471468,254.9596359210358,627.5774323485745
