degree,window,bandwidth,avg_return,num_stocks,min_return,max_return,median_return,std_return
8,100,3.499999999999999,343.08842503158064,86,-70.15036019345303,3142.9520818273977,210.34720489369016,478.1424883358982
