degree,window,bandwidth,avg_return,num_stocks,min_return,max_return,median_return,std_return
9,90,2.4999999999999996,252.46550580069828,86,-86.13841885687744,2116.4713052806687,138.56183714815842,376.73077991877767
