degree,window,bandwidth,avg_return,num_stocks,min_return,max_return,median_return,std_return
8,20,3.8999999999999995,413.512175792514,86,-21.633135930197742,1687.0673020165705,297.99241534865223,384.4389451811845
