degree,window,bandwidth,avg_return,num_stocks,min_return,max_return,median_return,std_return
5,70,1.0999999999999999,555.7660229189775,86,-25.058571432221534,3122.6679376804145,339.96870514169274,636.6900246093014
