degree,window,bandwidth,avg_return,num_stocks,min_return,max_return,median_return,std_return
6,120,3.6999999999999993,364.53885856028455,86,-92.05934385462635,4240.476577433919,176.44307708049348,632.9868192327898
