degree,window,bandwidth,avg_return,num_stocks,min_return,max_return,median_return,std_return
3,90,2.6999999999999993,369.7486642346595,86,-70.84712203694882,3427.6221659439225,213.64754705241307,521.825836977596
