degree,window,bandwidth,avg_return,num_stocks,min_return,max_return,median_return,std_return
3,50,0.7,460.61389847939597,86,-55.052811303838936,2816.763472324194,337.3292863518376,514.0674237106451
