degree,window,bandwidth,avg_return,num_stocks,min_return,max_return,median_return,std_return
3,50,1.4999999999999998,416.0115262278216,86,-59.86092839986554,4254.830969518962,240.5971416468289,607.9942669269091
