degree,window,bandwidth,avg_return,num_stocks,min_return,max_return,median_return,std_return
3,110,0.9999999999999999,375.30694055534383,86,-45.53377080765892,2296.295776990458,211.23989275024869,438.4077973340875
