degree,window,bandwidth,avg_return,num_stocks,min_return,max_return,median_return,std_return
1,60,1.4,437.9666542156261,86,-67.32335608978205,2076.6254123005856,323.6280745041715,428.77384534796767
