degree,window,bandwidth,avg_return,num_stocks,min_return,max_return,median_return,std_return
7,40,2.1999999999999997,298.82975683567656,86,-71.50654087718733,1643.7908948805596,180.46012864579092,374.6565901726627
