degree,window,bandwidth,avg_return,num_stocks,min_return,max_return,median_return,std_return
2,100,3.7999999999999994,452.3136793276806,86,-52.62567227399016,3790.1975416150635,291.4590589232417,592.3106692248947
