degree,window,bandwidth,avg_return,num_stocks,min_return,max_return,median_return,std_return
8,90,3.6999999999999993,294.70254180639944,86,-63.91407192175653,3464.7772909300384,191.14936140254144,452.2725841193587
