degree,window,bandwidth,avg_return,num_stocks,min_return,max_return,median_return,std_return
7,20,2.3,742.7928143689433,86,-35.15811504838315,7266.211020236283,472.69661633592835,1139.8803956462048
