degree,window,bandwidth,avg_return,num_stocks,min_return,max_return,median_return,std_return
4,90,0.9999999999999999,323.86779713922294,86,-54.702546788763264,2045.829838536487,254.97723016138735,354.64492121442066
