degree,window,bandwidth,avg_return,num_stocks,min_return,max_return,median_return,std_return
2,90,3.499999999999999,331.6514253695392,86,-60.5911123220534,1644.7069166708186,204.28420583918552,378.18134928504554
