degree,window,bandwidth,avg_return,num_stocks,min_return,max_return,median_return,std_return
2,60,0.7999999999999999,377.0680397221944,86,-63.4574678379741,1938.7288693369374,242.09296058407057,425.7657640852366
