degree,window,bandwidth,avg_return,num_stocks,min_return,max_return,median_return,std_return
5,120,0.9999999999999999,330.18068583644896,86,-81.59794460893693,1979.099513939201,249.45389222909407,360.1190367050359
