degree,window,bandwidth,avg_return,num_stocks,min_return,max_return,median_return,std_return
4,70,3.499999999999999,296.52451308368785,86,-66.3554423499509,2866.983950349484,172.4876747303062,414.2473683641583
