degree,window,bandwidth,avg_return,num_stocks,min_return,max_return,median_return,std_return
2,20,1.7999999999999998,461.30037500947043,86,-44.23997381803079,2079.734565776748,373.9639502297849,388.983837842263
