degree,window,bandwidth,avg_return,num_stocks,min_return,max_return,median_return,std_return
6,30,2.3999999999999995,245.85255193732476,86,-72.71516816060809,1736.2250206828917,170.4181746528837,291.5230874238792
