degree,window,bandwidth,avg_return,num_stocks,min_return,max_return,median_return,std_return
2,110,1.2999999999999998,352.4642744941049,86,-85.91934245595107,1631.8332591180758,280.2800110160663,357.8702727827697
