degree,window,bandwidth,avg_return,num_stocks,min_return,max_return,median_return,std_return
6,30,2.9999999999999996,270.774454873781,86,-77.69659663799243,1737.434702972947,177.986203585819,336.1169518871947
