degree,window,bandwidth,avg_return,num_stocks,min_return,max_return,median_return,std_return
2,20,0.9999999999999999,509.5686481363475,86,-21.95029324908741,3677.298855703586,358.19369995571503,622.3542490366883
