degree,window,bandwidth,avg_return,num_stocks,min_return,max_return,median_return,std_return
6,120,0.8999999999999999,432.39097775654017,86,-45.486987444165976,3325.692564389901,276.08789792161355,569.8077151573654
