degree,window,bandwidth,avg_return,num_stocks,min_return,max_return,median_return,std_return
8,100,3.999999999999999,337.106088119933,86,-76.25876369970838,1984.148900625218,255.6228357112394,370.1765003700387
