degree,window,bandwidth,avg_return,num_stocks,min_return,max_return,median_return,std_return
6,90,1.6999999999999997,540.3364766264413,86,-50.915999177651116,2943.3873720190486,393.7617427051077,583.1758601783342
