degree,window,bandwidth,avg_return,num_stocks,min_return,max_return,median_return,std_return
6,100,3.999999999999999,320.50794027198464,86,-61.953579174010486,2138.890108989019,204.32293973853507,390.45405755861566
