degree,window,bandwidth,avg_return,num_stocks,min_return,max_return,median_return,std_return
3,60,0.7,399.4254572402812,86,-66.81910615905197,2790.873945786133,220.86418577836525,539.7483908831572
