degree,window,bandwidth,avg_return,num_stocks,min_return,max_return,median_return,std_return
2,100,1.4,373.11821735892045,86,-64.42910124353098,1890.632017082137,297.34571143258734,377.67196639154736
