degree,window,bandwidth,avg_return,num_stocks,min_return,max_return,median_return,std_return
2,120,0.8999999999999999,347.77564621985476,86,-84.32912949696461,1611.895759957277,243.5325783631127,358.2931287059986
