degree,window,bandwidth,avg_return,num_stocks,min_return,max_return,median_return,std_return
1,120,2.8999999999999995,564.3545340651931,86,-72.65360828988415,6744.668360900434,370.1493678928108,872.0157077499318
