degree,window,bandwidth,avg_return,num_stocks,min_return,max_return,median_return,std_return
7,50,1.7999999999999998,257.71106179637223,86,-64.40363383660193,1335.2917684553752,218.90388279417263,253.72544376983257
