degree,window,bandwidth,avg_return,num_stocks,min_return,max_return,median_return,std_return
7,110,2.0999999999999996,401.2052804218662,86,-41.10409064417615,1425.008350229462,293.86791904556526,358.1705641438657
