degree,window,bandwidth,avg_return,num_stocks,min_return,max_return,median_return,std_return
4,110,3.1999999999999993,325.18301243504663,86,-65.24092068969385,1545.0649440463596,242.47989692016733,336.8717763745852
