degree,window,bandwidth,avg_return,num_stocks,min_return,max_return,median_return,std_return
9,50,1.6999999999999997,301.09121953657046,86,-77.65318418269858,2829.512067603602,185.27257566327182,417.4714165617388
