degree,window,bandwidth,avg_return,num_stocks,min_return,max_return,median_return,std_return
7,20,2.7999999999999994,741.5978618566871,86,-32.06132673935447,7392.361055811047,437.83992947634454,1105.7436180373672
