degree,window,bandwidth,avg_return,num_stocks,min_return,max_return,median_return,std_return
3,70,1.7999999999999998,366.0743416511095,86,-58.749157757271355,2420.698746497943,263.05896633060524,387.7592727757154
