degree,window,bandwidth,avg_return,num_stocks,min_return,max_return,median_return,std_return
6,70,1.9999999999999996,392.0514515742721,86,-67.70651491097533,3592.8332745881817,260.70900057348746,510.56889450622094
