degree,window,bandwidth,avg_return,num_stocks,min_return,max_return,median_return,std_return
1,50,2.1999999999999997,404.8908759245524,86,-70.9388432203013,2291.8245777126663,307.45723381857306,402.31636663663545
