degree,window,bandwidth,avg_return,num_stocks,min_return,max_return,median_return,std_return
4,110,1.0999999999999999,369.70115660641005,86,-54.8368037862028,4205.341341489012,288.5738643559498,510.27478741577573
