degree,window,bandwidth,avg_return,num_stocks,min_return,max_return,median_return,std_return
4,50,3.3999999999999995,443.2699267633389,86,-58.6190714109753,3316.2980852891524,295.67945404961876,635.196979675028
