degree,window,bandwidth,avg_return,num_stocks,min_return,max_return,median_return,std_return
6,80,2.4999999999999996,471.8831156347367,86,-47.89473585684371,2243.5802925272737,353.93191780138056,466.10101694682487
