degree,window,bandwidth,avg_return,num_stocks,min_return,max_return,median_return,std_return
6,100,1.0999999999999999,502.83382035974773,86,-36.19306889011313,6350.497553311179,303.4575359091148,767.0814677652093
