degree,window,bandwidth,avg_return,num_stocks,min_return,max_return,median_return,std_return
3,70,2.4999999999999996,374.6339079528296,86,-63.26966256825476,1690.523981371176,239.41065356794437,398.00242707474143
