degree,window,bandwidth,avg_return,num_stocks,min_return,max_return,median_return,std_return
2,60,2.9999999999999996,390.8988102626348,86,-67.70117404356154,3394.328809948075,184.88844366767637,564.9550477960768
