degree,window,bandwidth,avg_return,num_stocks,min_return,max_return,median_return,std_return
4,90,1.2999999999999998,354.22172277846767,86,-51.1836158082622,4729.170533476664,238.94945640324852,551.6237475246468
