degree,window,bandwidth,avg_return,num_stocks,min_return,max_return,median_return,std_return
1,70,3.2999999999999994,469.9411867630695,86,-43.34102328893589,2607.8440358645844,349.0844595291876,483.87491154386726
