degree,window,bandwidth,avg_return,num_stocks,min_return,max_return,median_return,std_return
2,70,2.3999999999999995,460.363184580787,86,-65.96640792470077,3915.743587424818,215.85446869991648,669.6657978945711
