degree,window,bandwidth,avg_return,num_stocks,min_return,max_return,median_return,std_return
5,120,2.7999999999999994,350.37704180157675,86,-52.49861213604083,2859.715684927485,215.19474304130296,431.54350474061806
