degree,window,bandwidth,avg_return,num_stocks,min_return,max_return,median_return,std_return
8,120,2.3,408.5689482476956,86,-38.053315157947495,3709.3079782017358,244.79306549798832,551.8727753916538
