degree,window,bandwidth,avg_return,num_stocks,min_return,max_return,median_return,std_return
6,70,0.8999999999999999,390.6762022853794,86,-69.51781165064762,7980.992674731955,235.23569567732756,872.4534077252073
