degree,window,bandwidth,avg_return,num_stocks,min_return,max_return,median_return,std_return
8,100,1.9999999999999996,307.3582359374153,86,-41.92370594248047,1552.759076855055,218.61643427691254,285.9736913548869
