degree,window,bandwidth,avg_return,num_stocks,min_return,max_return,median_return,std_return
2,30,2.0999999999999996,368.8749597512224,86,-59.55982207768537,2784.8514428048156,266.56113062049985,427.14545551228133
