degree,window,bandwidth,avg_return,num_stocks,min_return,max_return,median_return,std_return
8,110,0.6,439.47038436732936,86,-36.97076655883108,3553.046289387743,258.3514901667252,535.5110522402057
