degree,window,bandwidth,avg_return,num_stocks,min_return,max_return,median_return,std_return
4,60,0.8999999999999999,563.1165234025756,86,-41.93657504412788,4283.471665298412,381.9527251195593,629.8562021390985
