degree,window,bandwidth,avg_return,num_stocks,min_return,max_return,median_return,std_return
7,20,3.3999999999999995,690.8800396498168,86,-44.397030873322684,5607.151399451811,434.22526374547374,939.8575788615924
