degree,window,bandwidth,avg_return,num_stocks,min_return,max_return,median_return,std_return
6,20,1.8999999999999997,732.1150587174976,86,-41.10465039224436,5781.65099660139,381.759978780773,973.0654327296086
