degree,window,bandwidth,avg_return,num_stocks,min_return,max_return,median_return,std_return
5,120,3.8999999999999995,282.34739749596645,86,-65.08048454133358,1399.8206857249997,195.73953176660558,292.0810444095618
