degree,window,bandwidth,avg_return,num_stocks,min_return,max_return,median_return,std_return
8,120,3.6999999999999993,337.08436969630014,86,-46.89498941337224,2248.5122881493817,207.9178792097357,392.2471910714266
