degree,window,bandwidth,avg_return,num_stocks,min_return,max_return,median_return,std_return
5,50,2.5999999999999996,416.73190382557056,86,-75.93940882072644,7038.673544357632,237.993177315759,800.5438324695074
