degree,window,bandwidth,avg_return,num_stocks,min_return,max_return,median_return,std_return
2,120,2.3,364.07030356889095,86,-58.55235383067203,3835.8748613705543,237.91905373280292,500.90186829472776
