degree,window,bandwidth,avg_return,num_stocks,min_return,max_return,median_return,std_return
1,110,1.1999999999999997,396.34222488163107,86,-38.07047415879574,2925.7906778905685,313.62959872424426,439.98360665311714
