degree,window,bandwidth,avg_return,num_stocks,min_return,max_return,median_return,std_return
5,60,0.9999999999999999,443.8457987355711,86,-45.42558245127926,1992.2602722139536,290.81367591901966,472.5282932950885
