degree,window,bandwidth,avg_return,num_stocks,min_return,max_return,median_return,std_return
1,120,1.0999999999999999,399.520753242461,86,-38.74844810004984,2435.2807700135522,314.31705644587817,414.11053320934695
