degree,window,bandwidth,avg_return,num_stocks,min_return,max_return,median_return,std_return
5,20,1.2999999999999998,316.3945611150055,86,-63.840653720902,4408.883290249833,161.52978964777674,563.8861483669888
