degree,window,bandwidth,avg_return,num_stocks,min_return,max_return,median_return,std_return
4,40,2.8999999999999995,458.34972273277157,86,-62.01339510921549,3075.872754852662,258.81432686134565,528.8175262346024
