degree,window,bandwidth,avg_return,num_stocks,min_return,max_return,median_return,std_return
7,20,3.2999999999999994,697.8560216873469,86,-36.899620862015794,6205.221301311273,442.38954112049726,994.6861443285079
