degree,window,bandwidth,avg_return,num_stocks,min_return,max_return,median_return,std_return
4,100,2.8999999999999995,406.1539594074657,86,-74.12924669170766,3016.21191303844,220.76492998667345,572.1702263235445
