degree,window,bandwidth,avg_return,num_stocks,min_return,max_return,median_return,std_return
1,100,0.6,413.287076750958,86,-49.618372183239075,4994.619675779345,281.3518062042922,621.7315665059157
