degree,window,bandwidth,avg_return,num_stocks,min_return,max_return,median_return,std_return
1,100,1.1999999999999997,412.9900034901348,86,-28.234248549201958,3396.22437403061,290.5947370855637,519.0163021252948
