degree,window,bandwidth,avg_return,num_stocks,min_return,max_return,median_return,std_return
8,30,3.599999999999999,693.7854879033553,86,-60.97316091736575,3903.596727942312,390.8513340538085,815.0926454465218
