degree,window,bandwidth,avg_return,num_stocks,min_return,max_return,median_return,std_return
6,90,3.599999999999999,440.07492779809536,86,-45.9603363066726,3958.147238011298,265.1335925107451,542.9645711116267
