degree,window,bandwidth,avg_return,num_stocks,min_return,max_return,median_return,std_return
7,100,1.2999999999999998,474.0168489947201,86,-60.86851866319335,3328.5149554001778,268.793442558499,581.4697960208008
