degree,window,bandwidth,avg_return,num_stocks,min_return,max_return,median_return,std_return
3,70,2.5999999999999996,354.5720282245876,86,-59.054620186101005,1490.7005297254186,241.87918268292026,386.3864255476168
