degree,window,bandwidth,avg_return,num_stocks,min_return,max_return,median_return,std_return
3,20,2.3,353.2582344986281,86,-87.3901490714268,2495.8631611581623,259.94582407950895,359.00757840575665
