degree,window,bandwidth,avg_return,num_stocks,min_return,max_return,median_return,std_return
3,70,1.2999999999999998,302.3177994177779,86,-42.36825105729437,2073.99875617603,232.26262434455208,331.778264269407
