degree,window,bandwidth,avg_return,num_stocks,min_return,max_return,median_return,std_return
3,20,1.4,337.40803666261036,86,-71.93419799290473,3010.349325284336,237.7207093265132,406.28773511768674
