degree,window,bandwidth,avg_return,num_stocks,min_return,max_return,median_return,std_return
7,100,3.8999999999999995,368.51656282485317,86,-45.746424894497586,1701.9174946936648,243.33650656344565,373.140301881478
