degree,window,bandwidth,avg_return,num_stocks,min_return,max_return,median_return,std_return
6,70,2.4999999999999996,328.305519603722,86,-57.393488329831776,1667.6983506279364,228.73294891662096,328.46438642726423
