degree,window,bandwidth,avg_return,num_stocks,min_return,max_return,median_return,std_return
3,60,2.6999999999999993,351.09591501871074,86,-57.36168718461393,1976.8215384937,230.3943014977635,379.0978109663753
