degree,window,bandwidth,avg_return,num_stocks,min_return,max_return,median_return,std_return
6,120,0.7,460.21691667282806,86,-38.2060906410183,4204.744314812136,288.6691369795517,613.413805983943
