degree,window,bandwidth,avg_return,num_stocks,min_return,max_return,median_return,std_return
3,80,2.0999999999999996,413.53886336574993,86,-61.09608749401961,4116.692610682169,262.16417732662717,563.4304729522839
