degree,window,bandwidth,avg_return,num_stocks,min_return,max_return,median_return,std_return
8,70,2.1999999999999997,199.37852124363434,86,-91.14902420227381,754.2569116287984,152.55022329779646,181.74197532932521
