degree,window,bandwidth,avg_return,num_stocks,min_return,max_return,median_return,std_return
5,100,2.8999999999999995,340.94790778872505,86,-89.75749062734964,1822.020419391442,246.93457491239093,391.49266620729577
