degree,window,bandwidth,avg_return,num_stocks,min_return,max_return,median_return,std_return
1,100,2.8999999999999995,514.0502151954175,86,-37.71784815042501,2895.279989710266,373.90789854214955,544.4852723408861
