degree,window,bandwidth,avg_return,num_stocks,min_return,max_return,median_return,std_return
4,40,1.6999999999999997,352.98823669466964,86,-69.33161852891537,3572.821445365227,197.77486307995923,494.62675447238723
