degree,window,bandwidth,avg_return,num_stocks,min_return,max_return,median_return,std_return
8,90,0.7,214.21682926437276,86,-85.62223496457227,2189.34890431177,123.01875612089873,304.71123832150545
