degree,window,bandwidth,avg_return,num_stocks,min_return,max_return,median_return,std_return
3,120,1.2999999999999998,370.77768097738095,86,-41.610111518007656,2442.1033197694787,215.69195256567247,424.1581628613332
