degree,window,bandwidth,avg_return,num_stocks,min_return,max_return,median_return,std_return
7,40,2.5999999999999996,304.7259529788863,86,-58.624930823065604,1997.0200368911208,174.40536293472306,393.9632268538116
