degree,window,bandwidth,avg_return,num_stocks,min_return,max_return,median_return,std_return
4,80,2.3999999999999995,337.4907927929852,86,-83.32711086942172,1847.345568736414,217.13691897232437,376.1318303624884
