degree,window,bandwidth,avg_return,num_stocks,min_return,max_return,median_return,std_return
6,80,0.9999999999999999,469.28712231814694,86,-21.92861523313468,2478.257158989159,259.46818067559366,562.9712006307573
