degree,window,bandwidth,avg_return,num_stocks,min_return,max_return,median_return,std_return
8,20,1.9999999999999996,436.32070636604186,86,-14.859373353367628,2691.9841666239063,296.3271967929178,457.66312294056297
