degree,window,bandwidth,avg_return,num_stocks,min_return,max_return,median_return,std_return
9,120,2.4999999999999996,350.27488120717777,86,-37.25596112905542,1355.1878142311914,274.80078068825856,339.21160672949395
