degree,window,bandwidth,avg_return,num_stocks,min_return,max_return,median_return,std_return
6,100,2.4999999999999996,439.5981627450064,86,-49.895394312554565,3283.5876469903155,278.749688224886,548.0691312349652
