degree,window,bandwidth,avg_return,num_stocks,min_return,max_return,median_return,std_return
6,120,2.0999999999999996,392.2126375398113,86,-59.28712442999383,3535.4090046251613,268.04644893011465,558.5420228573031
