degree,window,bandwidth,avg_return,num_stocks,min_return,max_return,median_return,std_return
3,120,3.1999999999999993,299.31284129126476,86,-52.46829587179299,3607.778405721832,194.88588545828264,435.9079144606486
