degree,window,bandwidth,avg_return,num_stocks,min_return,max_return,median_return,std_return
5,30,2.6999999999999993,264.7166825673713,86,-85.62369364898704,1322.40851535337,208.7152151467622,276.8990222377335
