degree,window,bandwidth,avg_return,num_stocks,min_return,max_return,median_return,std_return
7,120,1.8999999999999997,451.2352845964574,86,-49.886983365851066,2879.4826302761703,282.81812170753943,488.3716897914516
