degree,window,bandwidth,avg_return,num_stocks,min_return,max_return,median_return,std_return
9,80,3.2999999999999994,197.34447455962825,86,-88.17030833739699,1217.776605438868,138.48644434698267,212.13532820157687
