degree,window,bandwidth,avg_return,num_stocks,min_return,max_return,median_return,std_return
4,90,1.1999999999999997,351.2369487693531,86,-50.28261127857628,3363.582388048078,228.60978171493537,445.0751205847251
