degree,window,bandwidth,avg_return,num_stocks,min_return,max_return,median_return,std_return
9,80,2.7999999999999994,203.7058762234604,86,-89.45186904853546,1179.597321259666,152.05315394356407,214.04884607016595
