degree,window,bandwidth,avg_return,num_stocks,min_return,max_return,median_return,std_return
1,100,1.0999999999999999,408.6696967215557,86,-34.4509938496879,3697.89414734866,263.4427980040258,584.903011642803
