degree,window,bandwidth,avg_return,num_stocks,min_return,max_return,median_return,std_return
5,70,2.4999999999999996,446.0862011595908,86,-42.662441315741546,2069.1967939462365,349.2369641463923,405.54563391263287
