degree,window,bandwidth,avg_return,num_stocks,min_return,max_return,median_return,std_return
5,80,3.599999999999999,330.02151957201954,86,-55.50612691847894,1843.097364475375,213.51791631848633,367.98799827415263
