degree,window,bandwidth,avg_return,num_stocks,min_return,max_return,median_return,std_return
5,100,2.7999999999999994,350.7480472429597,86,-84.53736925828338,1863.7584667253407,210.93706175881834,378.002869916867
