degree,window,bandwidth,avg_return,num_stocks,min_return,max_return,median_return,std_return
3,120,1.1999999999999997,342.4277888294576,86,-48.724023302420285,2168.8628119304462,219.4154330603178,375.43281190953616
