degree,window,bandwidth,avg_return,num_stocks,min_return,max_return,median_return,std_return
9,100,2.6999999999999993,218.55332215429937,86,-65.15889447579308,1696.2432820720703,129.40467806911178,275.4343771603551
