degree,window,bandwidth,avg_return,num_stocks,min_return,max_return,median_return,std_return
4,110,1.9999999999999996,329.27989739265377,86,-59.380898822765026,1938.7071489805915,223.87132251660535,353.41110881025287
