degree,window,bandwidth,avg_return,num_stocks,min_return,max_return,median_return,std_return
1,40,1.6999999999999997,451.7049647302813,86,-63.36907376260403,2402.25013728546,297.5195973503761,468.6121420972663
