degree,window,bandwidth,avg_return,num_stocks,min_return,max_return,median_return,std_return
6,120,1.1999999999999997,479.2998030386631,86,-64.82267449451456,6528.088772163884,279.6138757510337,827.8994796203853
