degree,window,bandwidth,avg_return,num_stocks,min_return,max_return,median_return,std_return
2,90,3.999999999999999,397.3636674044442,86,-61.83731297329914,4032.428948565046,264.0642593904435,528.3549064495736
