degree,window,bandwidth,avg_return,num_stocks,min_return,max_return,median_return,std_return
7,120,3.7999999999999994,326.97478634232937,86,-52.423156105359844,2619.1685687584736,206.34134653534724,404.74545385081746
