degree,window,bandwidth,avg_return,num_stocks,min_return,max_return,median_return,std_return
6,30,1.5999999999999996,280.31976063097375,86,-69.4157203592722,2088.0944961523865,148.1697918428597,392.2261028020651
