degree,window,bandwidth,avg_return,num_stocks,min_return,max_return,median_return,std_return
2,40,0.8999999999999999,427.40817069965726,86,-63.824293443888735,5010.457055340451,218.9635203570523,660.7238631902031
