degree,window,bandwidth,avg_return,num_stocks,min_return,max_return,median_return,std_return
7,90,2.3999999999999995,394.45281453435155,86,-41.38965825229253,2218.3190664290228,252.90627650714774,419.76922251979113
