degree,window,bandwidth,avg_return,num_stocks,min_return,max_return,median_return,std_return
2,120,3.2999999999999994,432.6119584648489,86,-74.36909083823909,5672.458136001671,283.1105594124797,689.8884883662425
