degree,window,bandwidth,avg_return,num_stocks,min_return,max_return,median_return,std_return
5,110,0.6,396.6178293078452,86,-68.94650042410846,3020.3942898316977,290.77410982785204,453.72756659020433
