degree,window,bandwidth,avg_return,num_stocks,min_return,max_return,median_return,std_return
8,90,3.8999999999999995,330.0681274408055,86,-48.54045020624403,4936.405864157391,211.52192568709677,583.9575548056445
