degree,window,bandwidth,avg_return,num_stocks,min_return,max_return,median_return,std_return
1,50,1.5999999999999996,408.27542062100633,86,-53.5122078086791,2365.2045120563766,316.7309028604727,400.65284458440954
