degree,window,bandwidth,avg_return,num_stocks,min_return,max_return,median_return,std_return
3,120,1.8999999999999997,369.4408472755539,86,-48.900536167752904,1975.8481839047781,221.1028319054908,422.7465159092977
