degree,window,bandwidth,avg_return,num_stocks,min_return,max_return,median_return,std_return
1,110,3.1999999999999993,531.5092137771014,86,-34.18696508137291,2682.0285814646254,356.59871400478244,573.0296281694426
