degree,window,bandwidth,avg_return,num_stocks,min_return,max_return,median_return,std_return
7,80,2.7999999999999994,360.649688151679,86,-73.07456521561653,5566.646841795062,248.46376788209795,638.6989619992995
