degree,window,bandwidth,avg_return,num_stocks,min_return,max_return,median_return,std_return
2,60,1.2999999999999998,375.80671391015784,86,-65.96380162013315,2890.9562782107514,270.57339476854906,450.9460266274976
