degree,window,bandwidth,avg_return,num_stocks,min_return,max_return,median_return,std_return
4,60,0.7,586.2841170990943,86,-20.310403630583203,3449.551012388705,422.0075129218708,649.2389118561144
