degree,window,bandwidth,avg_return,num_stocks,min_return,max_return,median_return,std_return
7,110,1.4,473.4089799649341,86,-28.152364934696806,3429.292920043959,269.15978945172674,547.3640653306967
