degree,window,bandwidth,avg_return,num_stocks,min_return,max_return,median_return,std_return
3,20,1.7999999999999998,341.86943926243185,86,-81.15901379120453,1727.0486904169643,236.69018116070617,344.6683681290612
