degree,window,bandwidth,avg_return,num_stocks,min_return,max_return,median_return,std_return
3,120,2.7999999999999994,319.31808006610026,86,-37.752856702632556,2156.8812188074585,220.1554413755785,344.78908506334943
