degree,window,bandwidth,avg_return,num_stocks,min_return,max_return,median_return,std_return
5,60,2.8999999999999995,400.59295060154824,86,-48.663293903921094,2046.161809805722,245.9122007283797,412.91816980845954
