degree,window,bandwidth,avg_return,num_stocks,min_return,max_return,median_return,std_return
9,90,3.2999999999999994,253.61462797016222,86,-84.22740188143423,2567.4678074356552,136.5392371277839,359.88107609913396
