degree,window,bandwidth,avg_return,num_stocks,min_return,max_return,median_return,std_return
2,80,2.3,369.6029998806972,86,-55.10973019902578,2146.4316552677874,249.55338075724953,404.36173640197677
