degree,window,bandwidth,avg_return,num_stocks,min_return,max_return,median_return,std_return
4,100,0.9999999999999999,333.88286930329156,86,-73.02352971169391,3698.773416350552,269.3878379923676,450.6758861082107
