degree,window,bandwidth,avg_return,num_stocks,min_return,max_return,median_return,std_return
7,20,1.8999999999999997,733.0809970552699,86,-33.93979287488241,7047.625982472955,438.77130179367634,1081.0375503964128
