degree,window,bandwidth,avg_return,num_stocks,min_return,max_return,median_return,std_return
8,60,2.9999999999999996,270.473084667129,86,-86.24478086974182,1222.3288830478123,201.63774493158508,256.952350175751
