degree,window,bandwidth,avg_return,num_stocks,min_return,max_return,median_return,std_return
4,60,2.0999999999999996,454.8416206631004,86,-52.783071239878524,4713.199717282408,272.93257249611827,640.2787132905949
