degree,window,bandwidth,avg_return,num_stocks,min_return,max_return,median_return,std_return
5,40,1.7999999999999998,282.6882685059307,86,-62.286247049043396,6257.628240017843,179.277741596606,680.6548696544127
