degree,window,bandwidth,avg_return,num_stocks,min_return,max_return,median_return,std_return
4,90,1.7999999999999998,338.6758128229141,86,-49.52544236003323,1957.511159080314,268.9683933255924,352.244155783382
