degree,window,bandwidth,avg_return,num_stocks,min_return,max_return,median_return,std_return
2,80,1.2999999999999998,356.58823891539873,86,-75.0194391464139,3338.7207458016237,230.3604561899979,463.49896999993354
