degree,window,bandwidth,avg_return,num_stocks,min_return,max_return,median_return,std_return
6,100,0.7,545.0456289887653,86,-59.2430387597804,4459.9482141906865,343.8678566568788,750.4663899107225
