degree,window,bandwidth,avg_return,num_stocks,min_return,max_return,median_return,std_return
6,100,1.1999999999999997,495.17612077452645,86,-47.34351711826433,7139.582862449656,301.3971234947587,838.1375581740084
