degree,window,bandwidth,avg_return,num_stocks,min_return,max_return,median_return,std_return
2,60,3.2999999999999994,399.35935485117807,86,-60.206019297284016,2931.3391050398427,177.5334659362824,573.7381734350115
