degree,window,bandwidth,avg_return,num_stocks,min_return,max_return,median_return,std_return
2,80,3.3999999999999995,329.1343442118382,86,-56.889196373932705,1604.729180887533,267.43360358111886,313.9865295610429
