degree,window,bandwidth,avg_return,num_stocks,min_return,max_return,median_return,std_return
1,70,2.1999999999999997,526.0924466299074,86,-83.62526413851116,7496.22449212863,344.17636181865225,860.9643829076331
