degree,window,bandwidth,avg_return,num_stocks,min_return,max_return,median_return,std_return
6,80,1.0999999999999999,474.47856102689275,86,-25.416189578253135,2540.3960065810443,259.0681886324794,569.1941527306375
