degree,window,bandwidth,avg_return,num_stocks,min_return,max_return,median_return,std_return
7,80,2.0999999999999996,349.3742909381599,86,-59.57104406591971,7000.526284852928,190.13365772624928,770.7288423206311
