degree,window,bandwidth,avg_return,num_stocks,min_return,max_return,median_return,std_return
3,120,1.9999999999999996,336.7710952879841,86,-42.839455223396435,1908.503786075428,227.08157677506557,384.19958226326554
