degree,window,bandwidth,avg_return,num_stocks,min_return,max_return,median_return,std_return
3,80,1.0999999999999999,372.20477029205745,86,-38.914434787764776,5356.542413152856,245.81840273540774,609.8922690870609
