degree,window,bandwidth,avg_return,num_stocks,min_return,max_return,median_return,std_return
6,60,2.1999999999999997,301.46065082683566,86,-50.33534606551394,1871.500800307531,193.293958278898,352.46782864545764
