degree,window,bandwidth,avg_return,num_stocks,min_return,max_return,median_return,std_return
1,100,2.4999999999999996,560.3880657706014,86,-76.50163326270031,6114.874944291128,364.04100125755906,781.386431067193
