degree,window,bandwidth,avg_return,num_stocks,min_return,max_return,median_return,std_return
2,50,3.599999999999999,334.71765489899065,86,-57.54390440507815,2966.72384277805,180.34663099785797,470.07471210463495
