degree,window,bandwidth,avg_return,num_stocks,min_return,max_return,median_return,std_return
3,40,1.4999999999999998,498.8899132548705,86,-35.84890182425109,3151.0576630988544,377.40921276249657,514.7672648030217
