degree,window,bandwidth,avg_return,num_stocks,min_return,max_return,median_return,std_return
2,40,1.0999999999999999,405.4983701295754,86,-54.829583852920024,3734.0835918350876,212.8109791174826,515.0333610239688
