degree,window,bandwidth,avg_return,num_stocks,min_return,max_return,median_return,std_return
2,60,2.8999999999999995,388.8262494983705,86,-57.45120434106221,4214.249232596001,184.80149648149776,579.5097660598857
