degree,window,bandwidth,avg_return,num_stocks,min_return,max_return,median_return,std_return
9,50,2.6999999999999993,317.23802907297215,86,-80.37863075173516,5935.206952858154,159.4853479354827,684.6536327874436
