degree,window,bandwidth,avg_return,num_stocks,min_return,max_return,median_return,std_return
6,100,1.8999999999999997,455.6866845415024,86,-53.01621124996741,4612.056809643968,262.0864701912524,704.6963768958202
