degree,window,bandwidth,avg_return,num_stocks,min_return,max_return,median_return,std_return
6,50,3.499999999999999,335.53325401036267,86,-68.88223061190534,7272.09539011871,173.8817795410634,808.1702195954527
