degree,window,bandwidth,avg_return,num_stocks,min_return,max_return,median_return,std_return
9,80,1.4999999999999998,280.2296484239358,86,-82.76816830762282,2536.197496979476,160.51094093478088,360.89258370680176
