degree,window,bandwidth,avg_return,num_stocks,min_return,max_return,median_return,std_return
3,50,2.9999999999999996,308.7256916424207,86,-52.45138822503833,1346.9421677367884,232.87148801500948,310.27069318437094
