degree,window,bandwidth,avg_return,num_stocks,min_return,max_return,median_return,std_return
3,50,0.8999999999999999,422.04123055020904,86,-44.15263621689466,2110.4636327723583,308.1864902465834,443.93077203160396
