degree,window,bandwidth,avg_return,num_stocks,min_return,max_return,median_return,std_return
6,120,0.7999999999999999,457.00193008575275,86,-55.975703662511336,3880.8307953909803,290.1182780941326,616.1361495597891
