degree,window,bandwidth,avg_return,num_stocks,min_return,max_return,median_return,std_return
9,120,0.5,309.41231329014613,86,-69.20600351949231,2528.9830853842905,242.3629953578818,357.8834192122987
