degree,window,bandwidth,avg_return,num_stocks,min_return,max_return,median_return,std_return
4,70,2.7999999999999994,311.39062991528465,86,-45.90535184077752,2597.399974988355,195.63132710289022,395.3658379912406
