degree,window,bandwidth,avg_return,num_stocks,min_return,max_return,median_return,std_return
3,50,2.3,402.13181624511583,86,-37.22709854681131,6011.37368295631,226.16448423347265,786.4986508732234
