degree,window,bandwidth,avg_return,num_stocks,min_return,max_return,median_return,std_return
9,90,3.8999999999999995,265.3156823630741,86,-90.15843350361466,2155.4428391714387,151.24678544404242,354.84140197897676
