degree,window,bandwidth,avg_return,num_stocks,min_return,max_return,median_return,std_return
2,20,0.8999999999999999,500.33277572497644,86,-21.081990917081583,3983.289291084288,371.0651837907701,625.4583512015658
