degree,window,bandwidth,avg_return,num_stocks,min_return,max_return,median_return,std_return
2,60,2.4999999999999996,393.15187136902125,86,-71.86905762727048,3684.0341050631564,235.28351585978288,505.26306664671176
