degree,window,bandwidth,avg_return,num_stocks,min_return,max_return,median_return,std_return
6,90,2.7999999999999994,416.71670782562796,86,-64.3218988578761,3094.6695525053565,292.9988780135991,483.60542603808426
