degree,window,bandwidth,avg_return,num_stocks,min_return,max_return,median_return,std_return
5,80,1.5999999999999996,435.75293928222106,86,-40.35823999002995,2335.3150579061326,262.00293750106096,456.82322911874513
