degree,window,bandwidth,avg_return,num_stocks,min_return,max_return,median_return,std_return
3,80,1.4,354.7188517391426,86,-44.29100732146266,3689.6860889459176,246.61352625285326,505.11445864831427
