degree,window,bandwidth,avg_return,num_stocks,min_return,max_return,median_return,std_return
9,120,2.6999999999999993,369.99411647135327,86,-45.27390806670514,2910.440269762569,266.6153928055592,444.50769623908695
