degree,window,bandwidth,avg_return,num_stocks,min_return,max_return,median_return,std_return
4,120,3.8999999999999995,220.0368836058039,86,-85.20952240115975,1357.31986509052,158.08151840235627,240.75311510246962
