degree,window,bandwidth,avg_return,num_stocks,min_return,max_return,median_return,std_return
6,30,0.9999999999999999,306.4823154336735,86,-80.96768051700927,2346.0108329365644,154.997665816212,471.4162036692298
