degree,window,bandwidth,avg_return,num_stocks,min_return,max_return,median_return,std_return
4,40,3.599999999999999,475.29997396145023,86,-44.120913326222954,5127.504205085505,214.47331582568728,828.2519996505212
