degree,window,bandwidth,avg_return,num_stocks,min_return,max_return,median_return,std_return
1,50,2.3,407.9111369794371,86,-60.38096012344789,2133.703663411376,336.4416086738407,418.4116960544707
