degree,window,bandwidth,avg_return,num_stocks,min_return,max_return,median_return,std_return
3,70,2.6999999999999993,364.3779444449889,86,-66.49775738827553,1495.778894944747,216.2067727068583,391.59866967763264
