degree,window,bandwidth,avg_return,num_stocks,min_return,max_return,median_return,std_return
9,70,0.8999999999999999,340.33549667528257,86,-60.17850578245891,3255.766635820828,207.55973365864952,519.3756037461493
