degree,window,bandwidth,avg_return,num_stocks,min_return,max_return,median_return,std_return
1,60,1.1999999999999997,442.49087480760306,86,-69.25364392696738,1838.4332000109018,330.3533234054075,431.91954395598265
