degree,window,bandwidth,avg_return,num_stocks,min_return,max_return,median_return,std_return
7,110,1.7999999999999998,403.6658528164416,86,-37.96895490242576,1914.6880825156857,308.967371345093,389.98910002258725
