degree,window,bandwidth,avg_return,num_stocks,min_return,max_return,median_return,std_return
1,80,3.0999999999999996,507.7189201402315,86,-78.0097113068789,2436.249512951429,356.2810381166537,510.8589039804316
