degree,window,bandwidth,avg_return,num_stocks,min_return,max_return,median_return,std_return
7,120,1.1999999999999997,576.8748588702109,86,-49.03123965364528,4962.787601263763,335.8795897637488,745.7409359037065
