degree,window,bandwidth,avg_return,num_stocks,min_return,max_return,median_return,std_return
3,30,3.8999999999999995,344.225628072091,86,-57.84590073388707,2234.1740451800606,210.82257168494408,421.4162624902077
