degree,window,bandwidth,avg_return,num_stocks,min_return,max_return,median_return,std_return
2,50,0.5,375.2537954225163,86,-60.56706798510144,2297.1076253950264,228.20158390340788,441.7280977134998
