degree,window,bandwidth,avg_return,num_stocks,min_return,max_return,median_return,std_return
7,110,3.6999999999999993,432.68808289593585,86,-64.01938951971931,4860.524525136148,243.6072308885512,618.7238887876024
