degree,window,bandwidth,avg_return,num_stocks,min_return,max_return,median_return,std_return
1,40,1.2999999999999998,429.4847531402948,86,-63.62945257059035,2141.685037768042,295.897952311722,432.78553243326235
