degree,window,bandwidth,avg_return,num_stocks,min_return,max_return,median_return,std_return
7,80,3.1999999999999993,344.87359298241773,86,-63.99256091169474,2345.7472611400135,264.0585546314317,380.3226429983606
