degree,window,bandwidth,avg_return,num_stocks,min_return,max_return,median_return,std_return
9,90,3.0999999999999996,254.3063866021511,86,-85.26724331329925,1978.3744165911755,144.579142796672,350.68385071111953
