degree,window,bandwidth,avg_return,num_stocks,min_return,max_return,median_return,std_return
5,40,0.6,251.4661435808847,86,-80.3320886886205,2243.3881961721645,192.77007132171343,302.0340255836955
