degree,window,bandwidth,avg_return,num_stocks,min_return,max_return,median_return,std_return
5,20,2.1999999999999997,281.26874006834265,86,-64.21594236145607,2059.984147269946,155.3544684400456,414.3030826569006
