degree,window,bandwidth,avg_return,num_stocks,min_return,max_return,median_return,std_return
3,20,1.5999999999999996,351.2958630571288,86,-72.91523079754629,2304.867915964583,245.4278274138947,391.76387710671975
