degree,window,bandwidth,avg_return,num_stocks,min_return,max_return,median_return,std_return
5,110,3.1999999999999993,290.51191724653836,86,-85.97348818745121,1261.4005658621127,199.26010012525154,280.88908418981174
