degree,window,bandwidth,avg_return,num_stocks,min_return,max_return,median_return,std_return
3,120,3.999999999999999,290.2866471432484,86,-59.65438634847576,3961.439238690399,156.7969800076835,510.9594052844624
