degree,window,bandwidth,avg_return,num_stocks,min_return,max_return,median_return,std_return
3,60,3.999999999999999,245.37587457580068,86,-84.97486791502257,1760.5001375815418,160.14176183194846,301.1502121735337
