degree,window,bandwidth,avg_return,num_stocks,min_return,max_return,median_return,std_return
7,120,0.9999999999999999,549.3271783536006,86,-53.21556863194067,3757.8046791722713,365.2223438258296,660.3494050834848
