degree,window,bandwidth,avg_return,num_stocks,min_return,max_return,median_return,std_return
3,40,0.8999999999999999,635.4890073001704,86,-41.392152262152784,3660.3708673949277,470.4864642922812,653.6697194550923
