degree,window,bandwidth,avg_return,num_stocks,min_return,max_return,median_return,std_return
2,90,2.4999999999999996,392.4718124325043,86,-82.57372491614075,2049.223641099014,262.568934939645,455.87284140970627
