degree,window,bandwidth,avg_return,num_stocks,min_return,max_return,median_return,std_return
5,60,2.0999999999999996,434.240561491519,86,-38.568970856431676,2780.706217347174,268.4540415195979,500.99612912688576
