degree,window,bandwidth,avg_return,num_stocks,min_return,max_return,median_return,std_return
9,20,0.7,583.6983706459063,86,-15.007076599732263,4928.506214405388,347.73446287451543,738.7298476880126
