degree,window,bandwidth,avg_return,num_stocks,min_return,max_return,median_return,std_return
3,70,1.5999999999999996,348.624436931795,86,-52.82390401718998,2503.991708585219,231.54380849774975,388.4144831487869
