degree,window,bandwidth,avg_return,num_stocks,min_return,max_return,median_return,std_return
9,30,0.7999999999999999,686.7575760588986,86,-46.15411800259432,7928.322541862978,429.76902745489747,1015.9249098217651
