degree,window,bandwidth,avg_return,num_stocks,min_return,max_return,median_return,std_return
5,60,3.599999999999999,444.58135763371376,86,-36.71061573094459,3666.051937871369,217.08933278896183,569.5419079081724
