degree,window,bandwidth,avg_return,num_stocks,min_return,max_return,median_return,std_return
4,30,1.0999999999999999,264.37496355546295,86,-85.11481049219528,2166.5717135017208,176.68903172704802,333.9509504399477
