degree,window,bandwidth,avg_return,num_stocks,min_return,max_return,median_return,std_return
6,110,0.8999999999999999,447.0766639965436,86,-69.81679091001322,3067.0328755802666,302.0743866223006,501.0197722881096
