degree,window,bandwidth,avg_return,num_stocks,min_return,max_return,median_return,std_return
9,80,1.4,262.78891662864663,86,-78.02097179675206,1339.848729389491,171.8461597168144,286.1486819576218
