degree,window,bandwidth,avg_return,num_stocks,min_return,max_return,median_return,std_return
7,90,0.5,354.29907773376834,86,-64.30647570472685,2709.311460397766,239.0293451184226,414.2195785135628
