degree,window,bandwidth,avg_return,num_stocks,min_return,max_return,median_return,std_return
4,70,2.3,348.65940341427034,86,-63.01587155380348,4113.370934286804,187.62506491012036,530.3344912855722
