degree,window,bandwidth,avg_return,num_stocks,min_return,max_return,median_return,std_return
9,90,2.1999999999999997,250.04722251863737,86,-83.22386979201181,1691.5615741768554,145.5207556633436,334.7840884456667
