degree,window,bandwidth,avg_return,num_stocks,min_return,max_return,median_return,std_return
2,20,2.5999999999999996,505.98879645779385,86,-70.01074697665396,3114.894672581912,356.8468715800399,585.1768048289796
