degree,window,bandwidth,avg_return,num_stocks,min_return,max_return,median_return,std_return
5,110,0.7999999999999999,367.66520080006217,86,-72.1230845829542,2690.887252861997,245.5306589485006,421.67587665289585
