degree,window,bandwidth,avg_return,num_stocks,min_return,max_return,median_return,std_return
7,60,3.2999999999999994,263.8700922378642,86,-84.74836627257525,4925.817242486507,175.5873591158849,546.0687984100598
