degree,window,bandwidth,avg_return,num_stocks,min_return,max_return,median_return,std_return
1,100,2.0999999999999996,438.14826233529067,86,-28.73422214408184,3601.8374233776703,369.0685864251743,476.4698528098568
