degree,window,bandwidth,avg_return,num_stocks,min_return,max_return,median_return,std_return
3,60,2.1999999999999997,406.14715163975814,86,-67.29785564441515,4641.696565468019,215.94610069609837,621.9322985657276
