degree,window,bandwidth,avg_return,num_stocks,min_return,max_return,median_return,std_return
5,80,0.5,587.2916412696305,86,-39.05831693855406,4755.152918755455,338.1916123486033,743.1925775596757
