degree,window,bandwidth,avg_return,num_stocks,min_return,max_return,median_return,std_return
9,40,3.3999999999999995,372.1516823608352,86,-53.435384554332586,2407.0090838679944,231.89505561394827,473.4999475034678
