degree,window,bandwidth,avg_return,num_stocks,min_return,max_return,median_return,std_return
9,70,3.2999999999999994,276.1841306649522,86,-76.15685532759507,1696.5348379304758,217.4699893213099,321.8442497497488
