degree,window,bandwidth,avg_return,num_stocks,min_return,max_return,median_return,std_return
5,100,0.6,476.73410155413006,86,-70.72136863656785,5423.770766435738,309.73417885755396,725.7673663797063
