degree,window,bandwidth,avg_return,num_stocks,min_return,max_return,median_return,std_return
1,30,2.5999999999999996,462.0595874313603,86,-70.90106031333096,2514.626489476431,287.505361803184,506.32949358919177
