degree,window,bandwidth,avg_return,num_stocks,min_return,max_return,median_return,std_return
4,30,3.999999999999999,459.09831705106575,86,-68.18010511128091,2313.783131078809,270.475653206668,513.308557351059
