degree,window,bandwidth,avg_return,num_stocks,min_return,max_return,median_return,std_return
5,90,1.7999999999999998,375.4824976134929,86,-57.104985039839804,3572.990238474569,257.9987979312723,521.9166653918774
