degree,window,bandwidth,avg_return,num_stocks,min_return,max_return,median_return,std_return
7,90,3.8999999999999995,434.8461054456656,86,-85.27293959888354,2143.3765707489183,271.13978318906044,469.34351005122875
