degree,window,bandwidth,avg_return,num_stocks,min_return,max_return,median_return,std_return
5,90,0.9999999999999999,478.7100983729095,86,-52.40020893828965,9973.864227083423,265.2183688056018,1118.3911031928799
