degree,window,bandwidth,avg_return,num_stocks,min_return,max_return,median_return,std_return
4,60,1.1999999999999997,513.964198873958,86,-48.85457197113023,2310.288377033016,391.31882755923584,514.0885000620226
