degree,window,bandwidth,avg_return,num_stocks,min_return,max_return,median_return,std_return
2,110,2.6999999999999993,355.4871615631077,86,-72.44237642814032,2617.164447932685,219.307560895265,451.59336188483155
