degree,window,bandwidth,avg_return,num_stocks,min_return,max_return,median_return,std_return
7,50,1.4,266.0869794567259,86,-87.92941345990893,1458.309746991281,225.07472880695184,276.7788615744613
