degree,window,bandwidth,avg_return,num_stocks,min_return,max_return,median_return,std_return
3,60,3.7999999999999994,264.80708812874656,86,-80.80133472281045,1344.0229303675337,163.73246530606832,286.2416381544341
