degree,window,bandwidth,avg_return,num_stocks,min_return,max_return,median_return,std_return
7,110,1.8999999999999997,395.7904962940059,86,-42.957999262090055,1417.1287637936834,284.64372434373445,351.74064958671187
