degree,window,bandwidth,avg_return,num_stocks,min_return,max_return,median_return,std_return
5,40,2.9999999999999996,290.687692181604,86,-53.78639378681148,2276.2438376652035,187.9419811171204,366.5589411140335
