degree,window,bandwidth,avg_return,num_stocks,min_return,max_return,median_return,std_return
7,70,1.5999999999999996,266.3504391068695,86,-75.0774062743508,4230.704463309392,152.83478498078736,495.20819356311284
