degree,window,bandwidth,avg_return,num_stocks,min_return,max_return,median_return,std_return
6,100,1.5999999999999996,379.4026500259809,86,-22.926490325943952,2455.628298195149,273.41623712629206,439.9105061557535
