degree,window,bandwidth,avg_return,num_stocks,min_return,max_return,median_return,std_return
1,80,3.499999999999999,436.7705477356538,86,-46.436839743329166,2003.0336329013085,358.3971357353229,410.18976466721347
