degree,window,bandwidth,avg_return,num_stocks,min_return,max_return,median_return,std_return
1,70,1.1999999999999997,425.90023433318333,86,-46.83395179661102,1953.0907743681103,319.03393054572365,419.54987543467024
