degree,window,bandwidth,avg_return,num_stocks,min_return,max_return,median_return,std_return
8,120,1.6999999999999997,421.40548008318916,86,-57.522770895773334,2697.371705460416,284.87849499012356,497.3039749094587
