degree,window,bandwidth,avg_return,num_stocks,min_return,max_return,median_return,std_return
7,20,3.8999999999999995,716.8570522415696,86,-46.89015399478989,6611.560508768536,373.79242124975633,1060.890873015303
