degree,window,bandwidth,avg_return,num_stocks,min_return,max_return,median_return,std_return
5,60,1.5999999999999996,531.1179087927442,86,-37.99930149290409,3450.124103555845,298.9890754877524,627.2595641536982
