degree,window,bandwidth,avg_return,num_stocks,min_return,max_return,median_return,std_return
4,80,3.2999999999999994,342.8398635856945,86,-79.80895513139042,2200.6123444794653,217.891682061129,421.615180606201
