degree,window,bandwidth,avg_return,num_stocks,min_return,max_return,median_return,std_return
8,80,3.8999999999999995,248.3563046543391,86,-83.9768914673886,1188.4327758084844,165.45709970133674,251.53414478055464
