degree,window,bandwidth,avg_return,num_stocks,min_return,max_return,median_return,std_return
3,70,2.3999999999999995,400.3903963540981,86,-67.80029497552718,3066.3027451094626,265.5521133451945,473.92056092001224
