degree,window,bandwidth,avg_return,num_stocks,min_return,max_return,median_return,std_return
9,90,0.7,219.68684615811566,86,-82.14244533513236,2598.6580747307235,135.2377027724965,355.88383215763656
