degree,window,bandwidth,avg_return,num_stocks,min_return,max_return,median_return,std_return
9,60,0.8999999999999999,302.93013057055947,86,-89.8465463593521,2008.8154390586596,174.76316306148152,380.68421247442586
