degree,window,bandwidth,avg_return,num_stocks,min_return,max_return,median_return,std_return
8,90,3.7999999999999994,323.8443207699667,86,-61.120274999764604,4722.959035287438,220.31929666621468,558.8860488097876
