degree,window,bandwidth,avg_return,num_stocks,min_return,max_return,median_return,std_return
9,120,2.3,393.68202260538163,86,-15.218957863266185,2019.4568281724116,286.25617218523416,419.71326173194694
