degree,window,bandwidth,avg_return,num_stocks,min_return,max_return,median_return,std_return
4,120,1.0999999999999999,374.4536015985491,86,-54.515547328608605,2184.378256115787,220.60904679186262,446.28131115536553
