degree,window,bandwidth,avg_return,num_stocks,min_return,max_return,median_return,std_return
4,110,1.4999999999999998,385.1391677020563,86,-57.39045580439078,3774.797477074837,256.09218482529036,532.3308937961941
