degree,window,bandwidth,avg_return,num_stocks,min_return,max_return,median_return,std_return
9,100,1.6999999999999997,212.79177322899235,86,-73.72675666928721,2064.3284150387112,132.105848974418,306.15741626033014
