degree,window,bandwidth,avg_return,num_stocks,min_return,max_return,median_return,std_return
9,40,1.5999999999999996,440.48743068581865,86,-52.61727615304231,2111.722672771661,319.58440680480146,461.29626342279255
