degree,window,bandwidth,avg_return,num_stocks,min_return,max_return,median_return,std_return
8,20,1.1999999999999997,423.20818573172164,86,-7.741614264165018,2132.070352502915,286.04315878160406,440.7956259562428
