degree,window,bandwidth,avg_return,num_stocks,min_return,max_return,median_return,std_return
3,60,0.8999999999999999,344.9109544278334,86,-75.42007302160683,1580.3671928992314,226.80310079928273,401.68998122757705
