degree,window,bandwidth,avg_return,num_stocks,min_return,max_return,median_return,std_return
6,40,3.999999999999999,229.9981074438197,86,-74.15037808421391,852.0959221920505,171.98438213919397,235.56133797147913
