degree,window,bandwidth,avg_return,num_stocks,min_return,max_return,median_return,std_return
2,120,0.6,383.3211050478111,86,-75.05035560389699,2022.0518898904072,260.03674614524107,407.697236720117
