degree,window,bandwidth,avg_return,num_stocks,min_return,max_return,median_return,std_return
7,120,0.6,594.8502144883571,86,-44.571904866832135,6936.632931174654,377.5340040293454,889.7366591560829
