degree,window,bandwidth,avg_return,num_stocks,min_return,max_return,median_return,std_return
7,100,2.4999999999999996,426.43215844010496,86,-26.868439547041124,2249.695351360789,287.6652722893625,428.96012426007536
