degree,window,bandwidth,avg_return,num_stocks,min_return,max_return,median_return,std_return
9,20,3.7999999999999994,550.5927428197745,86,-3.783339740953579,3610.1219663431693,339.24716345820536,676.769109029427
