degree,window,bandwidth,avg_return,num_stocks,min_return,max_return,median_return,std_return
5,30,1.2999999999999998,343.22214719018103,86,-78.71677869786255,2721.983397020811,251.47481832947744,441.9771524818594
