degree,window,bandwidth,avg_return,num_stocks,min_return,max_return,median_return,std_return
9,20,1.2999999999999998,614.3630496471167,86,-19.949901092058,4858.2201499091725,341.8839452092474,802.0102710869738
