degree,window,bandwidth,avg_return,num_stocks,min_return,max_return,median_return,std_return
4,110,2.3,316.3467303435769,86,-51.49965019140789,2227.8925033322876,226.9642230528455,383.37137755338006
