degree,window,bandwidth,avg_return,num_stocks,min_return,max_return,median_return,std_return
1,60,0.9999999999999999,425.2495391170605,86,-53.06351091321842,2489.071456763567,308.17780514379876,439.16438140707777
