degree,window,bandwidth,avg_return,num_stocks,min_return,max_return,median_return,std_return
1,30,1.0999999999999999,366.22483082617197,86,-54.41685117097992,2108.9660375663025,242.6790177985271,415.6002526337626
