degree,window,bandwidth,avg_return,num_stocks,min_return,max_return,median_return,std_return
4,120,1.4,364.1716706292948,86,-54.99965560345983,3714.412554667792,255.53959150926894,490.2981416054642
