degree,window,bandwidth,avg_return,num_stocks,min_return,max_return,median_return,std_return
3,110,1.1999999999999997,390.5862294477809,86,-43.174292649386565,2853.286851010094,233.47344749884772,506.49192033946923
