degree,window,bandwidth,avg_return,num_stocks,min_return,max_return,median_return,std_return
1,50,2.0999999999999996,411.5766640751101,86,-74.23600557645695,2225.159488602828,348.03987404316285,407.62313640794713
