degree,window,bandwidth,avg_return,num_stocks,min_return,max_return,median_return,std_return
3,80,2.8999999999999995,343.78826765400737,86,-71.34338933622203,2012.565036242052,216.53090318342535,407.36428155436084
