degree,window,bandwidth,avg_return,num_stocks,min_return,max_return,median_return,std_return
7,90,2.4999999999999996,407.3449377174447,86,-42.27454766356671,2950.740625090547,245.1978758808442,515.0238988179426
