degree,window,bandwidth,avg_return,num_stocks,min_return,max_return,median_return,std_return
8,60,2.3999999999999995,319.5024809704808,86,-75.9781498204193,1588.9513056201304,213.12582076736982,330.2515015918828
