degree,window,bandwidth,avg_return,num_stocks,min_return,max_return,median_return,std_return
1,50,3.1999999999999993,460.12336673943463,86,-60.66968929909834,4541.357836704695,338.5155015573106,648.0169627457599
