degree,window,bandwidth,avg_return,num_stocks,min_return,max_return,median_return,std_return
7,90,1.7999999999999998,387.7926067130795,86,-43.436319994320904,2388.301806579609,224.65406729788663,453.9005125140185
