degree,window,bandwidth,avg_return,num_stocks,min_return,max_return,median_return,std_return
6,80,2.0999999999999996,482.31396487148703,86,-49.75413193441895,4373.566708963212,344.6307478184389,591.4511130301801
