degree,window,bandwidth,avg_return,num_stocks,min_return,max_return,median_return,std_return
1,60,0.7999999999999999,440.4711770094578,86,-47.35118796152696,2565.2930329465303,332.07070635807503,503.7563536336188
