degree,window,bandwidth,avg_return,num_stocks,min_return,max_return,median_return,std_return
9,120,3.8999999999999995,429.7770624698049,86,-52.16856215990602,9086.419390631723,261.34208072170316,1012.9079130199752
