degree,window,bandwidth,avg_return,num_stocks,min_return,max_return,median_return,std_return
5,50,3.599999999999999,353.7384955053403,86,-52.60647318846829,2758.5936136673677,237.95349001132047,425.8667218298843
