degree,window,bandwidth,avg_return,num_stocks,min_return,max_return,median_return,std_return
4,110,0.7,389.94801555907407,86,-70.00370555492908,6450.937115843513,278.7694777901205,708.0652489197531
