degree,window,bandwidth,avg_return,num_stocks,min_return,max_return,median_return,std_return
7,40,3.499999999999999,263.31129200176474,86,-52.8362274473415,1550.7197765732233,167.63426435053776,295.72443236331003
