degree,window,bandwidth,avg_return,num_stocks,min_return,max_return,median_return,std_return
7,110,2.9999999999999996,405.6145362307496,86,-42.61263366499028,4244.182031394534,251.45227046171232,576.0212384696382
