degree,window,bandwidth,avg_return,num_stocks,min_return,max_return,median_return,std_return
1,40,2.8999999999999995,458.5174162320475,86,-65.51681484621157,2858.1810282903584,335.28638808800997,499.29358272356666
