degree,window,bandwidth,avg_return,num_stocks,min_return,max_return,median_return,std_return
7,70,1.6999999999999997,246.50671430794839,86,-77.65633810450043,2924.840432105312,148.80650221798186,377.66323861429504
