degree,window,bandwidth,avg_return,num_stocks,min_return,max_return,median_return,std_return
4,70,2.8999999999999995,320.90294487436034,86,-35.44477724752641,2086.292312582437,201.5482845155573,392.7454817654261
