degree,window,bandwidth,avg_return,num_stocks,min_return,max_return,median_return,std_return
5,120,1.5999999999999996,308.62631961581604,86,-64.26269443567362,2360.338799072161,225.5924868987459,360.17450664638864
