degree,window,bandwidth,avg_return,num_stocks,min_return,max_return,median_return,std_return
8,120,3.599999999999999,340.8836718320107,86,-46.89498941337224,1904.6572829905572,213.48352543028764,372.5092031594117
