degree,window,bandwidth,avg_return,num_stocks,min_return,max_return,median_return,std_return
6,40,2.5999999999999996,295.45074074809287,86,-81.57352435732595,1948.9258644240579,242.63734915561255,350.6611956485598
