degree,window,bandwidth,avg_return,num_stocks,min_return,max_return,median_return,std_return
4,50,0.6,640.8936204514649,86,-22.724952810466885,5066.936990596343,393.1968238073156,778.137347401387
