degree,window,bandwidth,avg_return,num_stocks,min_return,max_return,median_return,std_return
9,20,1.7999999999999998,614.6695840300395,86,-14.51562328868067,5292.313535539388,343.75434706162844,801.8623999043264
