degree,window,bandwidth,avg_return,num_stocks,min_return,max_return,median_return,std_return
2,60,2.3,494.3798446424823,86,-67.12936002489755,9498.927350340537,256.28511062438434,1063.8866718983088
