degree,window,bandwidth,avg_return,num_stocks,min_return,max_return,median_return,std_return
6,90,3.7999999999999994,380.0525025997576,86,-59.965071430696995,2468.366007229273,233.833341226706,405.6317429411411
