degree,window,bandwidth,avg_return,num_stocks,min_return,max_return,median_return,std_return
9,30,3.3999999999999995,807.7296653421788,86,-28.769951570095447,8556.04029850032,443.92805406489595,1282.6903121595453
