degree,window,bandwidth,avg_return,num_stocks,min_return,max_return,median_return,std_return
7,80,1.4,282.26478133814294,86,-72.78510410471502,3533.3343965915597,172.65055814740919,433.06578274013003
