degree,window,bandwidth,avg_return,num_stocks,min_return,max_return,median_return,std_return
5,120,1.8999999999999997,328.65009113502487,86,-53.6770463295379,2422.0833674637797,251.98998335568876,390.5242882347166
