degree,window,bandwidth,avg_return,num_stocks,min_return,max_return,median_return,std_return
9,110,1.2999999999999998,237.11103929219001,86,-69.7055281582329,3478.822316554897,133.64454361963854,430.0042440925481
