degree,window,bandwidth,avg_return,num_stocks,min_return,max_return,median_return,std_return
1,60,1.9999999999999996,434.2440736624644,86,-42.25357923338652,2739.530396761571,266.7644142660817,498.07741237091153
