degree,window,bandwidth,avg_return,num_stocks,min_return,max_return,median_return,std_return
3,20,3.999999999999999,447.2599637735724,86,-69.91878346808069,5201.6999898439835,329.28657655521977,673.7330202173102
