degree,window,bandwidth,avg_return,num_stocks,min_return,max_return,median_return,std_return
1,80,1.0999999999999999,406.5537939337115,86,-40.184422158494506,2327.0434591287867,284.0357235654212,420.1641777999188
