degree,window,bandwidth,avg_return,num_stocks,min_return,max_return,median_return,std_return
9,120,1.7999999999999998,357.1694617540896,86,-45.183840875361334,2401.0722672788197,268.30018722929225,369.1984837412986
