degree,window,bandwidth,avg_return,num_stocks,min_return,max_return,median_return,std_return
4,60,3.7999999999999994,286.74161874649343,86,-79.60056785948912,1841.020915551668,158.1682256673115,363.21564042582247
