degree,window,bandwidth,avg_return,num_stocks,min_return,max_return,median_return,std_return
6,70,3.8999999999999995,410.83342913643963,86,-51.85122189671999,3373.176362750078,253.82380189016723,543.856463040277
