degree,window,bandwidth,avg_return,num_stocks,min_return,max_return,median_return,std_return
6,30,3.7999999999999994,226.63581163134666,86,-70.9696282834423,974.3310634602431,195.69714489304806,220.80436797655446
