degree,window,bandwidth,avg_return,num_stocks,min_return,max_return,median_return,std_return
7,110,1.6999999999999997,404.07326167857366,86,-43.185500889320366,2093.9749782038907,293.03216718824706,417.91346064030273
