degree,window,bandwidth,avg_return,num_stocks,min_return,max_return,median_return,std_return
6,20,3.7999999999999994,538.7185751809674,86,-47.43667634367067,4528.876720562097,366.1962787727506,630.6778573644274
