degree,window,bandwidth,avg_return,num_stocks,min_return,max_return,median_return,std_return
8,100,0.6,297.51389775660147,86,-61.994816787408716,4602.777071524206,191.95615577669182,537.7618658894
