degree,window,bandwidth,avg_return,num_stocks,min_return,max_return,median_return,std_return
7,20,1.0999999999999999,726.649267469007,86,-32.20737799699071,6944.517056291946,455.6431878141089,1046.6500550135534
