degree,window,bandwidth,avg_return,num_stocks,min_return,max_return,median_return,std_return
2,110,2.8999999999999995,396.97814163887716,86,-63.177301646871676,2995.892304275662,266.1319138863421,537.4063149040444
