degree,window,bandwidth,avg_return,num_stocks,min_return,max_return,median_return,std_return
2,100,2.9999999999999996,326.7102765581506,86,-63.949627746204804,2466.7861734255857,212.6579924308187,376.9356669274576
