degree,window,bandwidth,avg_return,num_stocks,min_return,max_return,median_return,std_return
5,60,3.6999999999999993,447.9529832828256,86,-54.227473594248686,2841.99192487732,251.9625352666515,532.2345036391721
