degree,window,bandwidth,avg_return,num_stocks,min_return,max_return,median_return,std_return
5,30,2.5999999999999996,265.6036169764049,86,-80.4562823927178,1570.9352357737664,200.14472314317214,293.28863309632294
