degree,window,bandwidth,avg_return,num_stocks,min_return,max_return,median_return,std_return
9,40,0.9999999999999999,467.68616395283124,86,-51.74239640117657,1944.3988485992627,311.12265303447293,463.37000546777705
