degree,window,bandwidth,avg_return,num_stocks,min_return,max_return,median_return,std_return
1,70,2.0999999999999996,498.6052482066693,86,-64.86698078847427,6490.739041294609,321.5051179793593,806.992338326204
