degree,window,bandwidth,avg_return,num_stocks,min_return,max_return,median_return,std_return
6,70,0.9999999999999999,397.63231481309356,86,-71.04279858797784,7163.5475177766975,211.31640931884303,797.936249302179
