degree,window,bandwidth,avg_return,num_stocks,min_return,max_return,median_return,std_return
1,110,1.0999999999999999,403.2342223198464,86,-39.55799514963655,3246.085459436848,309.6469072993341,472.75051324681
