degree,window,bandwidth,avg_return,num_stocks,min_return,max_return,median_return,std_return
1,80,3.599999999999999,464.7827456197987,86,-49.375698651655576,2183.666809367363,390.40632225901436,455.43620230404
