degree,window,bandwidth,avg_return,num_stocks,min_return,max_return,median_return,std_return
7,60,2.8999999999999995,226.00578310074567,86,-79.34950783070587,1212.8718430830638,144.7990448119237,255.9749616239707
