degree,window,bandwidth,avg_return,num_stocks,min_return,max_return,median_return,std_return
4,90,3.7999999999999994,281.19039454645076,86,-59.88051936515363,1744.7373324657353,186.07282946056577,332.7029114560853
