degree,window,bandwidth,avg_return,num_stocks,min_return,max_return,median_return,std_return
6,80,0.8999999999999999,469.44353963530637,86,-10.133891477881026,2464.9223648517354,247.63708128490828,557.5603966560352
