degree,window,bandwidth,avg_return,num_stocks,min_return,max_return,median_return,std_return
3,40,1.0999999999999999,605.9893758034116,86,-32.13688449112054,4176.812151948258,457.0798940304044,658.4759287749612
