degree,window,bandwidth,avg_return,num_stocks,min_return,max_return,median_return,std_return
8,90,3.0999999999999996,294.2659795401295,86,-65.96596104092744,4563.662715853958,155.75006828718148,542.4853398649079
