degree,window,bandwidth,avg_return,num_stocks,min_return,max_return,median_return,std_return
2,30,3.1999999999999993,317.1021292652541,86,-39.07315751825172,2019.3118263243446,163.352768078637,404.25134640210797
