degree,window,bandwidth,avg_return,num_stocks,min_return,max_return,median_return,std_return
5,70,3.999999999999999,324.804853609763,86,-60.803865394107106,2541.0979977173906,227.79465320548923,393.89771539931803
