degree,window,bandwidth,avg_return,num_stocks,min_return,max_return,median_return,std_return
2,60,3.599999999999999,556.7026456039448,86,-34.7743820273454,15336.251768297756,198.32716866193715,1666.9113812498435
