degree,window,bandwidth,avg_return,num_stocks,min_return,max_return,median_return,std_return
7,30,1.7999999999999998,313.1558830144577,86,-56.70115683832135,2834.586133726596,195.3534413687488,411.5575213885188
