degree,window,bandwidth,avg_return,num_stocks,min_return,max_return,median_return,std_return
2,40,2.1999999999999997,377.28093134230727,86,-69.3242044671693,3356.6277492300997,253.01736080818935,537.1517253835684
