degree,window,bandwidth,avg_return,num_stocks,min_return,max_return,median_return,std_return
1,80,2.4999999999999996,455.9155610295881,86,-80.59733865093935,4596.494143624456,328.2215172988573,567.8842196536929
