degree,window,bandwidth,avg_return,num_stocks,min_return,max_return,median_return,std_return
1,120,0.7999999999999999,390.88386049918756,86,-38.84795639241595,2916.177588605283,287.1146527385189,436.2861132781731
