degree,window,bandwidth,avg_return,num_stocks,min_return,max_return,median_return,std_return
9,60,2.9999999999999996,321.52631606465775,86,-60.08921442858741,3008.6701881950426,180.87249676330737,460.4714218158951
