degree,window,bandwidth,avg_return,num_stocks,min_return,max_return,median_return,std_return
9,30,1.8999999999999997,721.3633486668095,86,-34.61888460069368,8260.644358845615,469.582862508636,1132.2459996165421
