degree,window,bandwidth,avg_return,num_stocks,min_return,max_return,median_return,std_return
9,50,0.7,330.5853118297674,86,-73.98738856964722,2563.2478514115337,206.80111843753616,443.905313037836
