degree,window,bandwidth,avg_return,num_stocks,min_return,max_return,median_return,std_return
2,20,0.7999999999999999,499.904650481587,86,-46.87446115424297,4484.2623514891775,314.75397212317915,630.8672096031985
