degree,window,bandwidth,avg_return,num_stocks,min_return,max_return,median_return,std_return
8,100,1.6999999999999997,301.9648983312683,86,-64.28665617284513,1662.7986778957486,202.35144187538768,343.72625424263947
