degree,window,bandwidth,avg_return,num_stocks,min_return,max_return,median_return,std_return
1,70,1.7999999999999998,429.18437169187246,86,-73.2417046343718,2855.405058201467,255.59024805114402,539.6670069438644
