degree,window,bandwidth,avg_return,num_stocks,min_return,max_return,median_return,std_return
2,60,1.8999999999999997,408.1509232987181,86,-50.09301581184935,3139.34575502521,230.00352563937207,523.4433047148106
