degree,window,bandwidth,avg_return,num_stocks,min_return,max_return,median_return,std_return
9,100,1.8999999999999997,228.13925607366104,86,-74.95831747833653,2141.6436220027617,120.62924013381661,333.4653266145449
