degree,window,bandwidth,avg_return,num_stocks,min_return,max_return,median_return,std_return
3,50,1.1999999999999997,392.2333327792157,86,-39.04227989127346,2322.9860888360913,299.1288714851047,428.5104696129846
