degree,window,bandwidth,avg_return,num_stocks,min_return,max_return,median_return,std_return
8,70,1.6999999999999997,197.53905276432764,86,-78.61297441136514,830.1482819297275,182.71127753961542,167.865580745676
