degree,window,bandwidth,avg_return,num_stocks,min_return,max_return,median_return,std_return
3,90,3.1999999999999993,295.18498209346154,86,-74.58463406718201,3708.4766438779916,146.65618208004736,496.97383192982414
