degree,window,bandwidth,avg_return,num_stocks,min_return,max_return,median_return,std_return
2,100,1.6999999999999997,356.56907426545644,86,-83.59970138522745,1954.3971906049442,261.41637663662334,358.3881585047355
