degree,window,bandwidth,avg_return,num_stocks,min_return,max_return,median_return,std_return
9,70,1.5999999999999996,264.59367899930226,86,-67.47968116999003,1579.0995030602426,190.65808775757597,294.5676497703168
