degree,window,bandwidth,avg_return,num_stocks,min_return,max_return,median_return,std_return
4,20,0.9999999999999999,208.18094677477944,86,-83.30341307119649,1431.6751228359908,120.80773506896227,296.81856694802536
