degree,window,bandwidth,avg_return,num_stocks,min_return,max_return,median_return,std_return
1,30,3.1999999999999993,506.83312582678155,86,-56.137693033186785,4403.387037741477,311.48023311870674,645.746138839335
