degree,window,bandwidth,avg_return,num_stocks,min_return,max_return,median_return,std_return
5,60,1.7999999999999998,462.61602218891494,86,-47.32396376880143,2105.885677236939,306.03042477864005,494.43349214214356
