degree,window,bandwidth,avg_return,num_stocks,min_return,max_return,median_return,std_return
1,20,3.8999999999999995,536.2460322267176,86,-33.41834572385392,3064.0509241002765,288.5382404824213,606.171117971098
