degree,window,bandwidth,avg_return,num_stocks,min_return,max_return,median_return,std_return
9,80,2.8999999999999995,201.4865205607051,86,-87.66639449681949,917.3258866384691,158.98530950178488,197.09346679542088
