degree,window,bandwidth,avg_return,num_stocks,min_return,max_return,median_return,std_return
8,100,2.8999999999999995,379.58090402794085,86,-32.78992655632731,2034.4951856100163,199.97231611265522,458.03730294224874
