degree,window,bandwidth,avg_return,num_stocks,min_return,max_return,median_return,std_return
4,30,1.7999999999999998,236.98325016429217,86,-86.14102968229312,1121.3465696868845,188.63729666054888,245.48345958694006
