degree,window,bandwidth,avg_return,num_stocks,min_return,max_return,median_return,std_return
6,90,1.4999999999999998,533.6353732057995,86,-51.33754410636479,3696.4243057644376,361.54860474394,595.1284784404196
