degree,window,bandwidth,avg_return,num_stocks,min_return,max_return,median_return,std_return
1,40,2.7999999999999994,469.21148829463954,86,-67.17659772311325,3261.123623882245,326.01627352369815,540.4743639892517
