degree,window,bandwidth,avg_return,num_stocks,min_return,max_return,median_return,std_return
6,90,3.3999999999999995,407.47104567615503,86,-53.53083154366303,2914.51168290442,294.078495377507,475.1652451067349
