degree,window,bandwidth,avg_return,num_stocks,min_return,max_return,median_return,std_return
8,90,3.999999999999999,358.58680672089815,86,-48.54045020624403,7225.529716047196,182.1804684030672,810.7844211503252
