degree,window,bandwidth,avg_return,num_stocks,min_return,max_return,median_return,std_return
9,80,0.7999999999999999,278.47356276198934,86,-68.98781382778832,1649.7341760648003,172.09015421023634,313.65196447172053
