degree,window,bandwidth,avg_return,num_stocks,min_return,max_return,median_return,std_return
3,20,1.9999999999999996,355.3876366977331,86,-88.02330074452419,2303.1211295647695,254.3118738017557,386.0843813134485
