degree,window,bandwidth,avg_return,num_stocks,min_return,max_return,median_return,std_return
1,20,1.4999999999999998,500.9900919937049,86,-54.60393997595596,4268.141366960339,296.0987799405193,675.6908719304635
