degree,window,bandwidth,avg_return,num_stocks,min_return,max_return,median_return,std_return
7,20,1.4999999999999998,762.3277572030496,86,-31.56578859467164,9018.461992889846,480.2258319320622,1215.9384372856089
