degree,window,bandwidth,avg_return,num_stocks,min_return,max_return,median_return,std_return
5,110,0.9999999999999999,342.27829614728665,86,-61.941454131512494,2750.6088360077283,262.22706031946564,417.4767211187401
