degree,window,bandwidth,avg_return,num_stocks,min_return,max_return,median_return,std_return
8,70,0.6,261.42726353208184,86,-76.3937787003686,1314.5025651170079,164.78961087463836,286.0719570556215
