degree,window,bandwidth,avg_return,num_stocks,min_return,max_return,median_return,std_return
3,100,1.1999999999999997,388.1196802781523,86,-60.321994974601054,2711.117037799004,223.6264029364571,486.7354174880065
