degree,window,bandwidth,avg_return,num_stocks,min_return,max_return,median_return,std_return
6,30,0.6,369.3068205411225,86,-79.69073110976677,4354.685224015464,179.60722635305584,639.5831425152762
