degree,window,bandwidth,avg_return,num_stocks,min_return,max_return,median_return,std_return
4,120,1.1999999999999997,380.41619399326254,86,-51.51553843371297,2870.3623241447754,223.91430489527417,477.2859512362634
