degree,window,bandwidth,avg_return,num_stocks,min_return,max_return,median_return,std_return
5,50,1.1999999999999997,316.26730083743666,86,-52.71334658244178,4216.3567711787455,169.62980609256107,553.1637582250129
