degree,window,bandwidth,avg_return,num_stocks,min_return,max_return,median_return,std_return
1,120,0.7,389.8086003432848,86,-41.75301558765256,2859.5995860077155,281.38848728674304,434.2718712510618
