degree,window,bandwidth,avg_return,num_stocks,min_return,max_return,median_return,std_return
6,20,2.6999999999999993,667.6923835992114,86,-31.270359540984188,5353.854739564355,385.47488686740064,885.2327238129171
