degree,window,bandwidth,avg_return,num_stocks,min_return,max_return,median_return,std_return
5,50,2.6999999999999993,390.3126619056669,86,-67.00995814195649,4377.097900712067,245.12717496860176,576.3748602249166
