degree,window,bandwidth,avg_return,num_stocks,min_return,max_return,median_return,std_return
6,50,3.999999999999999,473.8330609956098,86,-91.16394593819918,13486.189502187739,227.21048949852707,1455.9669190825816
