degree,window,bandwidth,avg_return,num_stocks,min_return,max_return,median_return,std_return
4,40,2.4999999999999996,441.947218319631,86,-70.74841776771942,2662.1551799663794,321.5882782962677,494.2828943608957
