degree,window,bandwidth,avg_return,num_stocks,min_return,max_return,median_return,std_return
1,30,1.4999999999999998,405.9744004525083,86,-69.60329870931015,2521.313207644205,258.1610313266366,495.01743526429783
