degree,window,bandwidth,avg_return,num_stocks,min_return,max_return,median_return,std_return
1,40,1.9999999999999996,426.1043220007514,86,-62.365301350779426,1858.3374750828905,283.1976447690717,417.49596352466955
