degree,window,bandwidth,avg_return,num_stocks,min_return,max_return,median_return,std_return
5,80,2.3,426.6338490109547,86,-64.38945817750482,3534.972035332754,227.73465959208698,578.0080769108617
