degree,window,bandwidth,avg_return,num_stocks,min_return,max_return,median_return,std_return
4,100,2.0999999999999996,411.0775651810365,86,-31.359447389783675,5801.523601380281,258.4463384264368,687.8856894251468
