degree,window,bandwidth,avg_return,num_stocks,min_return,max_return,median_return,std_return
9,50,2.5999999999999996,337.6782674052115,86,-79.50592710784414,7303.050602487752,167.52098972481008,814.943388740186
