degree,window,bandwidth,avg_return,num_stocks,min_return,max_return,median_return,std_return
7,90,1.0999999999999999,387.19109573899465,86,-50.720219075337745,2755.793439368225,218.11059470891996,467.372162873652
