degree,window,bandwidth,avg_return,num_stocks,min_return,max_return,median_return,std_return
5,50,3.2999999999999994,417.2546213715714,86,-65.80018018181694,4520.159464000245,272.9105813987178,614.1676221678139
