degree,window,bandwidth,avg_return,num_stocks,min_return,max_return,median_return,std_return
6,30,2.7999999999999994,252.9399389476459,86,-76.49146800897518,1344.0395951975709,186.63696383287885,280.0244471601995
