degree,window,bandwidth,avg_return,num_stocks,min_return,max_return,median_return,std_return
1,60,2.5999999999999996,465.3384811104777,86,-78.99214794694456,4327.780800727859,324.9348360577904,609.6504046412011
