degree,window,bandwidth,avg_return,num_stocks,min_return,max_return,median_return,std_return
8,90,1.4,249.99989735974177,86,-86.28830170433858,4191.453701798225,133.2032190058939,485.48795858741914
