degree,window,bandwidth,avg_return,num_stocks,min_return,max_return,median_return,std_return
6,20,1.4,804.0442146482166,86,-57.65231212043444,6688.428886948726,417.4415922349323,1137.9362878495454
