degree,window,bandwidth,avg_return,num_stocks,min_return,max_return,median_return,std_return
3,90,3.2999999999999994,272.0354576545594,86,-72.99528152611119,2923.435585628454,160.00784738511095,421.7607864778484
