degree,window,bandwidth,avg_return,num_stocks,min_return,max_return,median_return,std_return
6,40,0.9999999999999999,272.9309265933486,86,-80.67309979293955,1382.639473799717,193.61676126510378,299.4801983432271
