degree,window,bandwidth,avg_return,num_stocks,min_return,max_return,median_return,std_return
6,110,1.4,418.2667908504454,86,-52.4349564949651,4350.121488990292,242.39348437100858,625.198685187602
