degree,window,bandwidth,avg_return,num_stocks,min_return,max_return,median_return,std_return
1,70,2.3999999999999995,465.8162887829045,86,-83.71474705593326,5798.26095764899,335.1066472470121,682.8898000279022
