degree,window,bandwidth,avg_return,num_stocks,min_return,max_return,median_return,std_return
8,50,3.499999999999999,367.5974813015401,86,-61.9008782421646,4828.238116847327,190.21549594587688,653.9945385678374
