degree,window,bandwidth,avg_return,num_stocks,min_return,max_return,median_return,std_return
4,20,2.0999999999999996,209.3099315399021,86,-80.41411209877765,1138.8719170888153,150.52460799879248,250.1497258398611
