degree,window,bandwidth,avg_return,num_stocks,min_return,max_return,median_return,std_return
7,90,0.8999999999999999,387.4247159450592,86,-56.04323054425723,2317.816175341411,234.23668321572464,456.90075747418615
