degree,window,bandwidth,avg_return,num_stocks,min_return,max_return,median_return,std_return
4,20,0.6,213.8200678655815,86,-75.93831237102003,1915.0341308877635,142.81125356751136,307.9975210439595
