degree,window,bandwidth,avg_return,num_stocks,min_return,max_return,median_return,std_return
8,40,2.3999999999999995,313.6061244376669,86,-73.03549511006142,1871.9435149863305,203.5965895707252,404.2701221851861
