degree,window,bandwidth,avg_return,num_stocks,min_return,max_return,median_return,std_return
7,20,3.0999999999999996,701.2945581825572,86,-35.531069367880754,5816.36380379455,451.36636333072755,979.1972179705889
