degree,window,bandwidth,avg_return,num_stocks,min_return,max_return,median_return,std_return
4,100,3.499999999999999,310.5143935669256,86,-86.0084661832247,1366.98938245116,193.53374844743624,333.4554504407467
