degree,window,bandwidth,avg_return,num_stocks,min_return,max_return,median_return,std_return
4,110,3.0999999999999996,304.7173979179577,86,-79.16038081023515,1349.3149234313373,238.92330604344292,300.96689325355356
