degree,window,bandwidth,avg_return,num_stocks,min_return,max_return,median_return,std_return
4,50,0.9999999999999999,625.9333516065805,86,-33.11224810893197,4356.552846172016,421.70445091869124,737.1352530607077
