degree,window,bandwidth,avg_return,num_stocks,min_return,max_return,median_return,std_return
1,50,0.9999999999999999,463.91202095384693,86,-66.61343191989381,2990.4796199774255,292.86483968280965,576.4129097627197
