degree,window,bandwidth,avg_return,num_stocks,min_return,max_return,median_return,std_return
6,120,1.7999999999999998,442.96134370344885,86,-67.90430111850529,6359.873130561388,258.61672394724894,775.4498865484273
