degree,window,bandwidth,avg_return,num_stocks,min_return,max_return,median_return,std_return
5,80,2.6999999999999993,374.90298486015894,86,-54.47327374522723,2844.303247479007,234.54115293841352,496.85346730725047
