degree,window,bandwidth,avg_return,num_stocks,min_return,max_return,median_return,std_return
3,60,1.9999999999999996,373.31006437870195,86,-67.20273157977887,2862.752678562938,211.54373774361255,463.06481069860956
