degree,window,bandwidth,avg_return,num_stocks,min_return,max_return,median_return,std_return
1,90,3.499999999999999,484.207641932801,86,-64.95086626722569,2090.4227594034737,380.71314416701887,484.25434459923497
