degree,window,bandwidth,avg_return,num_stocks,min_return,max_return,median_return,std_return
8,90,1.0999999999999999,241.96107979837203,86,-79.71986058292782,2690.7637613825846,139.67148198293074,360.30477581045784
