degree,window,bandwidth,avg_return,num_stocks,min_return,max_return,median_return,std_return
2,100,2.1999999999999997,344.1716139843405,86,-76.89198911181737,2179.7765583767637,209.52482487977198,387.37301541594115
