degree,window,bandwidth,avg_return,num_stocks,min_return,max_return,median_return,std_return
1,60,1.5999999999999996,431.614469188226,86,-69.1026296948136,1630.3686371020074,288.81425889957495,401.0517199991077
