degree,window,bandwidth,avg_return,num_stocks,min_return,max_return,median_return,std_return
2,70,1.4,383.8949481977357,86,-75.13216154223629,3485.6499052754875,220.8083560677075,500.1000178227368
