degree,window,bandwidth,avg_return,num_stocks,min_return,max_return,median_return,std_return
4,120,2.1999999999999997,344.02950158108314,86,-43.44999959230314,2608.816716355374,214.01940489334865,425.7603164881814
