degree,window,bandwidth,avg_return,num_stocks,min_return,max_return,median_return,std_return
5,80,1.8999999999999997,419.57580548858147,86,-49.4179687594135,3302.745669342611,273.260965121273,499.99442202175834
