degree,window,bandwidth,avg_return,num_stocks,min_return,max_return,median_return,std_return
5,40,2.8999999999999995,283.6441686473866,86,-68.68231543830113,1947.1595604071804,220.58686781276936,338.25362881442794
