degree,window,bandwidth,avg_return,num_stocks,min_return,max_return,median_return,std_return
3,100,3.599999999999999,315.9559231630517,86,-31.19419051810528,2287.941893693637,194.1780911298124,404.3830034749985
