degree,window,bandwidth,avg_return,num_stocks,min_return,max_return,median_return,std_return
3,20,0.7999999999999999,335.10980296462316,86,-81.651616011897,1801.954430232083,224.20143535594468,379.09517647479765
