degree,window,bandwidth,avg_return,num_stocks,min_return,max_return,median_return,std_return
6,20,3.3999999999999995,592.4553852061017,86,-68.09233743790308,3767.4529478048244,437.8723019602621,655.6956149768847
