degree,window,bandwidth,avg_return,num_stocks,min_return,max_return,median_return,std_return
3,30,1.8999999999999997,436.07827147123754,86,-64.48323104096775,2792.825247117611,356.40917256290203,448.09130828694197
