degree,window,bandwidth,avg_return,num_stocks,min_return,max_return,median_return,std_return
6,100,1.4999999999999998,388.6059851922766,86,-36.22498330668178,2071.077348045445,267.8371605277497,411.9776596102268
