degree,window,bandwidth,avg_return,num_stocks,min_return,max_return,median_return,std_return
7,110,3.999999999999999,413.111898378466,86,-46.11776583409694,3472.0224996239936,217.18881686826234,544.4145262305782
