degree,window,bandwidth,avg_return,num_stocks,min_return,max_return,median_return,std_return
6,90,1.2999999999999998,544.8634947337257,86,-44.413784906277485,3924.3079295618345,341.95381685483346,598.7795089789339
