degree,window,bandwidth,avg_return,num_stocks,min_return,max_return,median_return,std_return
1,20,1.0999999999999999,493.42192968078007,86,-60.57661642302542,3888.832038656269,303.3851285101457,630.1560441832154
