degree,window,bandwidth,avg_return,num_stocks,min_return,max_return,median_return,std_return
5,30,1.6999999999999997,302.52817390047744,86,-75.41394847814689,1765.2808150944097,243.20645773792864,315.81199146142575
