degree,window,bandwidth,avg_return,num_stocks,min_return,max_return,median_return,std_return
8,70,3.2999999999999994,212.41199652134526,86,-86.48068353460836,1171.2733825044731,143.23855117395038,234.6462074021111
