degree,window,bandwidth,avg_return,num_stocks,min_return,max_return,median_return,std_return
7,120,3.8999999999999995,331.84206125014373,86,-49.74920357152845,3291.428177607558,222.08865137773267,418.01407596933075
