degree,window,bandwidth,avg_return,num_stocks,min_return,max_return,median_return,std_return
6,20,1.0999999999999999,795.1904558714589,86,-49.37155666188212,5670.785080601189,460.6484974751587,1088.0041531007707
