degree,window,bandwidth,avg_return,num_stocks,min_return,max_return,median_return,std_return
5,30,3.7999999999999994,237.50017469205798,86,-67.59979777229479,3789.7547633037902,112.48276721781966,451.23193929725625
