degree,window,bandwidth,avg_return,num_stocks,min_return,max_return,median_return,std_return
5,80,0.7999999999999999,571.8118820512211,86,-39.120978689713034,4876.850712392416,371.41941985741005,743.096437311693
