degree,window,bandwidth,avg_return,num_stocks,min_return,max_return,median_return,std_return
1,60,3.7999999999999994,425.7817043609113,86,-54.91966005490055,2872.934345538172,360.4755311116438,450.2342091037303
