degree,window,bandwidth,avg_return,num_stocks,min_return,max_return,median_return,std_return
6,20,3.1999999999999993,618.4155964429802,86,-59.95865813015454,3689.021872484041,409.7060946223701,725.1916968365886
