degree,window,bandwidth,avg_return,num_stocks,min_return,max_return,median_return,std_return
1,80,0.8999999999999999,418.3768468436831,86,-46.731822967017166,2077.174985558473,311.86469326307923,420.1013704627806
