degree,window,bandwidth,avg_return,num_stocks,min_return,max_return,median_return,std_return
6,40,2.7999999999999994,273.90550559608624,86,-84.97671334785184,2268.299167673843,171.45055547990572,342.71764287111483
