degree,window,bandwidth,avg_return,num_stocks,min_return,max_return,median_return,std_return
9,120,1.1999999999999997,292.1136324421401,86,-52.494066522613394,1301.1141158151804,217.74232686768983,278.7025238949432
