degree,window,bandwidth,avg_return,num_stocks,min_return,max_return,median_return,std_return
2,110,1.1999999999999997,338.8700772116641,86,-81.77807311978673,1550.1877610371582,280.62028947842714,320.969701657726
