degree,window,bandwidth,avg_return,num_stocks,min_return,max_return,median_return,std_return
2,90,2.1999999999999997,380.19183244640254,86,-70.37771599987386,1894.5334866005808,235.5921348982746,407.07236334824603
