degree,window,bandwidth,avg_return,num_stocks,min_return,max_return,median_return,std_return
2,90,1.4,386.2490363304596,86,-70.89635154212344,2835.2962220889685,278.737196210337,433.26977027031813
