degree,window,bandwidth,avg_return,num_stocks,min_return,max_return,median_return,std_return
7,100,0.9999999999999999,473.8814519671261,86,-34.531096986850066,2783.5741950798583,280.8199568912174,527.8000459528755
