degree,window,bandwidth,avg_return,num_stocks,min_return,max_return,median_return,std_return
1,120,1.7999999999999998,436.7085265857906,86,-28.870266939593993,3972.3643595740177,272.6291324889502,537.4490540470534
