degree,window,bandwidth,avg_return,num_stocks,min_return,max_return,median_return,std_return
4,100,1.6999999999999997,355.4749911420315,86,-45.27716010203786,2323.7832839639514,286.6829087632994,390.31724060784063
