degree,window,bandwidth,avg_return,num_stocks,min_return,max_return,median_return,std_return
6,90,1.7999999999999998,564.9800161529868,86,-46.05539532590026,3927.692055066278,417.4653920703605,650.613108827796
