degree,window,bandwidth,avg_return,num_stocks,min_return,max_return,median_return,std_return
9,90,1.6999999999999997,219.73525900580364,86,-75.30302419764662,1514.568051768816,138.23500018958327,267.42306758291073
