degree,window,bandwidth,avg_return,num_stocks,min_return,max_return,median_return,std_return
8,20,3.499999999999999,424.56668648156636,86,-29.9789557753824,2750.135536415247,285.7377890732303,437.2045214780027
