degree,window,bandwidth,avg_return,num_stocks,min_return,max_return,median_return,std_return
6,100,3.2999999999999994,464.8859457902969,86,-36.106112935929,10425.612871301606,259.42127319698574,1166.4067055998628
