degree,window,bandwidth,avg_return,num_stocks,min_return,max_return,median_return,std_return
4,50,1.8999999999999997,479.1197474893024,86,-46.57654556058991,2486.0593139645384,337.9292782455061,464.51838211638614
