degree,window,bandwidth,avg_return,num_stocks,min_return,max_return,median_return,std_return
5,110,1.5999999999999996,323.05042088351087,86,-64.59369941736452,2007.3602427874102,193.97863842241506,367.82609650222923
