degree,window,bandwidth,avg_return,num_stocks,min_return,max_return,median_return,std_return
7,50,3.599999999999999,257.6044531552081,86,-84.18409604790533,1937.6516281335234,202.16157392470046,315.27693513205065
