degree,window,bandwidth,avg_return,num_stocks,min_return,max_return,median_return,std_return
3,90,3.499999999999999,279.889157837918,86,-70.76574869909076,2061.6867845026595,174.74236847739812,353.9883898907992
