degree,window,bandwidth,avg_return,num_stocks,min_return,max_return,median_return,std_return
3,110,3.3999999999999995,310.4434912166951,86,-62.87733678681716,3007.421446834697,211.72938626330387,429.86542185387475
