degree,window,bandwidth,avg_return,num_stocks,min_return,max_return,median_return,std_return
2,100,3.1999999999999993,323.67704557575274,86,-71.64293821597447,1972.6559958280347,225.75555326146508,369.6462841661068
