degree,window,bandwidth,avg_return,num_stocks,min_return,max_return,median_return,std_return
9,90,2.7999999999999994,300.15723048050324,86,-86.61530092208054,4312.771018220564,126.55366013725376,565.8689760975418
