degree,window,bandwidth,avg_return,num_stocks,min_return,max_return,median_return,std_return
8,50,1.1999999999999997,354.5295062793004,86,-77.41965172553851,2490.252224829349,195.12945940300273,497.07046399823173
