degree,window,bandwidth,avg_return,num_stocks,min_return,max_return,median_return,std_return
7,30,1.2999999999999998,330.09146268151216,86,-60.0984565457042,3210.964323216887,229.95103944956375,436.1778519033585
