degree,window,bandwidth,avg_return,num_stocks,min_return,max_return,median_return,std_return
4,30,1.6999999999999997,230.48980535812862,86,-85.86651368037495,1071.280905825042,177.71805413871655,232.1453713944475
