degree,window,bandwidth,avg_return,num_stocks,min_return,max_return,median_return,std_return
4,100,1.8999999999999997,385.4036295529494,86,-37.765001151901366,2978.3857633099765,288.3342807412233,451.14990021714465
