degree,window,bandwidth,avg_return,num_stocks,min_return,max_return,median_return,std_return
8,50,3.599999999999999,359.91111173142133,86,-57.72758585802337,3143.4868738031632,165.80618117731473,547.5007351532943
