degree,window,bandwidth,avg_return,num_stocks,min_return,max_return,median_return,std_return
1,120,3.999999999999999,490.2947726176324,86,-56.13838607714594,5119.72291163139,280.54792233584567,755.1427559588134
