degree,window,bandwidth,avg_return,num_stocks,min_return,max_return,median_return,std_return
1,50,1.7999999999999998,442.0595082508671,86,-43.06424548344167,1929.2794886427378,322.902083425396,444.7296475316434
