degree,window,bandwidth,avg_return,num_stocks,min_return,max_return,median_return,std_return
9,90,3.6999999999999993,258.4172169855021,86,-94.81598467995612,1354.0694950846373,163.7023116184377,291.9097888489288
