degree,window,bandwidth,avg_return,num_stocks,min_return,max_return,median_return,std_return
6,90,2.3,452.092376002802,86,-47.551754047555136,1692.3443234480221,358.55876619890955,406.04540714596067
