degree,window,bandwidth,avg_return,num_stocks,min_return,max_return,median_return,std_return
2,60,3.1999999999999993,368.6494625365394,86,-60.74584939282649,2483.047510911223,206.19213123646188,497.9782516577699
