degree,window,bandwidth,avg_return,num_stocks,min_return,max_return,median_return,std_return
5,30,3.2999999999999994,271.1009837896515,86,-85.61747740367383,3102.768796347155,174.10329804201007,444.32810182017226
