degree,window,bandwidth,avg_return,num_stocks,min_return,max_return,median_return,std_return
8,110,2.3,438.0385138831958,86,-44.736347606087215,4227.056862802666,309.0276328484175,560.4221351549326
