degree,window,bandwidth,avg_return,num_stocks,min_return,max_return,median_return,std_return
1,40,1.8999999999999997,448.682226872307,86,-61.529643226711684,1697.228897186412,327.9617269638268,436.8516377825815
