degree,window,bandwidth,avg_return,num_stocks,min_return,max_return,median_return,std_return
9,100,2.9999999999999996,206.6946246600215,86,-64.32705857729782,1905.6441989924383,156.89493919236074,278.9077914079959
