degree,window,bandwidth,avg_return,num_stocks,min_return,max_return,median_return,std_return
5,60,1.1999999999999997,460.4484843448323,86,-50.329754014436126,2521.599234379888,315.37253131829004,479.51026916967976
