degree,window,bandwidth,avg_return,num_stocks,min_return,max_return,median_return,std_return
6,60,0.7,256.8822852608427,86,-73.01284164245652,2414.6226094782237,168.87760367635042,351.8847416464427
