degree,window,bandwidth,avg_return,num_stocks,min_return,max_return,median_return,std_return
4,100,2.3,344.1618313011122,86,-57.594718077321374,2263.647904696452,223.30794205586108,372.6626057214313
