degree,window,bandwidth,avg_return,num_stocks,min_return,max_return,median_return,std_return
4,50,3.6999999999999993,445.201056909583,86,-61.99168999441983,4125.704864753177,256.20333907938476,662.2471023492989
