degree,window,bandwidth,avg_return,num_stocks,min_return,max_return,median_return,std_return
9,50,2.8999999999999995,326.95632341264235,86,-74.67592476741665,8067.322508412985,174.91563772605087,879.2960821254583
