degree,window,bandwidth,avg_return,num_stocks,min_return,max_return,median_return,std_return
4,120,3.1999999999999993,291.6217819418804,86,-51.58146755777331,1133.292897676081,199.84085416838457,276.85301833421335
