degree,window,bandwidth,avg_return,num_stocks,min_return,max_return,median_return,std_return
8,90,3.499999999999999,266.59746425361584,86,-78.88715261114243,2933.8982022992595,143.8796928330229,415.7129501711355
