degree,window,bandwidth,avg_return,num_stocks,min_return,max_return,median_return,std_return
3,70,2.1999999999999997,412.98430749136264,86,-61.59621400644642,2782.875226601139,294.26419312195367,492.07645031553795
