degree,window,bandwidth,avg_return,num_stocks,min_return,max_return,median_return,std_return
4,30,0.5,232.49441070613,86,-83.40194005769432,1689.5773738589405,147.5848747313745,280.47101440718194
