degree,window,bandwidth,avg_return,num_stocks,min_return,max_return,median_return,std_return
1,80,3.2999999999999994,471.3529296413118,86,-52.53651907899825,2134.793583038678,339.42263464866346,440.09815579056135
