degree,window,bandwidth,avg_return,num_stocks,min_return,max_return,median_return,std_return
3,90,3.0999999999999996,358.469958467759,86,-73.95286671363664,7642.322248517493,174.0654887221092,854.441207539864
