degree,window,bandwidth,avg_return,num_stocks,min_return,max_return,median_return,std_return
3,40,3.3999999999999995,309.59092106001737,86,-60.19169402488409,1545.777327284006,185.73420250420853,335.7370492049835
