degree,window,bandwidth,avg_return,num_stocks,min_return,max_return,median_return,std_return
6,60,1.4,270.02615041970625,86,-70.06399228134056,4479.004145909549,165.8096984626165,510.80361357849847
