degree,window,bandwidth,avg_return,num_stocks,min_return,max_return,median_return,std_return
4,120,2.6999999999999993,343.6189269064194,86,-63.89459190059847,1746.4173941409085,204.09370109642043,368.69737659830093
