degree,window,bandwidth,avg_return,num_stocks,min_return,max_return,median_return,std_return
3,60,2.7999999999999994,370.02571550771285,86,-56.89023926178953,1859.7834792968883,239.07087272880824,418.9781935234294
