degree,window,bandwidth,avg_return,num_stocks,min_return,max_return,median_return,std_return
2,30,3.2999999999999994,301.71643668700955,86,-42.243413954008744,2176.108979454959,188.99191309911924,392.2114461373973
