degree,window,bandwidth,avg_return,num_stocks,min_return,max_return,median_return,std_return
6,80,2.3999999999999995,460.1925806476542,86,-31.958008493235695,2191.615173722491,372.94581747422774,440.18190717935533
