degree,window,bandwidth,avg_return,num_stocks,min_return,max_return,median_return,std_return
8,30,1.4999999999999998,785.0211293990762,86,-18.02859291725752,5407.5325775856245,523.5275954587056,872.2987627861844
