degree,window,bandwidth,avg_return,num_stocks,min_return,max_return,median_return,std_return
8,60,1.2999999999999998,310.0061870394399,86,-61.51699645966233,1350.5337682155794,239.39939463094595,306.5213151317116
