degree,window,bandwidth,avg_return,num_stocks,min_return,max_return,median_return,std_return
3,60,2.8999999999999995,334.0399254026781,86,-55.426713792581914,1812.5197275666474,251.6388773708187,355.032486330954
