degree,window,bandwidth,avg_return,num_stocks,min_return,max_return,median_return,std_return
2,30,1.7999999999999998,428.65692105707353,86,-54.21669107618994,3145.0693316944025,332.00479403121824,496.124320414572
