degree,window,bandwidth,avg_return,num_stocks,min_return,max_return,median_return,std_return
1,120,2.6999999999999993,619.465069233213,86,-76.13143774983995,5746.995740537253,359.38380214312883,904.4071551582148
