degree,window,bandwidth,avg_return,num_stocks,min_return,max_return,median_return,std_return
6,90,2.4999999999999996,422.9747101330935,86,-66.57614550035113,1941.3750006306109,342.04512017016646,399.0993757061561
