degree,window,bandwidth,avg_return,num_stocks,min_return,max_return,median_return,std_return
3,50,0.5,475.285212991052,86,-42.91585007332405,2792.2936683289686,336.10361935856724,534.4879080280599
