degree,window,bandwidth,avg_return,num_stocks,min_return,max_return,median_return,std_return
6,80,1.6999999999999997,431.75694972985866,86,-50.63684991817626,3126.565800348873,294.6804728716219,526.4512087425478
