degree,window,bandwidth,avg_return,num_stocks,min_return,max_return,median_return,std_return
8,80,1.8999999999999997,225.1442895455289,86,-85.52985926852207,1848.3682698056896,154.848470613953,297.9370543902231
