degree,window,bandwidth,avg_return,num_stocks,min_return,max_return,median_return,std_return
7,70,3.7999999999999994,346.97398304729546,86,-66.4514317862282,5266.264692204308,212.92753149604113,626.0549287936376
