degree,window,bandwidth,avg_return,num_stocks,min_return,max_return,median_return,std_return
4,120,0.7999999999999999,384.7977322814307,86,-63.67457957902827,3435.021897443702,244.93365284373786,502.91828688811887
