degree,window,bandwidth,avg_return,num_stocks,min_return,max_return,median_return,std_return
9,70,3.1999999999999993,257.6893946653887,86,-79.38544923782973,1299.744135153192,184.75351757256078,276.007101860339
