degree,window,bandwidth,avg_return,num_stocks,min_return,max_return,median_return,std_return
4,120,1.7999999999999998,404.6238885568888,86,-58.38239782085539,5268.112989009005,233.2651275852875,655.7890999182064
