degree,window,bandwidth,avg_return,num_stocks,min_return,max_return,median_return,std_return
8,80,1.4999999999999998,215.04700405654407,86,-79.84185228881299,1208.2144693779744,144.88902739691167,246.0713063514464
