degree,window,bandwidth,avg_return,num_stocks,min_return,max_return,median_return,std_return
7,80,1.8999999999999997,312.29696504806975,86,-62.3323854967817,4750.881797440783,189.00030089084862,554.8041663193075
