degree,window,bandwidth,avg_return,num_stocks,min_return,max_return,median_return,std_return
3,80,3.8999999999999995,261.85091182241155,86,-46.35148642694899,1805.6404009754342,158.87290070876213,302.45144842264955
