degree,window,bandwidth,avg_return,num_stocks,min_return,max_return,median_return,std_return
7,60,1.5999999999999996,235.88069502394447,86,-83.30947252759566,3727.5956816618927,163.34079510259735,419.40189950103644
