degree,window,bandwidth,avg_return,num_stocks,min_return,max_return,median_return,std_return
8,90,2.6999999999999993,293.277977904004,86,-62.04833581565363,5340.057302088119,144.13696841962053,611.7814811011024
