degree,window,bandwidth,avg_return,num_stocks,min_return,max_return,median_return,std_return
1,60,2.4999999999999996,479.0153326685714,86,-81.92023814747634,4794.970341440582,343.13876841081,626.8479541238715
