degree,window,bandwidth,avg_return,num_stocks,min_return,max_return,median_return,std_return
5,120,2.9999999999999996,356.5352618538322,86,-65.5327942291088,2642.014592773063,239.89355543466272,413.7984386596382
