degree,window,bandwidth,avg_return,num_stocks,min_return,max_return,median_return,std_return
3,60,1.4,353.71034970956254,86,-50.45015982945089,1950.2071095507667,207.15200113970326,384.6016716831191
