degree,window,bandwidth,avg_return,num_stocks,min_return,max_return,median_return,std_return
2,100,2.8999999999999995,329.15987800609014,86,-63.949627746204804,1657.8558413616183,231.56615663706444,332.65135736682174
