degree,window,bandwidth,avg_return,num_stocks,min_return,max_return,median_return,std_return
5,80,0.6,543.6158043820866,86,-40.507090459786774,3367.9192638696527,346.0126410140108,619.2439993755191
