degree,window,bandwidth,avg_return,num_stocks,min_return,max_return,median_return,std_return
4,100,2.7999999999999994,413.8489798806893,86,-60.6692867369,3076.4728545614184,237.78773687780279,560.0170061056353
