degree,window,bandwidth,avg_return,num_stocks,min_return,max_return,median_return,std_return
8,50,0.9999999999999999,358.4696565856224,86,-80.6292800004839,2600.1657236795145,175.5970111481392,500.86988852341636
