degree,window,bandwidth,avg_return,num_stocks,min_return,max_return,median_return,std_return
1,100,1.4,454.77977823082824,86,-57.33275751947493,5353.284534093523,291.4037983743918,672.5430964059834
