degree,window,bandwidth,avg_return,num_stocks,min_return,max_return,median_return,std_return
7,110,2.3999999999999995,443.9024213171111,86,-32.69890052746094,3550.9698895831675,303.4523728923423,523.8942038535491
