degree,window,bandwidth,avg_return,num_stocks,min_return,max_return,median_return,std_return
5,30,2.8999999999999995,284.0752511451335,86,-79.27128317887953,2547.0482310986736,198.34707241830856,393.05535902820674
