degree,window,bandwidth,avg_return,num_stocks,min_return,max_return,median_return,std_return
6,60,1.7999999999999998,344.31716795080246,86,-58.465256717373535,8019.179530236379,191.5313851905011,871.4882023636013
