degree,window,bandwidth,avg_return,num_stocks,min_return,max_return,median_return,std_return
4,100,2.3999999999999995,344.633098085069,86,-57.93822014745302,1714.1015302954302,207.43924364608796,371.8611786741289
