degree,window,bandwidth,avg_return,num_stocks,min_return,max_return,median_return,std_return
6,120,2.7999999999999994,356.15635404184553,86,-63.00379725017435,2707.6392021011925,218.85028987839894,483.42352455635273
