degree,window,bandwidth,avg_return,num_stocks,min_return,max_return,median_return,std_return
6,40,0.6,281.0281896069439,86,-75.27645389525918,1513.255570632314,193.03277183916418,320.3229841340335
