degree,window,bandwidth,avg_return,num_stocks,min_return,max_return,median_return,std_return
9,30,2.8999999999999995,755.2324142953381,86,-31.78669815628425,7428.423099079484,488.2086376508679,1155.236746213491
