degree,window,bandwidth,avg_return,num_stocks,min_return,max_return,median_return,std_return
1,50,0.8999999999999999,463.78493294521195,86,-67.38215240168537,3375.8009809109003,266.2033934188996,633.5186314028607
