degree,window,bandwidth,avg_return,num_stocks,min_return,max_return,median_return,std_return
9,50,1.0999999999999999,319.2984885837633,86,-68.40217635203462,2932.3593868620687,199.47606093051024,450.79136753926946
