degree,window,bandwidth,avg_return,num_stocks,min_return,max_return,median_return,std_return
4,110,0.8999999999999999,375.12176894518694,86,-61.82648506901259,6488.694762295743,255.034587357265,708.4784220487948
