degree,window,bandwidth,avg_return,num_stocks,min_return,max_return,median_return,std_return
1,120,0.9999999999999999,403.538124291913,86,-37.67801309205249,3213.5858516625403,305.7143030611829,464.8961855628154
