degree,window,bandwidth,avg_return,num_stocks,min_return,max_return,median_return,std_return
7,120,2.1999999999999997,443.7018424830082,86,-46.39383116498994,3678.786237769504,319.6103338598651,533.9376590904294
