degree,window,bandwidth,avg_return,num_stocks,min_return,max_return,median_return,std_return
3,20,1.4999999999999998,345.2817895737954,86,-67.47060876866396,1987.4435802124883,241.25819555224714,362.70535654502373
