degree,window,bandwidth,avg_return,num_stocks,min_return,max_return,median_return,std_return
4,100,2.9999999999999996,365.9918294579535,86,-72.36501729346661,2503.887009909721,249.6113619853425,455.04304047549533
