degree,window,bandwidth,avg_return,num_stocks,min_return,max_return,median_return,std_return
3,30,2.8999999999999995,444.5011952475115,86,-32.324532770673876,2520.644659561519,308.1975537836822,476.0523822507215
