degree,window,bandwidth,avg_return,num_stocks,min_return,max_return,median_return,std_return
3,120,1.0999999999999999,339.56368965807775,86,-52.73290045325465,3086.2380288095346,231.89232045270728,417.71682800966846
