degree,window,bandwidth,avg_return,num_stocks,min_return,max_return,median_return,std_return
9,30,2.3,709.8735908473046,86,-40.68761573794201,5929.6349354768,468.6072228169792,998.2939429606789
