degree,window,bandwidth,avg_return,num_stocks,min_return,max_return,median_return,std_return
2,70,2.8999999999999995,360.71647374611877,86,-56.30735468439173,2520.6689299254667,259.81506231815763,418.3590322992701
