degree,window,bandwidth,avg_return,num_stocks,min_return,max_return,median_return,std_return
7,50,1.6999999999999997,262.4151932120933,86,-72.33934228038294,1169.4281966324766,230.41896063729706,257.24210965599195
