degree,window,bandwidth,avg_return,num_stocks,min_return,max_return,median_return,std_return
7,80,2.3999999999999995,522.2464424826499,86,-59.12838128839286,19039.24001686947,246.40038865290936,2035.290770068078
