degree,window,bandwidth,avg_return,num_stocks,min_return,max_return,median_return,std_return
5,90,2.3,369.64868981167797,86,-73.08560809373465,3619.7585101928203,241.50970507673924,478.8748830791705
