degree,window,bandwidth,avg_return,num_stocks,min_return,max_return,median_return,std_return
5,110,1.7999999999999998,339.0544308335548,86,-77.16406903447955,2194.2140659792717,208.88213021355887,413.64885774199763
