degree,window,bandwidth,avg_return,num_stocks,min_return,max_return,median_return,std_return
3,110,2.7999999999999994,302.93974485385974,86,-45.47906076909497,1653.718862770727,204.2138504415414,314.01864155659246
