degree,window,bandwidth,avg_return,num_stocks,min_return,max_return,median_return,std_return
8,70,1.8999999999999997,186.31871461495854,86,-89.50116839887919,913.7432751387545,162.84147120151852,174.60369315756623
