degree,window,bandwidth,avg_return,num_stocks,min_return,max_return,median_return,std_return
2,90,2.8999999999999995,349.3934173326415,86,-64.25670714551201,1645.9989044133263,234.64511596481628,333.2039345588976
