degree,window,bandwidth,avg_return,num_stocks,min_return,max_return,median_return,std_return
7,50,0.8999999999999999,275.60407299883394,86,-89.90686110844507,2662.5556348323335,190.54622878583467,354.3697487623371
