degree,window,bandwidth,avg_return,num_stocks,min_return,max_return,median_return,std_return
5,30,3.499999999999999,244.47620856566502,86,-70.20332481449006,2559.527362307993,112.62781871476471,411.8671254341974
