degree,window,bandwidth,avg_return,num_stocks,min_return,max_return,median_return,std_return
4,20,0.5,219.20980923284708,86,-78.81779494286309,2125.704949637573,140.5975561017237,331.3157048919053
