degree,window,bandwidth,avg_return,num_stocks,min_return,max_return,median_return,std_return
5,60,3.2999999999999994,436.0403730114035,86,-40.868817052300976,4303.502362552671,259.5950261182252,603.4787439959863
