degree,window,bandwidth,avg_return,num_stocks,min_return,max_return,median_return,std_return
6,120,0.6,464.7038960220955,86,-34.543381698150725,3369.41857363096,303.998517011441,557.5327264474337
