degree,window,bandwidth,avg_return,num_stocks,min_return,max_return,median_return,std_return
5,120,1.2999999999999998,333.4486291503417,86,-73.95411200455537,2397.4516132264803,227.759322552544,392.03550617747504
