degree,window,bandwidth,avg_return,num_stocks,min_return,max_return,median_return,std_return
4,120,2.3999999999999995,362.169664439446,86,-49.604595160694515,2477.2321662919544,193.44377614951642,451.60436437592364
