degree,window,bandwidth,avg_return,num_stocks,min_return,max_return,median_return,std_return
8,90,1.4999999999999998,243.00078943023118,86,-83.3663861643419,2790.2626701363465,128.62313960121335,373.96043096251765
