degree,window,bandwidth,avg_return,num_stocks,min_return,max_return,median_return,std_return
9,120,2.7999999999999994,376.1392304172586,86,-47.287515054861636,3357.807893243067,264.145331470286,467.74987381063397
