degree,window,bandwidth,avg_return,num_stocks,min_return,max_return,median_return,std_return
5,60,0.6,468.50297217304575,86,-48.776581890265156,3787.489084627473,309.99815043845854,562.2849414671082
