degree,window,bandwidth,avg_return,num_stocks,min_return,max_return,median_return,std_return
2,50,3.8999999999999995,335.79440255557694,86,-62.136212514867985,2637.1049013091115,191.8845180216877,422.5122791317272
