degree,window,bandwidth,avg_return,num_stocks,min_return,max_return,median_return,std_return
4,50,3.0999999999999996,488.6342785553774,86,-47.8369743562616,5785.637082420197,289.6566171630609,776.8681641990848
