degree,window,bandwidth,avg_return,num_stocks,min_return,max_return,median_return,std_return
9,100,1.5999999999999996,221.34131331555417,86,-74.52463314165892,2007.5483826425277,136.11347025961751,328.92584081461195
