degree,window,bandwidth,avg_return,num_stocks,min_return,max_return,median_return,std_return
8,30,1.7999999999999998,812.6813645986659,86,-39.13479531342544,7102.016176272044,506.54994471480575,1054.822703847343
