degree,window,bandwidth,avg_return,num_stocks,min_return,max_return,median_return,std_return
7,100,2.8999999999999995,440.58984834267176,86,-45.15406997490549,2863.177982529214,302.33421558710324,526.802485789161
