degree,window,bandwidth,avg_return,num_stocks,min_return,max_return,median_return,std_return
7,40,1.7999999999999998,307.9404643952327,86,-77.31999597550934,2266.7483758578473,156.96998012872672,430.41257588585415
