degree,window,bandwidth,avg_return,num_stocks,min_return,max_return,median_return,std_return
2,30,2.9999999999999996,319.96154671074214,86,-65.85056746283945,2303.478758656665,185.24517348833407,409.1668581532926
