degree,window,bandwidth,avg_return,num_stocks,min_return,max_return,median_return,std_return
2,110,0.7999999999999999,357.8068557805958,86,-77.00899734480619,2071.992019485511,262.8840196394344,379.44817575843047
