degree,window,bandwidth,avg_return,num_stocks,min_return,max_return,median_return,std_return
3,100,2.5999999999999996,308.00872164960816,86,-68.98787759905547,1597.6225726122693,179.729173991475,350.7525112613155
