degree,window,bandwidth,avg_return,num_stocks,min_return,max_return,median_return,std_return
9,110,2.3999999999999995,251.8045760333033,86,-51.63599285848003,1143.763227913197,195.80602003961366,255.44828603938495
