degree,window,bandwidth,avg_return,num_stocks,min_return,max_return,median_return,std_return
3,80,3.0999999999999996,341.41810939187263,86,-82.37581076929537,1765.5708261377554,218.27275054271888,373.26247820086166
