degree,window,bandwidth,avg_return,num_stocks,min_return,max_return,median_return,std_return
4,40,3.7999999999999994,405.58192009488437,86,-42.61926060865306,4923.441246604433,208.10424487613693,663.9274119978279
