degree,window,bandwidth,avg_return,num_stocks,min_return,max_return,median_return,std_return
2,120,2.8999999999999995,412.31743982377225,86,-84.05582304777779,2750.6207446824687,292.581766024283,520.3429805685503
