degree,window,bandwidth,avg_return,num_stocks,min_return,max_return,median_return,std_return
7,30,1.0999999999999999,317.69848420652545,86,-57.404985919550356,1836.8774119236061,215.79659319602007,347.02867972708816
