degree,window,bandwidth,avg_return,num_stocks,min_return,max_return,median_return,std_return
1,80,3.1999999999999993,499.97894130305235,86,-47.592598795031115,2760.641867086632,337.50848275968923,510.85375551921686
