degree,window,bandwidth,avg_return,num_stocks,min_return,max_return,median_return,std_return
3,70,1.8999999999999997,378.64367323458856,86,-61.084447229610895,3058.8016367902874,258.6650311101573,438.43933578638325
