degree,window,bandwidth,avg_return,num_stocks,min_return,max_return,median_return,std_return
4,60,1.0999999999999999,511.6398948340362,86,-47.30919689746298,2343.7909462174885,386.0702061170805,515.2569209739828
