degree,window,bandwidth,avg_return,num_stocks,min_return,max_return,median_return,std_return
6,120,2.9999999999999996,366.4282943608134,86,-76.57381983293843,2698.079756872287,239.5726146804558,482.5949923833459
