degree,window,bandwidth,avg_return,num_stocks,min_return,max_return,median_return,std_return
7,110,3.2999999999999994,375.4383035352263,86,-69.18687945279676,2749.0217178354724,260.87763104581154,438.8138644528723
