degree,window,bandwidth,avg_return,num_stocks,min_return,max_return,median_return,std_return
7,100,1.1999999999999997,456.43246266461693,86,-52.46052898158232,2487.2822974437995,291.25603085941145,497.66708403317557
