degree,window,bandwidth,avg_return,num_stocks,min_return,max_return,median_return,std_return
3,90,3.6999999999999993,293.2650839026349,86,-52.33527268750162,3180.9664282631993,228.03737733330706,423.0074140360369
