degree,window,bandwidth,avg_return,num_stocks,min_return,max_return,median_return,std_return
4,90,0.8999999999999999,332.3955803801521,86,-57.66957615288166,2424.036926268506,258.97486703096854,396.34812968076443
