degree,window,bandwidth,avg_return,num_stocks,min_return,max_return,median_return,std_return
2,110,1.7999999999999998,351.6004608164753,86,-64.84094639933585,1685.4633010597065,189.2117413731178,388.65693811054336
