degree,window,bandwidth,avg_return,num_stocks,min_return,max_return,median_return,std_return
1,30,2.3,449.13461304040436,86,-66.29210222998346,3045.813708802567,319.48632422896793,494.9215983701859
