degree,window,bandwidth,avg_return,num_stocks,min_return,max_return,median_return,std_return
7,70,2.4999999999999996,274.16103105261635,86,-80.72136461945803,3169.4954171228474,156.56332485642815,417.79753416125294
