degree,window,bandwidth,avg_return,num_stocks,min_return,max_return,median_return,std_return
5,70,3.3999999999999995,450.05258446192846,86,-40.418050524881295,4132.947966676643,272.3639324516445,578.8979737156226
