degree,window,bandwidth,avg_return,num_stocks,min_return,max_return,median_return,std_return
2,70,1.7999999999999998,382.7608961841643,86,-69.36305988014495,2398.8376551498773,214.16514698451704,495.1044289299781
