degree,window,bandwidth,avg_return,num_stocks,min_return,max_return,median_return,std_return
7,110,1.1999999999999997,444.4816790033065,86,-38.68188199706927,2699.666616366905,276.1450907939878,493.0950788962488
