degree,window,bandwidth,avg_return,num_stocks,min_return,max_return,median_return,std_return
2,50,1.2999999999999998,323.6407933045277,86,-63.50317922495611,2015.9890688793837,209.53646898106996,382.83767802337434
