degree,window,bandwidth,avg_return,num_stocks,min_return,max_return,median_return,std_return
4,120,1.4999999999999998,401.6417648442165,86,-52.28213194748268,4673.9225508197915,231.7093861728954,591.179128451222
