degree,window,bandwidth,avg_return,num_stocks,min_return,max_return,median_return,std_return
9,50,2.9999999999999996,343.6222441775893,86,-65.69799269194392,9549.768480662524,158.0643733845479,1032.8643870498458
