degree,window,bandwidth,avg_return,num_stocks,min_return,max_return,median_return,std_return
3,30,3.6999999999999993,382.1736267853961,86,-45.23794622827675,4320.221016855765,211.44854558881678,606.4769154903763
