degree,window,bandwidth,avg_return,num_stocks,min_return,max_return,median_return,std_return
9,70,1.8999999999999997,266.9601817318522,86,-74.34298038444986,1449.3965152497838,183.76393774585046,282.49108511261664
