degree,window,bandwidth,avg_return,num_stocks,min_return,max_return,median_return,std_return
1,80,1.4,388.87175776115055,86,-41.34532932353229,3623.4768570703886,251.13592365227305,476.5290227686801
