degree,window,bandwidth,avg_return,num_stocks,min_return,max_return,median_return,std_return
4,90,2.3,382.09871654167836,86,-56.387415841478884,4631.043104322247,280.484307255144,545.2595970197757
