degree,window,bandwidth,avg_return,num_stocks,min_return,max_return,median_return,std_return
1,60,1.8999999999999997,455.0308815709127,86,-44.09455287151665,3443.095604386361,293.07487346039454,521.9032312482185
