degree,window,bandwidth,avg_return,num_stocks,min_return,max_return,median_return,std_return
8,20,3.999999999999999,427.6051900695546,86,-19.688198506761502,1947.271718883814,310.6892027998566,413.03827530035807
