degree,window,bandwidth,avg_return,num_stocks,min_return,max_return,median_return,std_return
2,120,2.9999999999999996,413.1411785038028,86,-75.65940776730129,4047.8333829168214,253.96312768970648,629.9377914905946
