degree,window,bandwidth,avg_return,num_stocks,min_return,max_return,median_return,std_return
4,120,3.599999999999999,241.86653611985233,86,-86.88398204546914,961.0823290221725,181.1902868648076,231.6779692547313
