degree,window,bandwidth,avg_return,num_stocks,min_return,max_return,median_return,std_return
8,20,0.5,445.2284476642843,86,17.124693334433122,3194.1302294678926,292.94824016863777,502.63474698825235
