degree,window,bandwidth,avg_return,num_stocks,min_return,max_return,median_return,std_return
7,50,3.999999999999999,219.5947837479106,86,-72.61065090649207,1075.5527871246825,161.77030882950467,250.89941267914978
