degree,window,bandwidth,avg_return,num_stocks,min_return,max_return,median_return,std_return
2,70,1.6999999999999997,405.99057672922345,86,-75.20717598618192,3198.2515422031133,229.50266272385267,574.356292110252
