degree,window,bandwidth,avg_return,num_stocks,min_return,max_return,median_return,std_return
9,90,1.4999999999999998,220.98664537683317,86,-68.27979788084416,2078.6841981233333,157.04793346537878,290.65895885544893
