degree,window,bandwidth,avg_return,num_stocks,min_return,max_return,median_return,std_return
1,20,3.2999999999999994,449.1249326677127,86,-64.3930159612278,3765.0939781883076,278.19420702332843,534.6113836636254
