degree,window,bandwidth,avg_return,num_stocks,min_return,max_return,median_return,std_return
5,100,1.5999999999999996,361.51674248351856,86,-59.220328254224405,2923.5462471641767,244.4176105185486,430.1211663383551
