degree,window,bandwidth,avg_return,num_stocks,min_return,max_return,median_return,std_return
6,70,1.4,374.08752853761825,86,-65.50366147071863,3400.696873322393,249.98434253848194,492.59777494577963
