degree,window,bandwidth,avg_return,num_stocks,min_return,max_return,median_return,std_return
2,20,3.599999999999999,356.981293588782,86,-58.539949428631225,2084.1992036720717,251.9664199701523,399.15393595483965
