degree,window,bandwidth,avg_return,num_stocks,min_return,max_return,median_return,std_return
5,40,2.7999999999999994,293.7240469341205,86,-72.6201044948532,2340.7278586611806,206.03729409096485,369.79290553294607
