degree,window,bandwidth,avg_return,num_stocks,min_return,max_return,median_return,std_return
5,120,2.3999999999999995,319.87726618519963,86,-50.18338442727467,1669.0319985351891,238.66307950307743,327.4554305398386
