degree,window,bandwidth,avg_return,num_stocks,min_return,max_return,median_return,std_return
2,40,1.6999999999999997,378.970294337797,86,-55.45361202263336,2426.570076651044,229.19763122109015,423.7689120072099
