degree,window,bandwidth,avg_return,num_stocks,min_return,max_return,median_return,std_return
4,110,2.6999999999999993,366.56386445004,86,-59.90838032168355,2451.098691493906,233.07411310648342,478.3739418516935
