degree,window,bandwidth,avg_return,num_stocks,min_return,max_return,median_return,std_return
3,70,1.4999999999999998,327.00427296694573,86,-63.26620544532198,2059.7757623849784,244.03011961422393,363.8229472569256
