degree,window,bandwidth,avg_return,num_stocks,min_return,max_return,median_return,std_return
2,100,1.7999999999999998,359.5286781708103,86,-83.71833438020985,1838.8690083352153,254.06055252964984,390.73715785282616
