degree,window,bandwidth,avg_return,num_stocks,min_return,max_return,median_return,std_return
5,50,2.4999999999999996,390.0966406044341,86,-79.01285482878453,5328.020337648821,267.3376225920491,630.5155006352759
