degree,window,bandwidth,avg_return,num_stocks,min_return,max_return,median_return,std_return
4,80,2.3,311.7778944047738,86,-70.24358616930488,1446.4346604852087,216.71854318876655,329.2270084266572
