degree,window,bandwidth,avg_return,num_stocks,min_return,max_return,median_return,std_return
4,50,2.3999999999999995,446.7808102868709,86,-16.72758118744472,2500.3011361547287,273.05010242531597,460.18438192869
