degree,window,bandwidth,avg_return,num_stocks,min_return,max_return,median_return,std_return
4,70,2.1999999999999997,346.3481921195132,86,-74.8077775377297,3296.452362947401,185.50762667665674,531.7520014643487
