degree,window,bandwidth,avg_return,num_stocks,min_return,max_return,median_return,std_return
9,60,0.9999999999999999,288.1822048747866,86,-88.86601643861061,1463.6296873670856,157.96243752666686,341.9920944040344
