degree,window,bandwidth,avg_return,num_stocks,min_return,max_return,median_return,std_return
7,50,2.3999999999999995,266.6500765551337,86,-69.23602150050496,1272.1981088026705,241.2048230141384,261.6502828533944
