degree,window,bandwidth,avg_return,num_stocks,min_return,max_return,median_return,std_return
1,70,2.3,467.12013127058157,86,-83.62526413851116,5876.124885509082,353.9634910832183,678.5356907596415
