degree,window,bandwidth,avg_return,num_stocks,min_return,max_return,median_return,std_return
3,90,2.3999999999999995,422.327705100806,86,-53.46906941228359,6756.077375134487,198.20378521568577,803.6387724139597
