degree,window,bandwidth,avg_return,num_stocks,min_return,max_return,median_return,std_return
3,100,1.2999999999999998,392.9606914205135,86,-46.69758407274879,2807.0576014631206,254.23320538595917,525.2778798245762
