degree,window,bandwidth,avg_return,num_stocks,min_return,max_return,median_return,std_return
6,20,0.5,773.5201016285783,86,-74.9430668050754,5072.705590505696,503.5001784310777,976.6572752427984
