degree,window,bandwidth,avg_return,num_stocks,min_return,max_return,median_return,std_return
1,50,0.5,469.7635227854724,86,-71.10403002663722,4354.018405968206,287.3364290760049,663.1103430418683
