degree,window,bandwidth,avg_return,num_stocks,min_return,max_return,median_return,std_return
1,50,0.7999999999999999,494.30083253639344,86,-58.63774929991122,4022.8582904266764,284.0206900888959,717.1837352867288
