degree,window,bandwidth,avg_return,num_stocks,min_return,max_return,median_return,std_return
6,100,2.3,440.7766088432607,86,-74.25482464531757,2553.7643668671026,277.20165561805265,508.92692139337953
