degree,window,bandwidth,avg_return,num_stocks,min_return,max_return,median_return,std_return
9,40,2.0999999999999996,439.5487000304266,86,-52.43035575896905,2529.092160577819,276.92007848489436,534.1416172431192
