degree,window,bandwidth,avg_return,num_stocks,min_return,max_return,median_return,std_return
6,100,2.1999999999999997,410.9032162977924,86,-67.14994020751355,2687.7333369774533,263.49739560273304,470.33432795386636
