degree,window,bandwidth,avg_return,num_stocks,min_return,max_return,median_return,std_return
5,120,0.7,344.4167676112739,86,-74.1657961203475,2237.8570871433967,236.05186308111337,365.5161922811612
