degree,window,bandwidth,avg_return,num_stocks,min_return,max_return,median_return,std_return
7,120,0.8999999999999999,554.29700012413,86,-48.07493038184686,3505.9995761284467,361.0958077753105,662.956310638574
