degree,window,bandwidth,avg_return,num_stocks,min_return,max_return,median_return,std_return
4,120,0.5,374.6211580754867,86,-54.41720604530408,2735.5981958472044,258.32543278199364,441.7172138514719
