degree,window,bandwidth,avg_return,num_stocks,min_return,max_return,median_return,std_return
4,50,0.8999999999999999,641.7362146895775,86,-37.84192076659576,5479.069663554461,397.6395193980005,824.0337235040288
