degree,window,bandwidth,avg_return,num_stocks,min_return,max_return,median_return,std_return
4,70,1.7999999999999998,329.5418290259661,86,-81.5448679383862,2333.9369495755323,220.141317167652,400.68390671988294
