degree,window,bandwidth,avg_return,num_stocks,min_return,max_return,median_return,std_return
3,40,2.0999999999999996,462.14992458291556,86,-42.26034264209313,3043.4785725824477,336.53317873767077,453.81435116369715
