degree,window,bandwidth,avg_return,num_stocks,min_return,max_return,median_return,std_return
1,80,3.6999999999999993,492.60545092173925,86,-49.375698651655576,2732.086855285574,403.0376009543856,507.36394064492583
