degree,window,bandwidth,avg_return,num_stocks,min_return,max_return,median_return,std_return
5,100,3.2999999999999994,368.8536524342707,86,-81.91030321194982,3638.4991494747333,215.02456873869065,546.5725070247345
