degree,window,bandwidth,avg_return,num_stocks,min_return,max_return,median_return,std_return
7,90,2.7999999999999994,414.5035460153726,86,-43.640780653435954,3446.489642123633,285.871371919966,490.03255966431584
