degree,window,bandwidth,avg_return,num_stocks,min_return,max_return,median_return,std_return
4,60,2.8999999999999995,449.6201081591391,86,-44.00214718686771,3754.96382054714,270.62310883873386,601.1024674071708
