degree,window,bandwidth,avg_return,num_stocks,min_return,max_return,median_return,std_return
2,20,2.3999999999999995,476.90453432591784,86,-59.84537357490376,2300.9391532543623,327.04147714645455,445.07590682118087
