degree,window,bandwidth,avg_return,num_stocks,min_return,max_return,median_return,std_return
7,50,2.5999999999999996,266.13297630947613,86,-81.1865488344871,987.8849384362746,229.48781482821772,254.45233799010046
