degree,window,bandwidth,avg_return,num_stocks,min_return,max_return,median_return,std_return
6,30,1.2999999999999998,304.9872884927906,86,-70.16415989127557,4065.1452117833815,138.88274547063293,545.053690261495
