degree,window,bandwidth,avg_return,num_stocks,min_return,max_return,median_return,std_return
9,70,1.1999999999999997,292.1670812281397,86,-68.59050980038722,1948.4870563884638,210.59087046647124,368.2777356998714
