degree,window,bandwidth,avg_return,num_stocks,min_return,max_return,median_return,std_return
4,20,0.7,212.03235931909393,86,-79.49108246088578,1848.5381126403063,151.77180584231655,294.8282744432339
