degree,window,bandwidth,avg_return,num_stocks,min_return,max_return,median_return,std_return
2,60,2.3999999999999995,405.5882154758476,86,-66.85085294607718,6128.069162245455,237.81065889924864,701.9747948023687
