degree,window,bandwidth,avg_return,num_stocks,min_return,max_return,median_return,std_return
8,110,3.1999999999999993,410.529580507948,86,-51.805560422763584,2637.2384021738167,254.54689738995526,495.6190132251372
