degree,window,bandwidth,avg_return,num_stocks,min_return,max_return,median_return,std_return
6,80,0.6,492.8573830806064,86,-36.37921747917765,2939.2219641633806,271.26368929882904,563.9536489901358
