degree,window,bandwidth,avg_return,num_stocks,min_return,max_return,median_return,std_return
8,110,0.8999999999999999,416.01219780057227,86,-55.65711792381167,1730.3556702644926,272.014038472385,430.5529849910016
