degree,window,bandwidth,avg_return,num_stocks,min_return,max_return,median_return,std_return
8,70,1.9999999999999996,191.244313643043,86,-90.26851725889632,1020.1832110062373,163.86569994465907,180.4311444784496
