degree,window,bandwidth,avg_return,num_stocks,min_return,max_return,median_return,std_return
5,20,2.7999999999999994,249.94104893904554,86,-70.08197666149722,2092.6100142713603,150.17491431030186,357.15659535275495
