degree,window,bandwidth,avg_return,num_stocks,min_return,max_return,median_return,std_return
9,100,1.7999999999999998,221.47200735455618,86,-75.04618405728797,2709.1519980688795,132.64097536009058,350.33747066639376
