degree,window,bandwidth,avg_return,num_stocks,min_return,max_return,median_return,std_return
7,100,1.5999999999999996,490.6441009869174,86,-46.79002524472806,4765.551571189107,290.9511654996196,698.4043627318074
