degree,window,bandwidth,avg_return,num_stocks,min_return,max_return,median_return,std_return
7,70,1.9999999999999996,271.0292756018028,86,-79.35220984009614,3742.4996137074318,151.76512983297252,451.1555292586056
