degree,window,bandwidth,avg_return,num_stocks,min_return,max_return,median_return,std_return
5,20,1.7999999999999998,288.89377993056456,86,-66.18347704644184,2556.6159649451893,165.94452462983276,443.55008604915105
