degree,window,bandwidth,avg_return,num_stocks,min_return,max_return,median_return,std_return
5,110,1.4999999999999998,325.90527297409636,86,-71.1905785974137,1997.3903148030047,174.89548448059972,383.79479131754607
