degree,window,bandwidth,avg_return,num_stocks,min_return,max_return,median_return,std_return
9,80,2.5999999999999996,221.21847789546499,86,-88.80755041867488,1631.6553876053858,170.58157997259923,252.31701771783338
