degree,window,bandwidth,avg_return,num_stocks,min_return,max_return,median_return,std_return
1,60,0.8999999999999999,447.11145673901683,86,-54.68533322274654,2529.607390234931,331.9666665482071,480.5810169136548
