degree,window,bandwidth,avg_return,num_stocks,min_return,max_return,median_return,std_return
2,30,1.8999999999999997,433.20809590231096,86,-54.180059392163024,3506.6842715769676,315.18337609786204,521.9076351413661
