degree,window,bandwidth,avg_return,num_stocks,min_return,max_return,median_return,std_return
6,60,1.1999999999999997,271.31338060058795,86,-62.65001491966121,3403.501761664576,175.2580889491375,412.1778265680699
