degree,window,bandwidth,avg_return,num_stocks,min_return,max_return,median_return,std_return
5,40,2.4999999999999996,287.2240250893636,86,-72.45722137656013,2803.096103305417,186.48445537435768,417.67384337466547
