degree,window,bandwidth,avg_return,num_stocks,min_return,max_return,median_return,std_return
8,40,1.8999999999999997,347.64168700163833,86,-79.55998741570062,2407.8034914406217,186.43175200477611,494.0589117159271
