degree,window,bandwidth,avg_return,num_stocks,min_return,max_return,median_return,std_return
5,70,2.9999999999999996,471.13394323282614,86,-31.452580725665243,4064.6522209038403,307.68853960040383,593.0333674153327
