degree,window,bandwidth,avg_return,num_stocks,min_return,max_return,median_return,std_return
8,120,3.2999999999999994,383.11851113979964,86,-46.89498941337224,3222.825031580998,235.21226029486746,444.83861376087157
