degree,window,bandwidth,avg_return,num_stocks,min_return,max_return,median_return,std_return
5,70,0.7,597.7101432421982,86,-26.874661415058714,4475.692758004658,317.8127362996023,765.3552940590481
