degree,window,bandwidth,avg_return,num_stocks,min_return,max_return,median_return,std_return
2,90,0.7,334.46052924073524,86,-64.81649403819073,3114.5625203596637,228.1760626409819,438.46509519421437
