degree,window,bandwidth,avg_return,num_stocks,min_return,max_return,median_return,std_return
3,30,3.2999999999999994,414.5163600636631,86,-41.716898481981495,3015.2125173335453,250.795357365325,532.6130649386643
