degree,window,bandwidth,avg_return,num_stocks,min_return,max_return,median_return,std_return
8,70,3.599999999999999,215.55374058528432,86,-78.75176123730235,1140.503644100425,130.79859502274675,265.4365388159093
