degree,window,bandwidth,avg_return,num_stocks,min_return,max_return,median_return,std_return
4,90,2.7999999999999994,406.8317218414937,86,-58.0018437082136,6912.369648805008,227.2228647417794,777.9251441861209
