degree,window,bandwidth,avg_return,num_stocks,min_return,max_return,median_return,std_return
9,20,1.8999999999999997,606.6107385531252,86,-14.698998943847347,5148.832943983628,340.6212365779475,779.6561430573804
