degree,window,bandwidth,avg_return,num_stocks,min_return,max_return,median_return,std_return
2,30,1.5999999999999996,456.2091531723955,86,-38.45517814064185,4751.261587071808,333.4186919489158,627.6435828548107
