degree,window,bandwidth,avg_return,num_stocks,min_return,max_return,median_return,std_return
5,120,1.4999999999999998,323.23982926193804,86,-58.92158910474382,2536.8617632417286,226.35917928793748,403.08085773604745
