degree,window,bandwidth,avg_return,num_stocks,min_return,max_return,median_return,std_return
9,110,0.6,230.94720887462762,86,-81.94515306355659,1502.9545402064905,165.48388207313684,273.2118239434048
