degree,window,bandwidth,avg_return,num_stocks,min_return,max_return,median_return,std_return
6,20,2.5999999999999996,685.3660561319617,86,-37.64244254345546,5767.552371008162,375.95604554362603,950.247437054359
