degree,window,bandwidth,avg_return,num_stocks,min_return,max_return,median_return,std_return
5,100,1.0999999999999999,416.8216024119264,86,-49.71093343709375,3604.3663475139333,252.86343060690888,577.8476628856529
