degree,window,bandwidth,avg_return,num_stocks,min_return,max_return,median_return,std_return
9,50,3.499999999999999,304.5263685460779,86,-80.00556820570267,5825.667276951335,173.32036133740326,658.3047768079604
