degree,window,bandwidth,avg_return,num_stocks,min_return,max_return,median_return,std_return
3,60,1.0999999999999999,334.99582462374684,86,-72.75306593591321,1359.9585567418535,230.68770733710534,352.8838506701349
