degree,window,bandwidth,avg_return,num_stocks,min_return,max_return,median_return,std_return
4,100,1.0999999999999999,366.1376366838237,86,-62.13312280919836,4573.9472365458605,281.40405417798814,535.9343337514125
