degree,window,bandwidth,avg_return,num_stocks,min_return,max_return,median_return,std_return
6,50,0.9999999999999999,273.36680331377653,86,-81.40372940478348,4085.3457949444837,175.66427180678323,468.0465599045278
