degree,window,bandwidth,avg_return,num_stocks,min_return,max_return,median_return,std_return
6,40,3.7999999999999994,232.0340611399716,86,-85.617543068422,920.822755082402,209.73209868504125,225.44226220106887
