degree,window,bandwidth,avg_return,num_stocks,min_return,max_return,median_return,std_return
5,110,0.5,426.98414799665363,86,-58.69574624185137,2502.8501447861213,297.54061571691733,467.3461409811218
