degree,window,bandwidth,avg_return,num_stocks,min_return,max_return,median_return,std_return
4,20,1.8999999999999997,194.70313691939424,86,-81.38134115738869,1010.5334319025167,140.79074678444795,237.7528924029107
