degree,window,bandwidth,avg_return,num_stocks,min_return,max_return,median_return,std_return
1,100,2.1999999999999997,484.0866339036322,86,-79.69772623653309,5401.591292355725,340.46043884281937,663.3337124514585
