degree,window,bandwidth,avg_return,num_stocks,min_return,max_return,median_return,std_return
2,80,3.999999999999999,465.6144910406438,86,-66.29803649161776,4033.06986833308,252.88181131178777,641.7706167042593
