degree,window,bandwidth,avg_return,num_stocks,min_return,max_return,median_return,std_return
1,20,1.8999999999999997,443.9750431125638,86,-47.31399739023993,3323.4477665940567,302.1874660240033,512.8351460850731
