degree,window,bandwidth,avg_return,num_stocks,min_return,max_return,median_return,std_return
2,90,2.6999999999999993,347.22288008683586,86,-64.70015885237113,2157.5961479275675,236.5843474989747,398.702056963279
