degree,window,bandwidth,avg_return,num_stocks,min_return,max_return,median_return,std_return
5,110,2.9999999999999996,352.6232117213927,86,-79.24576232698327,4136.238650088679,223.69223379005962,529.513711752019
