degree,window,bandwidth,avg_return,num_stocks,min_return,max_return,median_return,std_return
1,70,3.7999999999999994,473.13092928930723,86,-69.13748073144673,2329.582706265774,387.16491375331395,496.10129765333386
