degree,window,bandwidth,avg_return,num_stocks,min_return,max_return,median_return,std_return
8,60,0.9999999999999999,305.76504748196106,86,-70.65792247315757,1597.734286336889,272.29391816512145,306.75829884913446
