degree,window,bandwidth,avg_return,num_stocks,min_return,max_return,median_return,std_return
2,80,1.4999999999999998,365.37375682227236,86,-67.46527266514727,2943.134018696228,209.9757215814427,459.5011648897098
