degree,window,bandwidth,avg_return,num_stocks,min_return,max_return,median_return,std_return
2,90,1.6999999999999997,386.44744061131155,86,-51.6236160814297,1512.540441398814,266.43169887624265,378.31922835481305
