degree,window,bandwidth,avg_return,num_stocks,min_return,max_return,median_return,std_return
9,90,3.499999999999999,263.43992758379073,86,-87.74173879404589,1789.4497795019436,187.0727417509411,329.9792587763847
