degree,window,bandwidth,avg_return,num_stocks,min_return,max_return,median_return,std_return
2,30,2.5999999999999996,363.91382598007596,86,-62.81163446657292,6208.819659607127,216.26513833881847,710.3370654283812
