degree,window,bandwidth,avg_return,num_stocks,min_return,max_return,median_return,std_return
5,20,1.1999999999999997,293.613395196882,86,-60.75265760782311,3070.8845679646315,170.0236312231567,431.56073853516335
