degree,window,bandwidth,avg_return,num_stocks,min_return,max_return,median_return,std_return
9,120,0.6,313.74516628933355,86,-71.66435454730016,2750.2068019015073,224.4243954835796,385.6038846693846
