degree,window,bandwidth,avg_return,num_stocks,min_return,max_return,median_return,std_return
1,90,0.5,386.743914607231,86,-52.652121109168974,2739.0729252791807,275.0268798867944,419.34937776323574
