degree,window,bandwidth,avg_return,num_stocks,min_return,max_return,median_return,std_return
3,80,2.3,403.57849093240816,86,-63.67944489320316,3377.059076086122,252.75126338223708,511.20600151561047
