degree,window,bandwidth,avg_return,num_stocks,min_return,max_return,median_return,std_return
4,50,1.7999999999999998,509.0937344322314,86,-49.77977548063851,2900.59196646335,312.0141769784518,546.6923934117074
