degree,window,bandwidth,avg_return,num_stocks,min_return,max_return,median_return,std_return
2,100,2.3999999999999995,353.547097299164,86,-80.1173498888201,2047.5321804108712,230.3325437278495,412.453191295925
