degree,window,bandwidth,avg_return,num_stocks,min_return,max_return,median_return,std_return
4,70,1.5999999999999996,317.1052747751943,86,-71.25419654675147,2678.9944219792596,238.41902460233388,407.94295533683226
