degree,window,bandwidth,avg_return,num_stocks,min_return,max_return,median_return,std_return
6,60,2.4999999999999996,313.4691095706407,86,-61.41583538872036,3151.9905218858207,182.09191031563728,468.2126343519927
