degree,window,bandwidth,avg_return,num_stocks,min_return,max_return,median_return,std_return
8,30,1.5999999999999996,784.6866080692514,86,-25.039524004693448,6113.255448276368,520.0993267534838,937.4985130942594
