degree,window,bandwidth,avg_return,num_stocks,min_return,max_return,median_return,std_return
8,100,3.8999999999999995,346.7267707343222,86,-74.50451904052838,1986.2237352566478,260.16924604370115,383.334533446685
