degree,window,bandwidth,avg_return,num_stocks,min_return,max_return,median_return,std_return
3,100,1.5999999999999996,411.73170027669335,86,-48.154071828964554,3006.978567223663,224.28261466909728,536.4548209481222
