degree,window,bandwidth,avg_return,num_stocks,min_return,max_return,median_return,std_return
7,40,1.5999999999999996,285.32150062345806,86,-73.82587359915591,1488.8155168897206,161.18387527432026,340.8447335112489
