degree,window,bandwidth,avg_return,num_stocks,min_return,max_return,median_return,std_return
5,70,2.5999999999999996,469.7000998543966,86,-36.11575361829678,2101.441186847086,329.30217444593814,455.5367299829048
