degree,window,bandwidth,avg_return,num_stocks,min_return,max_return,median_return,std_return
8,30,1.2999999999999998,783.2595794857584,86,-22.42115397557165,5599.2208613415005,578.3564939969924,866.5916232780811
