degree,window,bandwidth,avg_return,num_stocks,min_return,max_return,median_return,std_return
2,70,0.6,376.2018334180381,86,-58.34542969125136,2039.2493995165808,241.18695620371687,407.9206411068496
