degree,window,bandwidth,avg_return,num_stocks,min_return,max_return,median_return,std_return
5,30,0.6,341.5198152311172,86,-67.37037258496015,2339.8328422377313,184.22825428087936,463.98928245466345
