degree,window,bandwidth,avg_return,num_stocks,min_return,max_return,median_return,std_return
1,70,2.9999999999999996,539.7532197611636,86,-57.02599698211769,4510.258755736447,370.70032178469154,619.655324648841
