degree,window,bandwidth,avg_return,num_stocks,min_return,max_return,median_return,std_return
7,40,2.4999999999999996,304.035683859427,86,-65.23415930543798,1687.3871362299294,185.15087371968173,380.12806553420603
