degree,window,bandwidth,avg_return,num_stocks,min_return,max_return,median_return,std_return
3,100,2.3,347.67281216607734,86,-64.01021039225141,2279.580700941803,232.41855386972492,417.80005403568566
