degree,window,bandwidth,avg_return,num_stocks,min_return,max_return,median_return,std_return
5,20,2.4999999999999996,252.65301628297573,86,-68.96411331478326,1960.3614430697075,141.33363026031918,381.6529267713057
