degree,window,bandwidth,avg_return,num_stocks,min_return,max_return,median_return,std_return
9,70,1.4999999999999998,277.7930947157916,86,-68.62533826558162,1703.0834461752027,230.77001818071346,302.6994203930309
