degree,window,bandwidth,avg_return,num_stocks,min_return,max_return,median_return,std_return
1,20,2.3,478.3098706707347,86,-43.899385268293145,4482.487342514145,318.5136257389662,629.4153446230357
