degree,window,bandwidth,avg_return,num_stocks,min_return,max_return,median_return,std_return
6,110,3.0999999999999996,333.6781593823473,86,-60.671951359089036,2765.09430528667,234.98902323399113,456.4255358976294
