degree,window,bandwidth,avg_return,num_stocks,min_return,max_return,median_return,std_return
5,110,3.499999999999999,346.82201130190987,86,-76.57607774841019,3533.0284350751135,217.91033101034728,524.7338040646056
