degree,window,bandwidth,avg_return,num_stocks,min_return,max_return,median_return,std_return
4,30,3.599999999999999,415.86101898321635,86,-72.89192128190788,5672.432606670295,214.66785452872455,708.9606352705016
