degree,window,bandwidth,avg_return,num_stocks,min_return,max_return,median_return,std_return
5,60,0.7999999999999999,438.8372333321478,86,-57.11018668967729,2713.7930629639677,280.3676258430954,507.68365342990234
