degree,window,bandwidth,avg_return,num_stocks,min_return,max_return,median_return,std_return
1,50,1.0999999999999999,448.14158368921767,86,-70.24537946163699,2736.722783071933,269.88259972983997,523.2778230433978
