degree,window,bandwidth,avg_return,num_stocks,min_return,max_return,median_return,std_return
6,30,2.3,235.62567490104368,86,-78.02278792524976,1750.953093743812,141.86466680464252,289.5182916583074
