degree,window,bandwidth,avg_return,num_stocks,min_return,max_return,median_return,std_return
7,110,1.5999999999999996,426.56386744245845,86,-38.37742106379807,2350.538845801684,273.5138489931253,466.9482370886702
