degree,window,bandwidth,avg_return,num_stocks,min_return,max_return,median_return,std_return
2,120,3.0999999999999996,404.19012673962686,86,-75.65940776730129,4394.625703160651,262.82242860166446,674.8977956389913
