degree,window,bandwidth,avg_return,num_stocks,min_return,max_return,median_return,std_return
4,90,3.8999999999999995,283.67033881357077,86,-69.85841227434209,2196.801767658935,149.11614059635315,373.2903762046164
