degree,window,bandwidth,avg_return,num_stocks,min_return,max_return,median_return,std_return
3,30,2.1999999999999997,493.04182862468707,86,-58.835921429170845,2663.8824042557744,349.3420412537631,519.8719749825473
