degree,window,bandwidth,avg_return,num_stocks,min_return,max_return,median_return,std_return
5,40,3.2999999999999994,340.1078474066633,86,-55.886731678403734,5463.153812971976,235.01500514807282,623.1219101706663
