degree,window,bandwidth,avg_return,num_stocks,min_return,max_return,median_return,std_return
8,40,0.9999999999999999,429.80259900274353,86,-86.44439973100391,4505.079582054151,212.20616335573476,728.6306807874238
