degree,window,bandwidth,avg_return,num_stocks,min_return,max_return,median_return,std_return
6,20,3.499999999999999,578.266821141358,86,-62.17039756382397,4163.821657400863,452.58780347372243,649.9975130829895
