degree,window,bandwidth,avg_return,num_stocks,min_return,max_return,median_return,std_return
6,50,3.7999999999999994,350.2432769432712,86,-74.54944464905917,5591.980605372105,178.54834041379252,651.329930814923
