degree,window,bandwidth,avg_return,num_stocks,min_return,max_return,median_return,std_return
8,100,3.2999999999999994,381.5452827762854,86,-63.3240351724987,4476.661506265065,243.6711418839442,558.6267523380092
