degree,window,bandwidth,avg_return,num_stocks,min_return,max_return,median_return,std_return
8,80,3.3999999999999995,259.7441762393894,86,-67.06763419281114,1922.2320058022722,169.2280197645963,339.7175137472451
