degree,window,bandwidth,avg_return,num_stocks,min_return,max_return,median_return,std_return
9,60,3.499999999999999,339.50656240129456,86,-45.45485480103064,7261.457658142358,179.82376133472346,799.7578883945201
