degree,window,bandwidth,avg_return,num_stocks,min_return,max_return,median_return,std_return
4,80,3.599999999999999,334.7016763213585,86,-74.94069863661178,3738.075883386682,200.72978134444173,539.0354528731261
