degree,window,bandwidth,avg_return,num_stocks,min_return,max_return,median_return,std_return
4,30,3.2999999999999994,388.342685409631,86,-83.80390492931272,3905.9786750433,237.33470860350064,551.2351507663727
