degree,window,bandwidth,avg_return,num_stocks,min_return,max_return,median_return,std_return
3,50,3.7999999999999994,227.5096459431788,86,-78.24218714090318,1367.2286195478093,135.78317374882462,243.12241758582687
