degree,window,bandwidth,avg_return,num_stocks,min_return,max_return,median_return,std_return
6,30,1.0999999999999999,301.73099173485383,86,-82.26453494536486,2783.8795745194043,176.65910730092207,475.93743538421427
