degree,window,bandwidth,avg_return,num_stocks,min_return,max_return,median_return,std_return
2,110,3.1999999999999993,390.1354460226274,86,-72.55589525516957,3660.206022704501,232.60801581949642,565.9585705483715
