degree,window,bandwidth,avg_return,num_stocks,min_return,max_return,median_return,std_return
6,50,2.6999999999999993,253.23317347762548,86,-58.19321782790519,3249.545749747321,160.53705792975825,394.83438451981914
