degree,window,bandwidth,avg_return,num_stocks,min_return,max_return,median_return,std_return
1,30,0.6,386.605615847575,86,-60.57386720590259,1974.574803630623,193.06293340744605,428.76895897087235
