degree,window,bandwidth,avg_return,num_stocks,min_return,max_return,median_return,std_return
3,100,1.4999999999999998,389.6039406744097,86,-46.11811334749044,3050.5369929749977,216.03074637743575,508.9591261828211
