degree,window,bandwidth,avg_return,num_stocks,min_return,max_return,median_return,std_return
4,40,2.6999999999999993,424.21282767763546,86,-67.82579043975531,1976.179525216499,336.99466986209234,426.68611565668454
