degree,window,bandwidth,avg_return,num_stocks,min_return,max_return,median_return,std_return
7,80,1.2999999999999998,288.5583266231822,86,-70.2023268536077,4623.736792340536,202.60436582107397,528.0708141364029
