degree,window,bandwidth,avg_return,num_stocks,min_return,max_return,median_return,std_return
3,40,2.7999999999999994,459.4166336005891,86,-58.31396367524294,3185.0194363389282,317.6542184448554,563.735938622655
