degree,window,bandwidth,avg_return,num_stocks,min_return,max_return,median_return,std_return
2,70,3.3999999999999995,276.32686765730176,86,-63.472558954969436,2066.7729786834307,226.89013879077248,293.9654964064027
