degree,window,bandwidth,avg_return,num_stocks,min_return,max_return,median_return,std_return
2,50,2.8999999999999995,313.8618407848288,86,-77.36553609071552,1485.645178175576,202.19224548448335,332.1929344391088
