degree,window,bandwidth,avg_return,num_stocks,min_return,max_return,median_return,std_return
3,40,1.6999999999999997,460.94875891082694,86,-41.8218243887713,1829.5477360659188,361.23983846444895,404.2922776541802
