degree,window,bandwidth,avg_return,num_stocks,min_return,max_return,median_return,std_return
8,100,2.1999999999999997,326.95399847047366,86,-39.618267220451635,1850.4273251752338,242.53344304580233,333.8244308687524
