degree,window,bandwidth,avg_return,num_stocks,min_return,max_return,median_return,std_return
7,80,0.8999999999999999,330.14036659055705,86,-79.21727209376468,7594.72869436911,190.31863477725554,826.5422507782768
