degree,window,bandwidth,avg_return,num_stocks,min_return,max_return,median_return,std_return
9,30,1.5999999999999996,693.557861501248,86,-38.38986283003493,7840.135447967606,454.56552417571476,1026.3489730876695
