degree,window,bandwidth,avg_return,num_stocks,min_return,max_return,median_return,std_return
3,120,1.7999999999999998,373.8005464188503,86,-40.34046681506322,1740.8614906733508,224.32039802923055,399.86413150455843
