degree,window,bandwidth,avg_return,num_stocks,min_return,max_return,median_return,std_return
2,70,3.1999999999999993,291.23555384376084,86,-66.55563719867425,1649.0057857068862,244.27811370645512,304.6761685667945
