degree,window,bandwidth,avg_return,num_stocks,min_return,max_return,median_return,std_return
2,100,0.7,361.3617593728099,86,-70.81619010758297,3031.8484116855534,256.3579737846933,425.8554731199604
