degree,window,bandwidth,avg_return,num_stocks,min_return,max_return,median_return,std_return
7,70,0.8999999999999999,242.71158705023655,86,-83.83263046993443,1731.8529959929285,139.86963036109967,312.55418468141795
