degree,window,bandwidth,avg_return,num_stocks,min_return,max_return,median_return,std_return
2,20,2.9999999999999996,434.20436891984565,86,-68.06464481032334,2106.0990218124393,257.4916899212651,498.6435376158928
