degree,window,bandwidth,avg_return,num_stocks,min_return,max_return,median_return,std_return
6,80,0.7,475.3018172801243,86,-24.351360441530385,2575.565010507925,259.32634045842013,545.0062292701896
