degree,window,bandwidth,avg_return,num_stocks,min_return,max_return,median_return,std_return
4,40,3.6999999999999993,421.80523381959557,86,-38.04083504226675,4791.775608287333,227.49090628406685,691.1853883678131
