degree,window,bandwidth,avg_return,num_stocks,min_return,max_return,median_return,std_return
9,90,2.6999999999999993,268.16318888625136,86,-84.00273342152764,3131.736792977548,138.96852467412145,435.11923492629825
