degree,window,bandwidth,avg_return,num_stocks,min_return,max_return,median_return,std_return
2,100,1.5999999999999996,370.3164295747736,86,-61.10402533939793,2420.3215247490534,243.46715785426233,401.5287234347485
