degree,window,bandwidth,avg_return,num_stocks,min_return,max_return,median_return,std_return
9,40,0.6,500.05224448325623,86,-44.61905117284486,2965.298736660948,299.7468623607596,545.7566893679422
