degree,window,bandwidth,avg_return,num_stocks,min_return,max_return,median_return,std_return
9,30,3.1999999999999993,767.8852490885391,86,-29.75923060320645,7614.88981316738,484.5934690747372,1133.9394548682528
