degree,window,bandwidth,avg_return,num_stocks,min_return,max_return,median_return,std_return
6,50,1.8999999999999997,242.86592403183386,86,-84.43166099094906,3853.0717335775053,155.28426279984427,446.76206399516155
