degree,window,bandwidth,avg_return,num_stocks,min_return,max_return,median_return,std_return
4,80,3.499999999999999,342.7208271055035,86,-84.18102209982314,2770.460196666209,200.26781399977753,497.06055673733266
