degree,window,bandwidth,avg_return,num_stocks,min_return,max_return,median_return,std_return
3,80,1.1999999999999997,340.4475112072453,86,-56.462003892905024,3620.906073558836,235.11403450052342,445.5698479814811
