degree,window,bandwidth,avg_return,num_stocks,min_return,max_return,median_return,std_return
1,50,1.4,426.3562869777539,86,-67.87754095256044,2023.0990777345828,315.4520212815796,431.84659297734095
