degree,window,bandwidth,avg_return,num_stocks,min_return,max_return,median_return,std_return
3,100,2.7999999999999994,283.2676668742865,86,-69.95133508647712,2173.7218372927414,148.7931315823659,387.9508749122532
