degree,window,bandwidth,avg_return,num_stocks,min_return,max_return,median_return,std_return
3,110,0.5,362.96649681277194,86,-50.90410267311043,1785.5361021740912,259.4093111922829,361.34912341151346
