degree,window,bandwidth,avg_return,num_stocks,min_return,max_return,median_return,std_return
6,60,0.9999999999999999,247.4541841285439,86,-63.97658645531072,2223.6476960618884,141.47461085042988,318.30662312477585
