degree,window,bandwidth,avg_return,num_stocks,min_return,max_return,median_return,std_return
4,40,2.5999999999999996,417.8830601324615,86,-62.69410795101007,2203.177850175665,308.5318915404011,416.8639713398405
