degree,window,bandwidth,avg_return,num_stocks,min_return,max_return,median_return,std_return
4,60,0.6,611.0929644198258,86,-23.594725335831797,4859.223925739316,401.97404689052854,776.6739598502645
