degree,window,bandwidth,avg_return,num_stocks,min_return,max_return,median_return,std_return
9,80,3.499999999999999,200.8899166619881,86,-78.7790895978686,842.24090151924,132.35786578910523,200.4006852056647
