degree,window,bandwidth,avg_return,num_stocks,min_return,max_return,median_return,std_return
3,120,3.3999999999999995,257.65545575058866,86,-67.07133996649853,1339.1378028085976,194.165134364501,256.34505877378876
