degree,window,bandwidth,avg_return,num_stocks,min_return,max_return,median_return,std_return
8,60,2.8999999999999995,280.12536001696924,86,-83.22732674038697,1288.7309839658358,203.2183909650698,274.5115815365955
