degree,window,bandwidth,avg_return,num_stocks,min_return,max_return,median_return,std_return
7,70,1.8999999999999997,259.71587013873653,86,-74.93057541987288,3475.061982150369,154.88514032442217,426.94334714093844
