degree,window,bandwidth,avg_return,num_stocks,min_return,max_return,median_return,std_return
9,80,3.7999999999999994,255.00258150016242,86,-73.6246118486736,2092.0846934982605,139.7753774129652,333.48897396663426
