degree,window,bandwidth,avg_return,num_stocks,min_return,max_return,median_return,std_return
9,60,1.2999999999999998,298.59719983790984,86,-84.9929096952949,2095.373383452888,181.0475340772087,377.1870651020245
