degree,window,bandwidth,avg_return,num_stocks,min_return,max_return,median_return,std_return
2,50,3.499999999999999,318.67089150101185,86,-55.06575284972296,2845.6730587217503,176.84295595870526,456.56319941032876
