degree,window,bandwidth,avg_return,num_stocks,min_return,max_return,median_return,std_return
5,80,0.9999999999999999,543.7379635451273,86,-36.13405583762235,6327.266257779831,349.0426453930445,813.788266228051
