degree,window,bandwidth,avg_return,num_stocks,min_return,max_return,median_return,std_return
6,120,0.9999999999999999,449.9133594247084,86,-47.52532422290473,3842.8342398462355,309.3432082339953,627.2462129531123
