degree,window,bandwidth,avg_return,num_stocks,min_return,max_return,median_return,std_return
8,20,2.3,430.88138673975845,86,-12.944194419735194,2923.1075529283926,293.30772515811583,472.5633897182399
