degree,window,bandwidth,avg_return,num_stocks,min_return,max_return,median_return,std_return
9,120,3.2999999999999994,391.6977822375499,86,-50.42622640505898,3610.47463715891,222.3461003145878,501.2318996642053
