degree,window,bandwidth,avg_return,num_stocks,min_return,max_return,median_return,std_return
2,30,3.999999999999999,305.4675814861869,86,-41.96232659934703,1418.014333418402,232.1086508797026,310.4645839185632
