degree,window,bandwidth,avg_return,num_stocks,min_return,max_return,median_return,std_return
1,90,1.8999999999999997,477.49536546113063,86,-57.088821431546776,6652.935597960424,323.7639133149299,763.2016201411506
