degree,window,bandwidth,avg_return,num_stocks,min_return,max_return,median_return,std_return
4,80,3.1999999999999993,344.66419869531364,86,-74.99070733798393,2292.397746571412,233.87499064286862,410.9359857978864
