degree,window,bandwidth,avg_return,num_stocks,min_return,max_return,median_return,std_return
8,20,1.4999999999999998,438.733761033044,86,-6.979305262043491,2260.5961402225616,300.2943623103314,446.1687458477901
