degree,window,bandwidth,avg_return,num_stocks,min_return,max_return,median_return,std_return
2,90,1.1999999999999997,381.7872874164866,86,-56.06898957058492,2817.9754034757943,238.64768453418614,479.5970156303849
