degree,window,bandwidth,avg_return,num_stocks,min_return,max_return,median_return,std_return
7,40,1.1999999999999997,280.18445578009295,86,-75.19263719207443,1526.6806250296072,178.51467748021207,322.6892788421283
