degree,window,bandwidth,avg_return,num_stocks,min_return,max_return,median_return,std_return
6,30,3.599999999999999,237.4985169484811,86,-69.43681641140613,1177.0008903208995,190.93163641960817,253.2613079942159
