degree,window,bandwidth,avg_return,num_stocks,min_return,max_return,median_return,std_return
3,120,3.0999999999999996,299.0776945076998,86,-60.109785150792526,2211.507805901123,198.07052083209572,339.04755925452605
