degree,window,bandwidth,avg_return,num_stocks,min_return,max_return,median_return,std_return
7,100,3.7999999999999994,369.2264809712673,86,-47.4553077075124,1612.0068338773447,278.5565824233628,336.03199450190493
