degree,window,bandwidth,avg_return,num_stocks,min_return,max_return,median_return,std_return
2,80,3.0999999999999996,292.39830793617733,86,-64.09135069840468,975.6562706044567,233.34894851544544,254.2860257703148
