degree,window,bandwidth,avg_return,num_stocks,min_return,max_return,median_return,std_return
9,50,0.5,330.68414492219694,86,-68.20524592171085,3414.2551601898786,217.15825126406372,481.352301307759
