degree,window,bandwidth,avg_return,num_stocks,min_return,max_return,median_return,std_return
4,40,3.1999999999999993,484.1432958717094,86,-34.155608084318814,4526.107335298219,285.0427039410049,667.4535923308612
