degree,window,bandwidth,avg_return,num_stocks,min_return,max_return,median_return,std_return
2,80,2.4999999999999996,379.60692412169124,86,-65.84777487676755,2563.810740732673,270.893318543801,440.2218251801261
