degree,window,bandwidth,avg_return,num_stocks,min_return,max_return,median_return,std_return
2,30,1.2999999999999998,465.39031263229,86,-25.917891881565986,3299.1676882108777,314.81016797006816,500.773645100324
