degree,window,bandwidth,avg_return,num_stocks,min_return,max_return,median_return,std_return
3,60,2.9999999999999996,343.91678309262926,86,-75.79777268917553,2081.7707911309735,254.20508625162154,387.55607410295175
