degree,window,bandwidth,avg_return,num_stocks,min_return,max_return,median_return,std_return
6,20,2.3999999999999995,694.2592341225219,86,-45.47077929425035,5587.82452555077,393.54849491374966,941.7432860502001
