degree,window,bandwidth,avg_return,num_stocks,min_return,max_return,median_return,std_return
1,90,0.6,407.0684115691195,86,-48.55852000845069,2937.959172172757,299.0927155167835,451.5437636008872
