degree,window,bandwidth,avg_return,num_stocks,min_return,max_return,median_return,std_return
9,60,3.8999999999999995,317.35737703826874,86,-65.29476653075564,3676.4181736425753,184.24332119327255,464.03378963018747
