degree,window,bandwidth,avg_return,num_stocks,min_return,max_return,median_return,std_return
9,110,3.2999999999999994,335.593993962628,86,-53.124493244176016,3221.853280245207,216.38808794583423,486.1083010582911
