degree,window,bandwidth,avg_return,num_stocks,min_return,max_return,median_return,std_return
1,20,0.7,484.5167008576961,86,-61.59065429511132,1752.8962626004486,317.2711108513662,441.7328133877926
