degree,window,bandwidth,avg_return,num_stocks,min_return,max_return,median_return,std_return
8,50,0.6,356.44252359827016,86,-76.40311961471843,2393.6644424262195,209.49770022190899,481.9613311407256
