degree,window,bandwidth,avg_return,num_stocks,min_return,max_return,median_return,std_return
3,20,2.5999999999999996,352.81640380889394,86,-83.57394634942652,3157.390536681414,272.73845090701457,428.9742344196448
