degree,window,bandwidth,avg_return,num_stocks,min_return,max_return,median_return,std_return
6,80,3.599999999999999,448.45145443000644,86,-60.9188431351614,3842.6325523028454,248.27472453510288,632.7718790311159
