degree,window,bandwidth,avg_return,num_stocks,min_return,max_return,median_return,std_return
4,40,0.7999999999999999,331.54350722415927,86,-39.51334365709167,1659.2626104732017,217.75822126578478,382.26387524771314
