degree,window,bandwidth,avg_return,num_stocks,min_return,max_return,median_return,std_return
9,70,3.6999999999999993,248.8652825305931,86,-60.305121471320824,1394.7261635182197,183.15552964252103,275.6808288357777
