degree,window,bandwidth,avg_return,num_stocks,min_return,max_return,median_return,std_return
6,70,3.7999999999999994,394.9614348961044,86,-51.04045986785528,2354.1809346154932,258.75546828119053,475.1634326354957
