degree,window,bandwidth,avg_return,num_stocks,min_return,max_return,median_return,std_return
9,20,2.7999999999999994,624.2423081382339,86,-5.977755459862837,8174.766106013645,318.578787737256,1033.6394281213861
