degree,window,bandwidth,avg_return,num_stocks,min_return,max_return,median_return,std_return
3,70,0.7999999999999999,341.9617477917913,86,-51.61874777409645,2966.925303002775,244.41168567070568,443.0085460281341
