degree,window,bandwidth,avg_return,num_stocks,min_return,max_return,median_return,std_return
5,90,1.2999999999999998,425.3489320280595,86,-45.89349094257962,6858.86274479698,236.56832437988393,815.1258138840413
