degree,window,bandwidth,avg_return,num_stocks,min_return,max_return,median_return,std_return
3,90,1.5999999999999996,398.93103904728645,86,-62.027552965068644,4403.22788094977,220.3064993043596,611.7297159977919
