degree,window,bandwidth,avg_return,num_stocks,min_return,max_return,median_return,std_return
7,40,1.8999999999999997,305.71805628498964,86,-76.80494690765201,2053.6363444535687,161.52630599223917,411.755923256203
