degree,window,bandwidth,avg_return,num_stocks,min_return,max_return,median_return,std_return
8,80,0.7,251.1883182344892,86,-76.82058972253186,2639.2473348300955,175.1799269796803,358.1291221721548
