degree,window,bandwidth,avg_return,num_stocks,min_return,max_return,median_return,std_return
9,70,2.5999999999999996,285.07714328246664,86,-62.655515903286876,1643.5892554394577,241.97586037838036,305.19978257716895
