degree,window,bandwidth,avg_return,num_stocks,min_return,max_return,median_return,std_return
5,100,2.4999999999999996,343.5138543953627,86,-71.45226824964158,2817.458242437064,218.91460195699017,399.1436968662248
