degree,window,bandwidth,avg_return,num_stocks,min_return,max_return,median_return,std_return
3,70,3.999999999999999,247.01749150850333,86,-81.59145424918026,1333.8767476784535,175.93355817332633,283.030276757844
