degree,window,bandwidth,avg_return,num_stocks,min_return,max_return,median_return,std_return
6,70,3.1999999999999993,343.33889931798655,86,-66.04037012600415,1615.9834024162187,233.22508061746237,340.26803022253836
