degree,window,bandwidth,avg_return,num_stocks,min_return,max_return,median_return,std_return
5,120,0.8999999999999999,339.38449654028454,86,-81.26102742024027,2284.77418699943,257.01154997786955,397.03953558174175
