degree,window,bandwidth,avg_return,num_stocks,min_return,max_return,median_return,std_return
4,70,1.0999999999999999,458.159999148591,86,-39.13766149818828,8976.310829321317,278.7239360235591,1021.9737471816899
