degree,window,bandwidth,avg_return,num_stocks,min_return,max_return,median_return,std_return
3,90,2.9999999999999996,375.84509471075785,86,-70.41773336183837,6543.766986582878,197.65328671393155,772.1597627287481
