degree,window,bandwidth,avg_return,num_stocks,min_return,max_return,median_return,std_return
2,20,1.8999999999999997,482.17916864224406,86,-46.40324930403694,2006.4482196584927,420.0313285415095,390.862251595011
