degree,window,bandwidth,avg_return,num_stocks,min_return,max_return,median_return,std_return
5,110,2.3999999999999995,292.6213520353359,86,-69.34101153380209,1765.3857941370375,240.812910209913,295.7585452517669
