degree,window,bandwidth,avg_return,num_stocks,min_return,max_return,median_return,std_return
8,100,0.9999999999999999,286.41705203859334,86,-69.6120969749364,3913.3596625332893,178.4129042072044,463.0448110410088
