degree,window,bandwidth,avg_return,num_stocks,min_return,max_return,median_return,std_return
9,80,1.6999999999999997,255.7769289724717,86,-80.7934493504998,2327.4216052416377,176.90405295845312,332.8748649895116
