degree,window,bandwidth,avg_return,num_stocks,min_return,max_return,median_return,std_return
9,80,0.6,305.8603612203129,86,-70.84987961874707,2191.69836044187,177.75825617033792,387.88753158608074
