degree,window,bandwidth,avg_return,num_stocks,min_return,max_return,median_return,std_return
2,70,3.0999999999999996,315.1528963207294,86,-63.01839331020519,1830.6149723255353,221.65143095983566,363.64843214658293
