degree,window,bandwidth,avg_return,num_stocks,min_return,max_return,median_return,std_return
9,90,3.599999999999999,254.80918713320318,86,-89.01227345481156,1246.6479542118768,168.8489620566131,282.4184044539375
