degree,window,bandwidth,avg_return,num_stocks,min_return,max_return,median_return,std_return
7,100,2.3999999999999995,448.55232143665086,86,-39.67424901269284,3294.4410509991712,278.7886975405406,513.8789733539907
