degree,window,bandwidth,avg_return,num_stocks,min_return,max_return,median_return,std_return
6,50,1.4,368.49341609305276,86,-85.58246801949842,13344.68931411823,174.26187844304877,1426.5922574474885
