degree,window,bandwidth,avg_return,num_stocks,min_return,max_return,median_return,std_return
1,20,0.9999999999999999,484.8452539045886,86,-69.74486628171694,2424.397012475201,324.0217321256814,506.2593219040029
