degree,window,bandwidth,avg_return,num_stocks,min_return,max_return,median_return,std_return
2,50,2.3,367.5530681928307,86,-69.56531069381504,2411.034024501603,228.23475235362514,455.0353913857157
