degree,window,bandwidth,avg_return,num_stocks,min_return,max_return,median_return,std_return
4,50,3.499999999999999,467.34248752637365,86,-61.347107530991885,8065.891281894321,235.1818529941421,962.9472448824125
