degree,window,bandwidth,avg_return,num_stocks,min_return,max_return,median_return,std_return
6,60,3.499999999999999,443.9317054377926,86,-61.80224193539969,4370.480393247456,239.32056738784752,692.4734623041755
