degree,window,bandwidth,avg_return,num_stocks,min_return,max_return,median_return,std_return
3,70,1.4,332.80203951449784,86,-42.04645226101955,3854.4740853888306,235.5501754053604,485.6099840854443
