degree,window,bandwidth,avg_return,num_stocks,min_return,max_return,median_return,std_return
7,110,0.5,478.7063003257698,86,-41.842489469770406,2219.141973136256,270.6834281103643,533.798224718486
