degree,window,bandwidth,avg_return,num_stocks,min_return,max_return,median_return,std_return
2,30,1.1999999999999997,475.58742076858664,86,-47.279364401216434,2094.3441980178677,355.5760866739833,443.9012003047855
