degree,window,bandwidth,avg_return,num_stocks,min_return,max_return,median_return,std_return
7,80,2.4999999999999996,435.6125649602914,86,-58.873250414644296,11853.211815249555,242.84209504006765,1277.766767985059
