degree,window,bandwidth,avg_return,num_stocks,min_return,max_return,median_return,std_return
7,60,3.499999999999999,305.6457572266904,86,-88.5414331619478,8473.30133309396,140.47585377953575,911.754686577629
