degree,window,bandwidth,avg_return,num_stocks,min_return,max_return,median_return,std_return
8,120,1.4,426.6417775291813,86,-62.31631395295093,2905.7696435707444,274.7130126857045,526.769725985928
