degree,window,bandwidth,avg_return,num_stocks,min_return,max_return,median_return,std_return
8,100,1.4,281.8040242957373,86,-70.25531878469017,1964.360121621664,188.07359053646366,327.2522063150684
