degree,window,bandwidth,avg_return,num_stocks,min_return,max_return,median_return,std_return
1,120,3.599999999999999,475.09896800502605,86,-55.981325915132665,2523.843091676374,323.699036514595,494.6805727727656
