degree,window,bandwidth,avg_return,num_stocks,min_return,max_return,median_return,std_return
5,120,3.3999999999999995,309.01551792890456,86,-77.43151120111057,1339.1054563833698,231.02218660051628,281.51848059917626
