degree,window,bandwidth,avg_return,num_stocks,min_return,max_return,median_return,std_return
2,90,3.3999999999999995,321.0689017404094,86,-57.452550860481985,2248.2538083280565,196.8372144548058,403.909954018748
