degree,window,bandwidth,avg_return,num_stocks,min_return,max_return,median_return,std_return
7,110,3.8999999999999995,411.73900473731663,86,-46.11776583409694,2946.8116265340736,261.7372754350248,512.4118452915595
