degree,window,bandwidth,avg_return,num_stocks,min_return,max_return,median_return,std_return
8,50,3.1999999999999993,364.2277141355189,86,-53.16781708642071,3035.9278168692463,178.61213868868873,516.166530131041
