degree,window,bandwidth,avg_return,num_stocks,min_return,max_return,median_return,std_return
3,50,2.6999999999999993,348.45844212337715,86,-60.00497031008549,2138.5071963086334,217.8237144300544,379.95048201852154
