degree,window,bandwidth,avg_return,num_stocks,min_return,max_return,median_return,std_return
8,30,2.4999999999999996,760.6360731889259,86,-49.67511721387632,4306.508721089324,468.53882422657875,834.8168510932206
