degree,window,bandwidth,avg_return,num_stocks,min_return,max_return,median_return,std_return
4,80,3.999999999999999,253.38720064814453,86,-67.8849098271803,1282.9509535340046,140.3258349000121,292.3631843820206
