degree,window,bandwidth,avg_return,num_stocks,min_return,max_return,median_return,std_return
8,100,0.7,313.8205580077313,86,-60.85993756003564,7244.086904593943,174.1213129660174,789.1240618514871
