degree,window,bandwidth,avg_return,num_stocks,min_return,max_return,median_return,std_return
9,80,2.3,251.01804244826522,86,-91.79042206662584,3702.516852117124,190.86851831030415,418.85589398001156
