degree,window,bandwidth,avg_return,num_stocks,min_return,max_return,median_return,std_return
3,40,2.4999999999999996,465.905267881071,86,-53.99595635637805,2841.7774345532357,380.85552537694537,496.5756299283902
