degree,window,bandwidth,avg_return,num_stocks,min_return,max_return,median_return,std_return
6,110,3.2999999999999994,362.4560909408403,86,-64.48777144983111,4683.745362989121,222.07567861881375,585.6688833545851
