degree,window,bandwidth,avg_return,num_stocks,min_return,max_return,median_return,std_return
2,60,2.0999999999999996,442.1783485226448,86,-67.42252261708475,3910.4886925252026,250.91451402853804,611.625071762861
