degree,window,bandwidth,avg_return,num_stocks,min_return,max_return,median_return,std_return
9,20,1.0999999999999999,602.403492212105,86,-20.257879727121573,4920.887090687382,358.70289085861896,774.2948059659305
