degree,window,bandwidth,avg_return,num_stocks,min_return,max_return,median_return,std_return
2,120,1.7999999999999998,323.9318135285634,86,-70.7146263016374,1673.4869903987014,221.9983112390221,333.3113731181799
