degree,window,bandwidth,avg_return,num_stocks,min_return,max_return,median_return,std_return
9,70,0.7,333.5000308974557,86,-48.783006516995805,2878.1355379637575,222.87020866103893,470.80040534376036
