degree,window,bandwidth,avg_return,num_stocks,min_return,max_return,median_return,std_return
4,90,0.5,360.61968173397645,86,-59.20414429436348,1901.360410461567,242.07372533286483,401.7196667597775
