degree,window,bandwidth,avg_return,num_stocks,min_return,max_return,median_return,std_return
7,90,3.1999999999999993,356.44520081646783,86,-52.060458467969674,1539.2162481584203,284.8137235308158,329.7218624378813
