degree,window,bandwidth,avg_return,num_stocks,min_return,max_return,median_return,std_return
7,40,0.7999999999999999,288.83733809799713,86,-85.6427320791965,1845.8681591495247,186.97038099004533,355.3930188855091
