degree,window,bandwidth,avg_return,num_stocks,min_return,max_return,median_return,std_return
2,30,3.6999999999999993,274.5832023337656,86,-42.1780159824934,1551.5680546917627,184.70937962197252,319.24341328592675
