degree,window,bandwidth,avg_return,num_stocks,min_return,max_return,median_return,std_return
3,60,3.8999999999999995,266.98309972308914,86,-77.70335533711345,1634.5906867341828,155.65727340520633,318.2143432087719
