degree,window,bandwidth,avg_return,num_stocks,min_return,max_return,median_return,std_return
1,90,2.1999999999999997,464.1904489369315,86,-80.3936150065027,5149.385525322403,359.247389761139,622.4077797726276
