degree,window,bandwidth,avg_return,num_stocks,min_return,max_return,median_return,std_return
1,30,3.7999999999999994,482.33723884799764,86,-26.281184283889637,4372.704776374991,283.2233038278663,625.9140800953321
