degree,window,bandwidth,avg_return,num_stocks,min_return,max_return,median_return,std_return
2,60,1.4,365.728972321801,86,-55.518500113143276,3210.7631511527097,218.58314276592642,461.92830082050233
