degree,window,bandwidth,avg_return,num_stocks,min_return,max_return,median_return,std_return
5,20,3.0999999999999996,199.92866420023415,86,-62.6669303462624,1330.6515920222978,146.69055398156408,234.81931478443224
