degree,window,bandwidth,avg_return,num_stocks,min_return,max_return,median_return,std_return
5,120,1.0999999999999999,330.69014800493585,86,-74.74171607596081,2026.2209266865175,235.1897689638978,373.661349917074
