degree,window,bandwidth,avg_return,num_stocks,min_return,max_return,median_return,std_return
3,60,1.5999999999999996,346.10520079955586,86,-52.29476379907897,2454.903461900491,193.50799246013526,426.4362601610777
