degree,window,bandwidth,avg_return,num_stocks,min_return,max_return,median_return,std_return
7,90,2.1999999999999997,407.0999195985402,86,-27.650397136901695,2102.1900799496043,263.57720504676024,440.03281992575904
