degree,window,bandwidth,avg_return,num_stocks,min_return,max_return,median_return,std_return
7,40,3.6999999999999993,269.95688897346,86,-60.4226999964513,1900.146550829981,189.04063207706855,297.49681795884686
