degree,window,bandwidth,avg_return,num_stocks,min_return,max_return,median_return,std_return
9,30,3.599999999999999,728.8733829572328,86,-33.69574859510869,6373.127288748028,440.04675703710905,1010.1497199026657
