degree,window,bandwidth,avg_return,num_stocks,min_return,max_return,median_return,std_return
5,120,2.3,306.63499373824817,86,-62.412624120811685,1742.6755453818462,219.93019197810455,308.9146425983443
