degree,window,bandwidth,avg_return,num_stocks,min_return,max_return,median_return,std_return
9,110,0.7,227.5950521554633,86,-85.6416111256033,1679.2357189419108,162.3381830624859,283.1316800104193
