degree,window,bandwidth,avg_return,num_stocks,min_return,max_return,median_return,std_return
9,20,2.1999999999999997,611.344382881555,86,-7.575566776043033,5229.857317836327,339.25173290182306,816.1329329785211
