degree,window,bandwidth,avg_return,num_stocks,min_return,max_return,median_return,std_return
1,20,2.6999999999999993,443.2055326854925,86,-80.71936829502877,4789.396468856253,249.24352250783028,612.2727130218477
