degree,window,bandwidth,avg_return,num_stocks,min_return,max_return,median_return,std_return
4,100,1.7999999999999998,357.90970922669715,86,-42.20984030664607,2224.219123157506,286.04611271215987,389.07311869637914
