degree,window,bandwidth,avg_return,num_stocks,min_return,max_return,median_return,std_return
6,30,3.2999999999999994,244.2388149966647,86,-76.6642819201454,1012.009976686136,174.0655222383071,249.28311584823064
