degree,window,bandwidth,avg_return,num_stocks,min_return,max_return,median_return,std_return
3,80,0.7,350.998880730669,86,-43.64549536305989,3787.826698605526,233.00789323584297,477.48623979057754
