degree,window,bandwidth,avg_return,num_stocks,min_return,max_return,median_return,std_return
3,70,2.9999999999999996,339.15027569436177,86,-70.08556804584761,3348.4256050532254,209.01383022277594,470.05889151316853
