degree,window,bandwidth,avg_return,num_stocks,min_return,max_return,median_return,std_return
1,80,3.8999999999999995,464.45804847693717,86,-43.986956001282906,2288.6112196439335,404.8453989518817,428.7933721141817
