degree,window,bandwidth,avg_return,num_stocks,min_return,max_return,median_return,std_return
8,50,1.6999999999999997,360.53934039883853,86,-73.11621947698586,2536.0011780523896,171.58820455864227,534.8981151136859
