degree,window,bandwidth,avg_return,num_stocks,min_return,max_return,median_return,std_return
7,50,2.9999999999999996,294.9398176305601,86,-79.99373105689996,1457.0595248219677,214.2043416394307,320.58916421592045
