degree,window,bandwidth,avg_return,num_stocks,min_return,max_return,median_return,std_return
6,40,1.2999999999999998,267.37577952645137,86,-74.31790362474594,1251.0560309796563,192.00887507191655,284.40801347353886
