degree,window,bandwidth,avg_return,num_stocks,min_return,max_return,median_return,std_return
5,50,1.5999999999999996,303.0313818956796,86,-64.50423918465167,4482.528645956145,180.89197539837517,532.276908559999
