degree,window,bandwidth,avg_return,num_stocks,min_return,max_return,median_return,std_return
4,40,1.4,386.8083936871372,86,-63.04202548584771,4231.351814395742,208.94947537532914,563.4761405705696
