degree,window,bandwidth,avg_return,num_stocks,min_return,max_return,median_return,std_return
4,90,3.999999999999999,275.4373557310011,86,-72.38469091682413,1527.7260370916424,179.90304233453713,345.2475212936821
