degree,window,bandwidth,avg_return,num_stocks,min_return,max_return,median_return,std_return
5,60,3.999999999999999,401.55377809185666,86,-67.15074662518771,2387.1005046780315,239.50631454168115,473.67510143882095
