degree,window,bandwidth,avg_return,num_stocks,min_return,max_return,median_return,std_return
7,120,0.5,589.3484166966086,86,-53.43924890582742,4910.168469536132,375.8525629320813,780.0507726329455
