degree,window,bandwidth,avg_return,num_stocks,min_return,max_return,median_return,std_return
2,20,3.999999999999999,393.37644009127183,86,-76.34331416192795,6133.828909004317,186.72847690319057,747.7335444114365
