degree,window,bandwidth,avg_return,num_stocks,min_return,max_return,median_return,std_return
1,20,2.8999999999999995,484.64649228841137,86,-83.78500708521598,7443.441884161363,274.8748270581709,851.7573497431637
