degree,window,bandwidth,avg_return,num_stocks,min_return,max_return,median_return,std_return
4,60,3.3999999999999995,351.95244287869025,86,-49.7121897492813,3855.525523934811,166.66180887886108,581.7246332495935
