degree,window,bandwidth,avg_return,num_stocks,min_return,max_return,median_return,std_return
2,40,0.9999999999999999,409.2653433904306,86,-61.15685942141632,4770.668693543339,213.86145947654873,604.6397398985885
