degree,window,bandwidth,avg_return,num_stocks,min_return,max_return,median_return,std_return
4,30,2.4999999999999996,290.98016937254044,86,-73.4110733516734,4879.862398808809,179.43084868126482,563.8152690281742
