degree,window,bandwidth,avg_return,num_stocks,min_return,max_return,median_return,std_return
9,50,2.1999999999999997,294.3792533747649,86,-82.69058587431857,2426.9621707698166,174.28408706258358,435.76289383473113
