degree,window,bandwidth,avg_return,num_stocks,min_return,max_return,median_return,std_return
5,40,0.5,236.15609821591792,86,-81.9384872285659,1198.177395921024,182.2201729502409,228.43204374350083
