degree,window,bandwidth,avg_return,num_stocks,min_return,max_return,median_return,std_return
7,60,2.7999999999999994,223.6961701255782,86,-88.98930982859281,1208.7041430253234,136.25111729336038,254.52489609524824
