degree,window,bandwidth,avg_return,num_stocks,min_return,max_return,median_return,std_return
4,50,1.5999999999999996,611.0714192913267,86,-46.28708527880199,7996.956642833618,390.1939336861059,966.5772870192164
