degree,window,bandwidth,avg_return,num_stocks,min_return,max_return,median_return,std_return
9,70,2.7999999999999994,277.434214256395,86,-71.04173873983655,1873.7167044460143,197.2465744055262,301.82568709531205
