degree,window,bandwidth,avg_return,num_stocks,min_return,max_return,median_return,std_return
6,20,0.9999999999999999,815.8200794781965,86,-59.54480051163815,6557.615592843631,468.6492693683906,1151.7071041007218
