degree,window,bandwidth,avg_return,num_stocks,min_return,max_return,median_return,std_return
2,80,1.5999999999999996,381.97001139238,86,-66.75789614446089,2400.4236452846444,244.43092940701814,490.01314879145633
