degree,window,bandwidth,avg_return,num_stocks,min_return,max_return,median_return,std_return
5,60,0.8999999999999999,442.83969461742146,86,-47.46166053222779,2740.6762329689996,264.12864576477705,522.7413648058824
