degree,window,bandwidth,avg_return,num_stocks,min_return,max_return,median_return,std_return
3,120,2.1999999999999997,352.0371241560961,86,-55.65467517758233,2352.412894113719,214.1544581667794,418.17878061158024
