degree,window,bandwidth,avg_return,num_stocks,min_return,max_return,median_return,std_return
7,120,2.3,430.8394024216778,86,-51.803092545777396,3130.2784136790074,253.90863739410293,501.8525809098349
