degree,window,bandwidth,avg_return,num_stocks,min_return,max_return,median_return,std_return
8,90,3.3999999999999995,304.0255856412905,86,-69.31386637115509,4263.382172412548,148.24708866002453,558.2241916861743
