degree,window,bandwidth,avg_return,num_stocks,min_return,max_return,median_return,std_return
7,40,2.9999999999999996,297.72635386070704,86,-61.58231596738182,1820.5328938840669,172.57228657902135,384.39408210237264
