degree,window,bandwidth,avg_return,num_stocks,min_return,max_return,median_return,std_return
5,90,3.2999999999999994,318.4258308308888,86,-54.70317020857385,1859.579417603247,231.86046659469213,353.02875897336753
