degree,window,bandwidth,avg_return,num_stocks,min_return,max_return,median_return,std_return
2,40,0.7,423.07224981905284,86,-48.80863601060109,4018.2898751078346,241.40164208631614,577.0202888640929
