degree,window,bandwidth,avg_return,num_stocks,min_return,max_return,median_return,std_return
1,70,2.8999999999999995,516.6806185523399,86,-75.80955274529914,4800.64716048341,361.7389603266724,613.6349084797038
