degree,window,bandwidth,avg_return,num_stocks,min_return,max_return,median_return,std_return
6,80,1.8999999999999997,507.75863788158,86,-30.80775611600285,3440.234641110525,327.3951756755016,642.7343913420455
