degree,window,bandwidth,avg_return,num_stocks,min_return,max_return,median_return,std_return
3,110,3.999999999999999,288.812719794756,86,-70.22340137276788,2824.6085630098282,167.63568494672364,455.13390173606507
