degree,window,bandwidth,avg_return,num_stocks,min_return,max_return,median_return,std_return
1,120,2.3,524.9673563208701,86,-75.28968565447944,4408.192427474587,385.2711542681101,648.0393854166053
