degree,window,bandwidth,avg_return,num_stocks,min_return,max_return,median_return,std_return
3,90,2.0999999999999996,364.13454101029714,86,-63.17905898965407,2755.616687907432,211.90998438687507,456.4394350649741
