degree,window,bandwidth,avg_return,num_stocks,min_return,max_return,median_return,std_return
9,100,3.599999999999999,291.9933119187286,86,-76.60134857634364,4228.61627733866,171.2741832078703,567.7635686623938
