degree,window,bandwidth,avg_return,num_stocks,min_return,max_return,median_return,std_return
8,50,2.1999999999999997,360.5866655897996,86,-65.38145762552585,4349.53398789315,171.8992007593227,638.809272749196
