degree,window,bandwidth,avg_return,num_stocks,min_return,max_return,median_return,std_return
3,90,1.4,379.22118055572207,86,-61.77972959571058,2853.6931537885057,273.5867030900214,472.85066834974
