degree,window,bandwidth,avg_return,num_stocks,min_return,max_return,median_return,std_return
1,40,1.5999999999999996,481.8925745433807,86,-53.568489531561035,2990.8559582399976,299.5256285130423,518.4803605088837
