degree,window,bandwidth,avg_return,num_stocks,min_return,max_return,median_return,std_return
6,100,3.499999999999999,338.3225028008064,86,-52.23898290805933,3025.6118893565103,230.00288920233874,426.2020338543753
