degree,window,bandwidth,avg_return,num_stocks,min_return,max_return,median_return,std_return
3,60,2.0999999999999996,403.63051574403045,86,-65.36848421116547,3891.051022786799,223.4411851676976,558.8780520734238
