degree,window,bandwidth,avg_return,num_stocks,min_return,max_return,median_return,std_return
1,110,2.5999999999999996,554.037581975187,86,-80.46934891526179,4530.105566577247,319.4299599698043,687.6860008628707
