degree,window,bandwidth,avg_return,num_stocks,min_return,max_return,median_return,std_return
3,100,1.4,386.9190739780414,86,-47.862775906169944,3065.181119848166,240.30526054879783,485.98989462731294
