degree,window,bandwidth,avg_return,num_stocks,min_return,max_return,median_return,std_return
6,50,1.0999999999999999,280.2925081458388,86,-78.45394831668847,5333.973333549689,169.29431764155947,592.7765167878163
