degree,window,bandwidth,avg_return,num_stocks,min_return,max_return,median_return,std_return
7,40,2.3,293.13474076175294,86,-68.4708459755892,1591.2135656675387,171.2769619134754,356.6785401230293
