degree,window,bandwidth,avg_return,num_stocks,min_return,max_return,median_return,std_return
8,90,2.4999999999999996,241.7824513569487,86,-66.76466157621576,3406.2441969449155,136.70019055106482,413.05900020142
