degree,window,bandwidth,avg_return,num_stocks,min_return,max_return,median_return,std_return
4,90,1.8999999999999997,348.977715848077,86,-47.696154528979605,2814.8906053562805,281.22695146400565,430.55166492833723
