degree,window,bandwidth,avg_return,num_stocks,min_return,max_return,median_return,std_return
7,100,2.1999999999999997,454.9575507038259,86,-47.07095486103146,2141.669704255054,335.4790514186201,431.82669770514394
