degree,window,bandwidth,avg_return,num_stocks,min_return,max_return,median_return,std_return
6,30,1.1999999999999997,303.7985018332651,86,-77.14570974829554,3327.0095543007214,157.46907017568637,505.287115575111
