degree,window,bandwidth,avg_return,num_stocks,min_return,max_return,median_return,std_return
9,120,1.8999999999999997,372.39787204130954,86,-69.2846204989595,2343.9560074348824,267.11737432428123,378.47296544343175
