,Strategy_Return (%),Simple_Return (%)
2020,0.0,3.0041343251898436
2021,-29.42188903261264,32.43811496553613
2022,-81.91068866978732,-38.97980294570856
2023,236.96197273832502,69.58708782455744
2024,53.24673615780945,4.423318330886217
