,Strategy_Return (%),Simple_Return (%)
2023,0.0,20.85140464342303
2024,87.78145147679977,101.72780155084953
