,Strategy_Return (%),Simple_Return (%)
2022,19.827760867285342,83.41184220267871
2023,29.020542551562496,22.619197331424964
2024,14.303516250625078,43.16083300389117
