,Strategy_Return (%),Simple_Return (%)
2022,0.0,102.13381616449144
2023,-12.010568047291107,26.4438061944256
2024,23.36826194763733,16.89801528035792
