,Strategy_Return (%),Simple_Return (%)
2019,-7.9466775573722765,2.295554557862506
2020,85.3814525935818,164.76651408890922
2021,11.132171099403095,5.159747721459332
2022,10.916627287295553,-15.192353939389273
2023,29.69259489434052,43.100430138954735
2024,3.910275192655721,9.675005831637476
