,Strategy_Return (%),Simple_Return (%)
2022,0.0,-2.561869834467834
2023,-16.72706061706289,39.59576510381569
2024,15.679695088800422,13.241152779696408
