,Strategy_Return (%),Simple_Return (%)
2021,0.0,36.86090159322051
2022,38.08416058468954,-1.6671311194687102
2023,17.983763796524897,17.290055814050845
2024,-8.286011543447271,-23.418319452958794
