,Strategy_Return (%),Simple_Return (%)
2015,-8.127922271252501,64.58945408910375
2016,59.4267868768003,37.688665823481834
2017,17.971722062254067,42.153449364285066
2018,-3.400577430024528,12.806842359544401
2019,36.416465724464445,31.510578807323032
2020,38.1452892054869,25.754481009816203
2021,1.9443963318380915,5.617572380480204
2022,-13.384298475073866,-14.45289127534863
2023,8.317573778691889,17.232157666055006
2024,7.791554244790916,2.873627327552747
