,Strategy_Return (%),Simple_Return (%)
2015,0.0,41.116448391440976
2016,28.92578216156784,-2.1419360387647677
2017,29.601970921871594,51.69813461873613
2018,28.43100096279026,36.60365305270908
2019,8.401480356731064,13.575591188809197
2020,13.872370407981933,23.495555669371193
2021,18.57590660870383,15.370759521178295
2022,-18.0459958591659,-15.270158193495636
2023,14.938201816392302,20.56303155610337
2024,2.0342791217143428,-2.095782761239583
