degree,window,bandwidth,avg_return,num_stocks,min_return,max_return,median_return,std_return
9,70,2.0999999999999996,256.85107701808744,86,-64.9265853522891,1244.5054482183004,194.78440833867802,248.88960784058426
