degree,window,bandwidth,avg_return,num_stocks,min_return,max_return,median_return,std_return
8,120,2.9999999999999996,419.9171578391255,86,-53.773934184253235,2424.594451385175,253.41030519039174,467.88401389505435
