degree,window,bandwidth,avg_return,num_stocks,min_return,max_return,median_return,std_return
4,60,0.7999999999999999,560.0304599697412,86,-25.984043039547434,3626.983959454168,402.6200757425887,584.9000772972016
