degree,window,bandwidth,avg_return,num_stocks,min_return,max_return,median_return,std_return
6,40,0.5,267.4048377908648,86,-78.33319094947025,1431.947608621903,192.57459358028348,295.1906249000777
