degree,window,bandwidth,avg_return,num_stocks,min_return,max_return,median_return,std_return
8,80,3.599999999999999,254.9969406269626,86,-73.94733329056817,1585.6696401782838,175.88890245209043,307.76020443956514
