degree,window,bandwidth,avg_return,num_stocks,min_return,max_return,median_return,std_return
2,120,2.3999999999999995,331.0756825122167,86,-67.04587697386411,1832.7412157852145,260.6399005046501,320.8000753657355
