degree,window,bandwidth,avg_return,num_stocks,min_return,max_return,median_return,std_return
8,30,2.3,758.2114118630058,86,-45.573352314975835,5109.7962411931485,461.36667082221277,859.6168025921236
