degree,window,bandwidth,avg_return,num_stocks,min_return,max_return,median_return,std_return
1,20,0.5,505.2776360358354,86,-59.71188395890855,2608.2115776790365,332.6738871471136,510.0717065548944
