degree,window,bandwidth,avg_return,num_stocks,min_return,max_return,median_return,std_return
7,110,2.4999999999999996,460.55751918710877,86,-53.89575714799738,5372.524161761477,280.62555382983896,661.5164352563029
