degree,window,bandwidth,avg_return,num_stocks,min_return,max_return,median_return,std_return
2,80,3.599999999999999,407.63538600586213,86,-68.2611681475694,5083.505791776057,279.32372370758355,612.613676948516
