degree,window,bandwidth,avg_return,num_stocks,min_return,max_return,median_return,std_return
3,20,3.2999999999999994,385.0731750355182,86,-59.763819186938726,2703.2215739613666,243.0828155289299,467.534711574048
