degree,window,bandwidth,avg_return,num_stocks,min_return,max_return,median_return,std_return
2,120,3.3999999999999995,463.3101614926906,86,-72.21013033095886,5678.0196358875355,301.2922434009263,744.5101638433632
