degree,window,bandwidth,avg_return,num_stocks,min_return,max_return,median_return,std_return
4,110,0.7999999999999999,367.96795371647573,86,-62.078311994994436,5812.7498876687105,252.0847921522324,642.3867618524537
