degree,window,bandwidth,avg_return,num_stocks,min_return,max_return,median_return,std_return
2,80,2.9999999999999996,338.2461498763336,86,-67.26120375149979,1801.9754075942349,220.71441086646644,345.6592258937699
