degree,window,bandwidth,avg_return,num_stocks,min_return,max_return,median_return,std_return
9,70,0.7999999999999999,329.1948022989953,86,-51.717533882980604,2805.5441760247236,229.28325747742014,466.0354530832591
