degree,window,bandwidth,avg_return,num_stocks,min_return,max_return,median_return,std_return
5,20,1.8999999999999997,273.88587154151946,86,-63.064424055175785,2128.5949748328853,168.30961455816976,414.38872181774104
