degree,window,bandwidth,avg_return,num_stocks,min_return,max_return,median_return,std_return
1,110,1.4,400.8379577656619,86,-45.619502969130345,2848.9076368357837,318.0400537832231,422.5870081533993
