degree,window,bandwidth,avg_return,num_stocks,min_return,max_return,median_return,std_return
3,80,0.6,356.8840780279959,86,-36.161851741104115,3734.786183220888,240.8725769567058,477.1474666047165
