degree,window,bandwidth,avg_return,num_stocks,min_return,max_return,median_return,std_return
3,40,2.3,455.15538247805586,86,-24.93000330877221,2365.2947888825784,315.8028116101873,444.72107219227286
