degree,window,bandwidth,avg_return,num_stocks,min_return,max_return,median_return,std_return
3,30,3.499999999999999,363.29781302317605,86,-35.19216706060656,1980.075255202873,228.49062551116404,434.7702061485199
