degree,window,bandwidth,avg_return,num_stocks,min_return,max_return,median_return,std_return
6,100,1.4,415.43497378839464,86,-50.77588152653797,2913.964226876181,261.28308538868504,484.79273688205944
