degree,window,bandwidth,avg_return,num_stocks,min_return,max_return,median_return,std_return
7,40,1.6999999999999997,296.7235387747654,86,-75.58000541194595,1938.3893076262482,152.37463403956667,391.4576171939887
