degree,window,bandwidth,avg_return,num_stocks,min_return,max_return,median_return,std_return
4,90,1.0999999999999999,339.15789343424456,86,-48.84172907162715,2459.9327837907745,242.68150854203407,388.08585222408624
