degree,window,bandwidth,avg_return,num_stocks,min_return,max_return,median_return,std_return
4,80,2.9999999999999996,399.1223880610767,86,-68.6133110842174,6320.443410720352,237.63080800133451,745.2756191316739
