degree,window,bandwidth,avg_return,num_stocks,min_return,max_return,median_return,std_return
6,50,3.1999999999999993,288.33576482296036,86,-79.03696023697921,7783.787104650175,167.66640871776195,839.5599120887863
