degree,window,bandwidth,avg_return,num_stocks,min_return,max_return,median_return,std_return
8,110,3.999999999999999,367.69959063474073,86,-73.43119283703685,2748.4740490920317,231.4935127955979,455.03573140846845
