degree,window,bandwidth,avg_return,num_stocks,min_return,max_return,median_return,std_return
5,110,1.6999999999999997,321.5544731429162,86,-72.74575178127259,2085.007927420997,205.02886490476124,373.25782913588966
