degree,window,bandwidth,avg_return,num_stocks,min_return,max_return,median_return,std_return
2,40,0.5,392.8596239788577,86,-32.55410097633196,3169.043173203002,235.2485624942675,486.6303010505296
