degree,window,bandwidth,avg_return,num_stocks,min_return,max_return,median_return,std_return
8,70,3.999999999999999,215.35706589174075,86,-61.78010721502763,1401.75641753926,148.45364051290812,268.28157298372435
