degree,window,bandwidth,avg_return,num_stocks,min_return,max_return,median_return,std_return
6,30,0.8999999999999999,305.9646296252661,86,-81.50930299356942,2670.577420875319,146.49933540048244,482.77665503302063
