degree,window,bandwidth,avg_return,num_stocks,min_return,max_return,median_return,std_return
7,20,2.9999999999999996,697.0974979026615,86,-32.954525760519026,5943.271482965379,441.57694690072776,991.3610529091567
