degree,window,bandwidth,avg_return,num_stocks,min_return,max_return,median_return,std_return
1,40,0.6,384.0639662683752,86,-66.87753909512719,3272.9645851979512,232.81255926698924,490.67161417358955
