degree,window,bandwidth,avg_return,num_stocks,min_return,max_return,median_return,std_return
1,100,3.599999999999999,474.5667056217293,86,-42.41604266007683,2288.6112196439335,333.3175302291677,498.8684469361495
