degree,window,bandwidth,avg_return,num_stocks,min_return,max_return,median_return,std_return
6,20,0.6,770.6701673782972,86,-73.26138704166802,4563.803589627084,457.82885554551723,995.3356908165339
