degree,window,bandwidth,avg_return,num_stocks,min_return,max_return,median_return,std_return
2,20,2.3,477.73191271903727,86,-52.11546198227204,2242.573757813652,349.84476609311173,456.2462907169322
