degree,window,bandwidth,avg_return,num_stocks,min_return,max_return,median_return,std_return
8,40,1.1999999999999997,414.9556914441865,86,-80.20266420011649,3953.305629194284,226.0028804003528,687.9606905369311
