degree,window,bandwidth,avg_return,num_stocks,min_return,max_return,median_return,std_return
2,90,3.0999999999999996,365.16855880352637,86,-54.22431678481887,2456.916193928591,207.59505635230403,431.06450550772024
