degree,window,bandwidth,avg_return,num_stocks,min_return,max_return,median_return,std_return
5,100,1.7999999999999998,328.120080677729,86,-72.01364588527122,1802.2938380555672,216.73070891228303,367.21515419013093
