degree,window,bandwidth,avg_return,num_stocks,min_return,max_return,median_return,std_return
4,40,0.8999999999999999,342.9036161899929,86,-37.23736715428272,1910.5820112494932,234.6822102978606,370.28456365492525
