degree,window,bandwidth,avg_return,num_stocks,min_return,max_return,median_return,std_return
9,40,1.6999999999999997,441.48362778050694,86,-49.82016074764258,2187.8653817470577,318.49616485975093,474.5708334906934
