degree,window,bandwidth,avg_return,num_stocks,min_return,max_return,median_return,std_return
2,20,3.3999999999999995,373.1184299785288,86,-64.07219048530112,1604.470689514368,252.99131595788526,383.58894094450363
