degree,window,bandwidth,avg_return,num_stocks,min_return,max_return,median_return,std_return
1,80,1.4999999999999998,374.4203847448649,86,-58.86132205206243,3473.529539910122,240.71787849056577,484.96537785947976
