degree,window,bandwidth,avg_return,num_stocks,min_return,max_return,median_return,std_return
4,50,2.0999999999999996,445.63847128575316,86,-42.240940849902344,2536.4842821329203,356.9214221413238,432.36542209978927
