degree,window,bandwidth,avg_return,num_stocks,min_return,max_return,median_return,std_return
9,100,3.1999999999999993,220.60178064921791,86,-69.92440218742583,2443.750153693547,163.4879464378562,326.41286570273746
