degree,window,bandwidth,avg_return,num_stocks,min_return,max_return,median_return,std_return
9,30,3.7999999999999994,729.7689522167275,86,-28.011692369993234,5232.8936395810015,419.8876258439984,983.3367958398327
