degree,window,bandwidth,avg_return,num_stocks,min_return,max_return,median_return,std_return
5,100,0.7999999999999999,447.80731875829315,86,-72.5056989414728,5421.295364379123,286.10302957962745,699.6606817843946
