degree,window,bandwidth,avg_return,num_stocks,min_return,max_return,median_return,std_return
7,60,0.8999999999999999,216.0820770006405,86,-78.44758653896206,1653.5632949948542,148.26581214866167,250.4520480863445
