degree,window,bandwidth,avg_return,num_stocks,min_return,max_return,median_return,std_return
1,100,2.3,510.00666517005396,86,-79.69772623653309,6468.013686865017,353.16008307847534,777.498917590506
