degree,window,bandwidth,avg_return,num_stocks,min_return,max_return,median_return,std_return
5,120,3.599999999999999,335.1973890771835,86,-68.01999232507539,3118.479693406124,215.16964047037789,446.6316680683153
