degree,window,bandwidth,avg_return,num_stocks,min_return,max_return,median_return,std_return
3,110,3.1999999999999993,322.9562057975632,86,-38.794862717523905,2152.678910878936,219.70873352814047,377.0685228046495
