degree,window,bandwidth,avg_return,num_stocks,min_return,max_return,median_return,std_return
1,80,2.3999999999999995,482.3436689230562,86,-81.0608480853346,6001.087572675862,324.44639292327844,701.1852780918247
