degree,window,bandwidth,avg_return,num_stocks,min_return,max_return,median_return,std_return
3,80,1.7999999999999998,386.84523013869006,86,-51.30926994300842,2138.683220820406,242.392226697772,436.4804136083221
