degree,window,bandwidth,avg_return,num_stocks,min_return,max_return,median_return,std_return
8,120,3.8999999999999995,436.2478103772555,86,-45.293124202224426,5276.055458553321,226.0573981683026,682.7306426271599
