degree,window,bandwidth,avg_return,num_stocks,min_return,max_return,median_return,std_return
6,40,1.0999999999999999,260.1615823453628,86,-73.4798961174388,1044.4541885764186,212.35645145938497,266.8981090922731
