degree,window,bandwidth,avg_return,num_stocks,min_return,max_return,median_return,std_return
9,120,2.0999999999999996,378.2734672772585,86,-54.900832269067436,2468.1374377804736,254.12549618808282,400.2945938368945
