degree,window,bandwidth,avg_return,num_stocks,min_return,max_return,median_return,std_return
6,110,3.599999999999999,324.9505804180186,86,-59.682517020474876,1826.9259812171445,239.76276342339327,374.60847285410915
