degree,window,bandwidth,avg_return,num_stocks,min_return,max_return,median_return,std_return
2,20,3.499999999999999,375.77090612978446,86,-63.132661855981674,1927.092812827788,223.99977378597714,409.67135746585797
