degree,window,bandwidth,avg_return,num_stocks,min_return,max_return,median_return,std_return
5,120,0.6,348.6586668770384,86,-73.03398152631627,1932.2751132378705,244.00733487459385,338.15190425340273
