degree,window,bandwidth,avg_return,num_stocks,min_return,max_return,median_return,std_return
8,120,1.9999999999999996,421.81798203469833,86,-36.52337258596338,3632.0421013730715,274.94117358329504,539.3838902626883
