degree,window,bandwidth,avg_return,num_stocks,min_return,max_return,median_return,std_return
5,90,0.7999999999999999,527.4033368060285,86,-59.09942379896924,9565.686318041917,287.74349386701357,1124.626918613366
