degree,window,bandwidth,avg_return,num_stocks,min_return,max_return,median_return,std_return
2,90,0.8999999999999999,369.44150175368213,86,-59.83711412305237,2819.6102767146413,241.93717742665984,477.87340254074604
