degree,window,bandwidth,avg_return,num_stocks,min_return,max_return,median_return,std_return
1,30,3.0999999999999996,501.0690741883678,86,-68.74836602852056,4143.2622332484525,326.94214540290557,623.954754309504
