degree,window,bandwidth,avg_return,num_stocks,min_return,max_return,median_return,std_return
9,80,3.599999999999999,208.98942056522344,86,-78.20390735315587,889.5494472301032,154.1139179792976,212.99239261326517
