degree,window,bandwidth,avg_return,num_stocks,min_return,max_return,median_return,std_return
2,50,1.4,339.18120228902103,86,-58.757079100441715,1921.394426956799,221.4898773035937,384.31305889849415
