degree,window,bandwidth,avg_return,num_stocks,min_return,max_return,median_return,std_return
2,40,3.1999999999999993,291.64549668708446,86,-75.26071409879972,1332.8160064137667,177.95628809440956,316.96224064377117
