degree,window,bandwidth,avg_return,num_stocks,min_return,max_return,median_return,std_return
4,50,0.7999999999999999,667.1801062646695,86,-33.56593664707645,7068.35046402095,365.51387386967406,956.6206862362365
