degree,window,bandwidth,avg_return,num_stocks,min_return,max_return,median_return,std_return
7,100,1.6999999999999997,486.00926147116985,86,-51.962499246848125,6336.520501080197,284.5517703201581,793.4526482004442
