degree,window,bandwidth,avg_return,num_stocks,min_return,max_return,median_return,std_return
3,40,2.1999999999999997,470.1491356755566,86,-29.912973646419296,3097.7977660605657,340.6109247939209,497.57790481424036
