degree,window,bandwidth,avg_return,num_stocks,min_return,max_return,median_return,std_return
9,120,2.9999999999999996,386.7239899726421,86,-53.42514166478141,3222.049610792358,274.88534685194963,470.8539311113236
