degree,window,bandwidth,avg_return,num_stocks,min_return,max_return,median_return,std_return
2,30,2.3,390.5290057281702,86,-76.05118104238082,2966.811263035322,266.4956018366712,456.47348508819755
