degree,window,bandwidth,avg_return,num_stocks,min_return,max_return,median_return,std_return
2,90,2.9999999999999996,392.0832253945478,86,-62.205124544166026,2170.450129338145,243.93586796394004,429.12371715739994
