degree,window,bandwidth,avg_return,num_stocks,min_return,max_return,median_return,std_return
1,70,1.6999999999999997,440.87486425776456,86,-33.380867655331166,2721.8774240359894,275.90221545822817,512.8485434628494
