degree,window,bandwidth,avg_return,num_stocks,min_return,max_return,median_return,std_return
5,60,2.3999999999999995,431.9988274449698,86,-43.748890253013066,2343.340713351362,297.35747917979484,464.0408103070094
