degree,window,bandwidth,avg_return,num_stocks,min_return,max_return,median_return,std_return
8,70,2.4999999999999996,216.15259071806238,86,-90.762442765581,886.0772430533613,200.83981054449268,194.2500081038973
