degree,window,bandwidth,avg_return,num_stocks,min_return,max_return,median_return,std_return
5,60,0.5,482.11486036828865,86,-51.914495972775285,4177.449756376727,314.5621101965735,576.3216373279173
