degree,window,bandwidth,avg_return,num_stocks,min_return,max_return,median_return,std_return
5,100,1.4,373.4520425515853,86,-63.318385402573526,4205.572145213799,233.79172263227295,537.7345140577015
