degree,window,bandwidth,avg_return,num_stocks,min_return,max_return,median_return,std_return
3,80,1.9999999999999996,412.1715941181808,86,-58.7118305654492,5025.2030820849195,241.65948656762308,623.2065043046965
