degree,window,bandwidth,avg_return,num_stocks,min_return,max_return,median_return,std_return
3,120,2.8999999999999995,317.3069228532034,86,-50.27817451197569,1497.9609192167377,229.64135133573177,304.3759852265325
