degree,window,bandwidth,avg_return,num_stocks,min_return,max_return,median_return,std_return
1,70,1.9999999999999996,475.7949209603428,86,-68.02669764512731,5943.86715822577,290.6062083112039,739.4008981958649
