degree,window,bandwidth,avg_return,num_stocks,min_return,max_return,median_return,std_return
3,40,1.4,522.4831487002218,86,-36.14624038490647,3317.235536233444,361.33264811579124,519.7187366432757
