degree,window,bandwidth,avg_return,num_stocks,min_return,max_return,median_return,std_return
6,100,3.1999999999999993,421.56467703408146,86,-37.796544179947986,6870.421929647343,246.35544934469584,797.2506564906012
