degree,window,bandwidth,avg_return,num_stocks,min_return,max_return,median_return,std_return
3,100,2.1999999999999997,372.5170079974509,86,-66.4747838393891,5121.62147580145,207.32232995160075,614.6538953510125
