degree,window,bandwidth,avg_return,num_stocks,min_return,max_return,median_return,std_return
7,110,2.3,445.39050456705615,86,-42.0509285232013,2628.4320758784365,267.6425432031099,485.0441967245835
