degree,window,bandwidth,avg_return,num_stocks,min_return,max_return,median_return,std_return
8,60,3.6999999999999993,271.6783963006286,86,-77.98084685612665,1422.465229305998,211.8458146025645,281.6101089908955
