degree,window,bandwidth,avg_return,num_stocks,min_return,max_return,median_return,std_return
3,60,3.0999999999999996,319.4533244783115,86,-89.04121381235709,2131.5086499673293,206.648404444594,373.2228589240323
