degree,window,bandwidth,avg_return,num_stocks,min_return,max_return,median_return,std_return
7,60,1.7999999999999998,221.9933254040689,86,-80.81711198058635,2146.458076713933,190.809362683548,276.6842628512378
