degree,window,bandwidth,avg_return,num_stocks,min_return,max_return,median_return,std_return
3,100,3.1999999999999993,282.10720169354954,86,-57.31504500531689,1355.9237612597112,191.0623246717821,305.63547443051107
