degree,window,bandwidth,avg_return,num_stocks,min_return,max_return,median_return,std_return
8,20,0.9999999999999999,427.750404516411,86,-1.6441765448291699,2066.9086195702853,283.61220523231174,446.2222481469574
