degree,window,bandwidth,avg_return,num_stocks,min_return,max_return,median_return,std_return
4,70,2.9999999999999996,324.6971438035379,86,-35.54661250722093,2206.2625201887654,201.35546321357202,404.38607288282947
