degree,window,bandwidth,avg_return,num_stocks,min_return,max_return,median_return,std_return
1,20,2.7999999999999994,451.39023177767984,86,-80.63630352571369,4655.835465562363,271.6056697122173,618.5053620050886
