degree,window,bandwidth,avg_return,num_stocks,min_return,max_return,median_return,std_return
8,120,2.7999999999999994,431.14736248711745,86,-31.783472075586705,2627.9516609450457,292.7783019304376,493.1717228498465
