degree,window,bandwidth,avg_return,num_stocks,min_return,max_return,median_return,std_return
5,60,2.6999999999999993,406.45348619167135,86,-45.67566746229389,2582.4747562851553,303.8064610845711,418.27059665233526
