degree,window,bandwidth,avg_return,num_stocks,min_return,max_return,median_return,std_return
1,120,3.3999999999999995,479.41954146487285,86,-57.28808121789227,2887.6010035546537,353.3291212219199,487.5816788375714
