degree,window,bandwidth,avg_return,num_stocks,min_return,max_return,median_return,std_return
3,100,0.7999999999999999,361.18503364290746,86,-57.73399593999731,1947.5446704963836,239.85900477371587,398.21452018908155
