degree,window,bandwidth,avg_return,num_stocks,min_return,max_return,median_return,std_return
7,120,2.5999999999999996,430.29717312806207,86,-50.37999106226364,1973.3797637855466,270.20631176760037,422.3641330861228
