degree,window,bandwidth,avg_return,num_stocks,min_return,max_return,median_return,std_return
5,50,2.3,386.55653948276375,86,-73.44724409372854,7011.262559689178,213.8150503258987,792.5370648952509
