degree,window,bandwidth,avg_return,num_stocks,min_return,max_return,median_return,std_return
5,70,3.7999999999999994,371.5862926849337,86,-60.803865394107106,3165.328637566026,225.49765525617812,543.6728840927224
