degree,window,bandwidth,avg_return,num_stocks,min_return,max_return,median_return,std_return
4,90,3.599999999999999,313.1974540420726,86,-66.94993040463076,2165.9938785010313,215.72379319699536,385.6327842171473
