degree,window,bandwidth,avg_return,num_stocks,min_return,max_return,median_return,std_return
8,60,2.1999999999999997,335.7382453590302,86,-66.78309089336364,2050.6595988658964,261.00469866626037,375.5915366760147
