degree,window,bandwidth,avg_return,num_stocks,min_return,max_return,median_return,std_return
3,20,0.8999999999999999,328.76295924366997,86,-79.46100271700594,2434.1766698944703,236.22223716273353,378.43792119641
