degree,window,bandwidth,avg_return,num_stocks,min_return,max_return,median_return,std_return
9,90,2.3999999999999995,241.40481951522062,86,-81.48690209057186,2143.4386782087117,129.83567109842676,353.8842790665622
