degree,window,bandwidth,avg_return,num_stocks,min_return,max_return,median_return,std_return
9,60,3.0999999999999996,327.64798527198724,86,-57.82232681092907,3892.22843459727,173.62364621463217,529.9833712715136
