degree,window,bandwidth,avg_return,num_stocks,min_return,max_return,median_return,std_return
5,90,3.7999999999999994,280.00806343820534,86,-68.16432165868315,1778.4833605388344,191.74575592219537,301.1934705183956
