degree,window,bandwidth,avg_return,num_stocks,min_return,max_return,median_return,std_return
8,120,0.7999999999999999,438.63207418444875,86,-43.10161484531301,3188.9639567188647,264.9750963664044,526.6743547258426
