degree,window,bandwidth,avg_return,num_stocks,min_return,max_return,median_return,std_return
8,30,0.9999999999999999,820.7879308599005,86,-28.14898280998348,7843.896938196253,565.0189646479571,1042.1281223608498
