degree,window,bandwidth,avg_return,num_stocks,min_return,max_return,median_return,std_return
2,80,2.3999999999999995,375.65406110990665,86,-58.07096919224397,2082.9734740134363,251.5555084676446,428.803442411798
