degree,window,bandwidth,avg_return,num_stocks,min_return,max_return,median_return,std_return
7,100,3.0999999999999996,429.3552671151339,86,-70.95396717618301,3156.95793951049,248.52324041155163,563.7984699891534
