degree,window,bandwidth,avg_return,num_stocks,min_return,max_return,median_return,std_return
3,90,2.8999999999999995,367.3120999224384,86,-71.12042323760309,4323.958298952306,201.96707060834433,595.2389365622194
