degree,window,bandwidth,avg_return,num_stocks,min_return,max_return,median_return,std_return
4,120,2.9999999999999996,308.92612437817263,86,-59.99531908030528,1734.5918550462188,219.03770842507345,330.92201235836166
