degree,window,bandwidth,avg_return,num_stocks,min_return,max_return,median_return,std_return
7,90,1.9999999999999996,426.76914746969976,86,-38.7926904969564,2582.0450537341335,274.1038435638738,471.6944166798461
