degree,window,bandwidth,avg_return,num_stocks,min_return,max_return,median_return,std_return
3,50,3.3999999999999995,249.38902021004148,86,-72.23473736884435,1495.186716870739,170.92075034081034,288.77701329222924
