degree,window,bandwidth,avg_return,num_stocks,min_return,max_return,median_return,std_return
2,120,3.6999999999999993,419.6709786938625,86,-63.251302047043055,4613.592719840405,278.65746275762285,577.2802708162078
