degree,window,bandwidth,avg_return,num_stocks,min_return,max_return,median_return,std_return
4,110,1.2999999999999998,403.59220957994273,86,-60.09529578236472,5970.899381242846,276.63497979293356,676.4145770463356
