degree,window,bandwidth,avg_return,num_stocks,min_return,max_return,median_return,std_return
3,40,2.6999999999999993,450.7714954194634,86,-56.06862456194621,2752.3976337886284,319.46549150906617,523.740773523844
