degree,window,bandwidth,avg_return,num_stocks,min_return,max_return,median_return,std_return
5,120,1.7999999999999998,366.84316897145936,86,-56.85520699544635,3778.088542799135,242.61464271584117,549.5709320609104
