degree,window,bandwidth,avg_return,num_stocks,min_return,max_return,median_return,std_return
5,40,2.3,299.4027462920044,86,-61.26661000635296,6391.08111080414,171.06617128247478,704.8741156284644
