degree,window,bandwidth,avg_return,num_stocks,min_return,max_return,median_return,std_return
1,50,2.7999999999999994,450.4981006353446,86,-75.73380868814968,3015.0888906251525,324.9383193247358,535.2192703804087
