degree,window,bandwidth,avg_return,num_stocks,min_return,max_return,median_return,std_return
9,110,0.9999999999999999,225.85890927704213,86,-76.29098245024527,2080.293984387024,164.34797370836202,299.5771824070602
