degree,window,bandwidth,avg_return,num_stocks,min_return,max_return,median_return,std_return
6,110,0.9999999999999999,462.9535926550618,86,-61.25708431015941,2736.697651470827,304.413694841391,559.15979333216
