degree,window,bandwidth,avg_return,num_stocks,min_return,max_return,median_return,std_return
1,90,3.6999999999999993,516.7397808285479,86,-60.03028122829417,3999.8355932111826,346.62822159591633,634.1736381836823
