degree,window,bandwidth,avg_return,num_stocks,min_return,max_return,median_return,std_return
7,70,1.7999999999999998,253.00698142938217,86,-81.50599470145227,3698.2550189549,165.37750874754119,439.3874598626413
