degree,window,bandwidth,avg_return,num_stocks,min_return,max_return,median_return,std_return
7,120,3.6999999999999993,311.6131357670943,86,-52.423156105359844,1515.2085345811352,211.08027003368426,313.853032199592
