degree,window,bandwidth,avg_return,num_stocks,min_return,max_return,median_return,std_return
8,100,0.7999999999999999,301.0150835837224,86,-66.71248544026413,5333.1338932589215,174.14588317004464,596.9770974067204
