degree,window,bandwidth,avg_return,num_stocks,min_return,max_return,median_return,std_return
8,70,1.0999999999999999,234.27485196585084,86,-57.100701675868734,1716.979138724015,175.86085579388572,263.01044652259856
