degree,window,bandwidth,avg_return,num_stocks,min_return,max_return,median_return,std_return
4,90,2.1999999999999997,365.2808447049925,86,-50.44357503790812,3336.3399604597794,258.31202667083005,454.0043752825274
