degree,window,bandwidth,avg_return,num_stocks,min_return,max_return,median_return,std_return
3,110,3.499999999999999,347.06573648050363,86,-53.67198656133254,7053.084960938021,214.4499968807845,782.3103544129272
