degree,window,bandwidth,avg_return,num_stocks,min_return,max_return,median_return,std_return
5,110,1.1999999999999997,322.8558432265652,86,-49.864060044858874,2433.387870979973,222.54357670595363,399.7296666218109
