degree,window,bandwidth,avg_return,num_stocks,min_return,max_return,median_return,std_return
9,100,2.5999999999999996,207.9710093125171,86,-65.1959099352241,1228.4247642338732,147.18807629278461,232.31504976011988
