degree,window,bandwidth,avg_return,num_stocks,min_return,max_return,median_return,std_return
9,120,2.1999999999999997,396.48727793667945,86,-21.67171791426743,2797.0773244148245,275.38534383756496,434.04345653898935
