degree,window,bandwidth,avg_return,num_stocks,min_return,max_return,median_return,std_return
9,100,2.4999999999999996,219.56973356020052,86,-60.2545195851133,1564.163757789833,161.99465438681227,272.50735075649317
