degree,window,bandwidth,avg_return,num_stocks,min_return,max_return,median_return,std_return
5,60,1.6999999999999997,516.4106832576265,86,-44.60725150269711,2842.9982946401683,311.5070694493711,590.1093981974773
