degree,window,bandwidth,avg_return,num_stocks,min_return,max_return,median_return,std_return
2,120,3.599999999999999,410.3093315024919,86,-63.85103334445211,3983.049758372195,273.2930880777657,526.60309254248
