degree,window,bandwidth,avg_return,num_stocks,min_return,max_return,median_return,std_return
2,80,1.1999999999999997,353.42310667860767,86,-77.43528056876656,3282.557747492759,207.04091390627906,458.460071668655
