degree,window,bandwidth,avg_return,num_stocks,min_return,max_return,median_return,std_return
7,40,1.4,286.2274662750836,86,-71.02451363424676,1594.4157237559957,164.36040344663832,337.72719318092214
