degree,window,bandwidth,avg_return,num_stocks,min_return,max_return,median_return,std_return
1,100,1.8999999999999997,436.63990086450315,86,-28.962275244389495,4427.779297908869,342.62686641061,542.8743523253484
