degree,window,bandwidth,avg_return,num_stocks,min_return,max_return,median_return,std_return
7,70,0.9999999999999999,232.0930224821968,86,-82.14812838090342,1347.3553694672748,159.98872310096007,266.9346455018837
