degree,window,bandwidth,avg_return,num_stocks,min_return,max_return,median_return,std_return
9,120,2.3999999999999995,356.87876451344215,86,-33.62086587107891,1455.004832567697,262.5225403157806,354.6053794317946
