degree,window,bandwidth,avg_return,num_stocks,min_return,max_return,median_return,std_return
7,20,2.4999999999999996,746.9320283995585,86,-35.37704633849349,7546.457631523213,438.4896035080595,1165.0235382192323
