degree,window,bandwidth,avg_return,num_stocks,min_return,max_return,median_return,std_return
5,110,3.6999999999999993,331.5207297106065,86,-58.32774787505117,2270.2479705178334,227.60552520498612,403.4908640151532
