degree,window,bandwidth,avg_return,num_stocks,min_return,max_return,median_return,std_return
8,80,1.5999999999999996,211.18271116299147,86,-78.63061259310116,1144.2052233425877,137.16100970254467,249.96667708128248
