degree,window,bandwidth,avg_return,num_stocks,min_return,max_return,median_return,std_return
8,90,1.6999999999999997,255.50656628224885,86,-85.65004772465822,4294.5305304017675,143.1776500731114,504.25411502511446
