degree,window,bandwidth,avg_return,num_stocks,min_return,max_return,median_return,std_return
7,100,1.4999999999999998,501.0741156123688,86,-56.30478405013456,4428.877955455474,270.9533854202668,740.5393286533925
