degree,window,bandwidth,avg_return,num_stocks,min_return,max_return,median_return,std_return
4,20,0.7999999999999999,204.13650514991335,86,-80.31225370978707,1316.0458404702988,126.97737272901718,274.0893943652287
