degree,window,bandwidth,avg_return,num_stocks,min_return,max_return,median_return,std_return
9,60,2.1999999999999997,323.8439492912635,86,-82.75082951033299,2642.002496729925,169.9005503975314,477.06923371769665
