degree,window,bandwidth,avg_return,num_stocks,min_return,max_return,median_return,std_return
1,100,0.9999999999999999,408.0839544042072,86,-41.054691947424764,4380.765464968685,261.3984845777675,583.4406932603712
