degree,window,bandwidth,avg_return,num_stocks,min_return,max_return,median_return,std_return
7,50,1.2999999999999998,261.0896322782548,86,-88.21011314306197,1388.7244405151625,216.41242630421647,267.0262769612304
