degree,window,bandwidth,avg_return,num_stocks,min_return,max_return,median_return,std_return
4,60,1.7999999999999998,452.5215712630828,86,-49.10371025256038,3009.2953113064486,328.8932181297092,521.2369479058493
