degree,window,bandwidth,avg_return,num_stocks,min_return,max_return,median_return,std_return
5,20,3.2999999999999994,205.28281996552698,86,-62.041347263562095,1676.6815291251912,133.76381390433016,266.9186587786138
