degree,window,bandwidth,avg_return,num_stocks,min_return,max_return,median_return,std_return
7,20,1.9999999999999996,732.8692176142496,86,-32.77628202086208,7440.8052622884625,428.71964719855987,1114.7953535790245
