degree,window,bandwidth,avg_return,num_stocks,min_return,max_return,median_return,std_return
7,60,1.4,235.0632973126213,86,-84.79326675998183,3836.6363225281193,151.669665587351,431.1306979221688
