degree,window,bandwidth,avg_return,num_stocks,min_return,max_return,median_return,std_return
3,70,1.1999999999999997,311.61356500784683,86,-30.98266864606475,1998.4267036676752,233.87551242685532,338.2961289285299
