degree,window,bandwidth,avg_return,num_stocks,min_return,max_return,median_return,std_return
2,60,2.5999999999999996,369.6928262701943,86,-71.2694555908443,2028.558841460266,239.0646259659345,391.76322802463227
