degree,window,bandwidth,avg_return,num_stocks,min_return,max_return,median_return,std_return
3,40,3.7999999999999994,304.9806419561994,86,-70.76872933192287,2887.6739026134765,158.63878179468173,483.38352146627335
