degree,window,bandwidth,avg_return,num_stocks,min_return,max_return,median_return,std_return
5,90,3.6999999999999993,299.5756782818227,86,-72.21339492436255,3029.3158228891625,202.7838054730948,390.7267817050409
