degree,window,bandwidth,avg_return,num_stocks,min_return,max_return,median_return,std_return
1,30,0.7999999999999999,365.64904309363595,86,-56.948422961069134,1672.6567241920898,217.47964251039642,418.66357274735805
