degree,window,bandwidth,avg_return,num_stocks,min_return,max_return,median_return,std_return
8,110,2.4999999999999996,398.87500860934784,86,-51.41255302543279,3418.755664009056,293.15702221499913,463.41983513001543
