degree,window,bandwidth,avg_return,num_stocks,min_return,max_return,median_return,std_return
3,20,2.0999999999999996,373.4813270091668,86,-88.37751292947387,2595.9093803127294,253.45945858527915,429.07633994811573
