degree,window,bandwidth,avg_return,num_stocks,min_return,max_return,median_return,std_return
2,60,3.6999999999999993,505.1612914278152,86,-50.613180497429,12311.896128167766,227.56013743601386,1338.3973144184163
