degree,window,bandwidth,avg_return,num_stocks,min_return,max_return,median_return,std_return
1,50,3.999999999999999,483.7712978503912,86,-64.52249519738047,3090.5329945428907,311.9991014098897,603.042264177125
