degree,window,bandwidth,avg_return,num_stocks,min_return,max_return,median_return,std_return
9,70,2.4999999999999996,264.4944161143995,86,-65.36846058997286,1601.9111672474505,219.71357974243398,278.3722170758076
