degree,window,bandwidth,avg_return,num_stocks,min_return,max_return,median_return,std_return
1,50,3.499999999999999,440.9600248729146,86,-37.34793247997459,4129.784558420629,330.7849070728961,566.590528856726
