degree,window,bandwidth,avg_return,num_stocks,min_return,max_return,median_return,std_return
3,40,0.6,693.9038839411436,86,-68.21290816399363,7106.697028734642,441.6572165947333,975.8825586832669
