degree,window,bandwidth,avg_return,num_stocks,min_return,max_return,median_return,std_return
8,70,3.0999999999999996,254.8333199901607,86,-87.24447331757516,1545.0755161078418,165.61803392750699,279.3127714717449
