degree,window,bandwidth,avg_return,num_stocks,min_return,max_return,median_return,std_return
2,110,1.4,346.04124151392296,86,-81.79995827185557,1677.5961414134674,271.45543359481854,342.63094983987247
