degree,window,bandwidth,avg_return,num_stocks,min_return,max_return,median_return,std_return
2,120,3.7999999999999994,398.67354333242383,86,-62.90797777078181,2739.8366110700645,258.74673021961485,474.72058834148214
