degree,window,bandwidth,avg_return,num_stocks,min_return,max_return,median_return,std_return
7,80,3.3999999999999995,337.7982560113805,86,-58.42096881744251,1935.8417202321086,244.85063710792525,344.33445560351703
