degree,window,bandwidth,avg_return,num_stocks,min_return,max_return,median_return,std_return
1,90,2.8999999999999995,495.1581633423892,86,-78.62410760017599,2278.281537099816,379.51689734367835,500.2563658368804
