degree,window,bandwidth,avg_return,num_stocks,min_return,max_return,median_return,std_return
8,30,2.0999999999999996,772.8851383040893,86,-56.89528844594432,4614.533272580096,486.19035610621967,868.6697162009893
