degree,window,bandwidth,avg_return,num_stocks,min_return,max_return,median_return,std_return
2,20,1.4,501.38522067149336,86,-34.96054371568932,2739.288074776049,359.34105598445143,544.9213745723974
