degree,window,bandwidth,avg_return,num_stocks,min_return,max_return,median_return,std_return
3,90,1.9999999999999996,358.8102392868893,86,-68.2224869360322,2587.7463758096706,261.40841704500315,413.40733872658075
