degree,window,bandwidth,avg_return,num_stocks,min_return,max_return,median_return,std_return
5,50,3.7999999999999994,358.2960817599049,86,-64.41841433062268,2581.8941679465934,229.0278740147761,446.5790603817535
