degree,window,bandwidth,avg_return,num_stocks,min_return,max_return,median_return,std_return
8,60,3.8999999999999995,256.62924760758625,86,-73.92772506453157,1435.8476076364527,217.96483864094205,271.0297137973126
