degree,window,bandwidth,avg_return,num_stocks,min_return,max_return,median_return,std_return
4,40,2.3999999999999995,459.1593916757844,86,-78.10461030423124,3881.1106431401313,306.52004706173904,602.8158432643509
