degree,window,bandwidth,avg_return,num_stocks,min_return,max_return,median_return,std_return
5,20,1.4999999999999998,294.80956282489564,86,-72.50469386590186,2489.427662630442,165.42456788089135,430.0081032093887
