degree,window,bandwidth,avg_return,num_stocks,min_return,max_return,median_return,std_return
8,110,0.7999999999999999,434.4359266879421,86,-56.16115671731907,1858.6025077742015,257.47704924459475,455.86181976791966
