degree,window,bandwidth,avg_return,num_stocks,min_return,max_return,median_return,std_return
8,110,2.6999999999999993,339.2065566381846,86,-58.845977619973475,1944.3274364299555,272.2766250279891,344.8335893902181
