degree,window,bandwidth,avg_return,num_stocks,min_return,max_return,median_return,std_return
9,40,3.6999999999999993,347.37198506638805,86,-52.67878854555191,2693.8643388664705,236.435014229961,452.06094004205727
