degree,window,bandwidth,avg_return,num_stocks,min_return,max_return,median_return,std_return
5,40,2.3999999999999995,283.7205381900008,86,-69.02800836525216,3975.2657125867026,196.68806325932766,482.9110639372047
