degree,window,bandwidth,avg_return,num_stocks,min_return,max_return,median_return,std_return
7,100,1.8999999999999997,467.70988428036065,86,-55.11374454782217,2967.4211404993757,304.305425699085,563.1718163142782
