degree,window,bandwidth,avg_return,num_stocks,min_return,max_return,median_return,std_return
2,110,2.9999999999999996,366.92811056545867,86,-64.13942402490312,2832.430088448848,262.5566211771244,449.2267825260936
