degree,window,bandwidth,avg_return,num_stocks,min_return,max_return,median_return,std_return
7,30,3.599999999999999,223.72997099673464,86,-66.78495067947865,3147.845485855855,127.29494414404162,411.5990068629267
