degree,window,bandwidth,avg_return,num_stocks,min_return,max_return,median_return,std_return
2,50,2.4999999999999996,355.79396649305573,86,-63.16252650754932,2554.858507606101,228.86026859610405,421.2680054635334
