degree,window,bandwidth,avg_return,num_stocks,min_return,max_return,median_return,std_return
5,50,3.999999999999999,366.00592645736947,86,-61.33946961057393,2245.1648339465632,228.58293768143733,434.89211292714305
