degree,window,bandwidth,avg_return,num_stocks,min_return,max_return,median_return,std_return
6,110,2.0999999999999996,357.92513908001945,86,-54.38506478904602,2583.410753743196,263.4287169328944,387.17726675907045
