degree,window,bandwidth,avg_return,num_stocks,min_return,max_return,median_return,std_return
2,30,3.0999999999999996,315.15707793948593,86,-58.90080052569109,1701.5221610801846,191.1652117538186,399.51008878036436
