degree,window,bandwidth,avg_return,num_stocks,min_return,max_return,median_return,std_return
9,40,3.2999999999999994,356.2288412752871,86,-54.15963297446584,2366.0918421047536,208.81705984592176,440.60587374655694
