degree,window,bandwidth,avg_return,num_stocks,min_return,max_return,median_return,std_return
2,80,2.0999999999999996,391.7865228347821,86,-51.935490154429175,3116.3875737640888,215.57261944966504,508.6529004415676
