degree,window,bandwidth,avg_return,num_stocks,min_return,max_return,median_return,std_return
4,30,0.7999999999999999,244.83697253919115,86,-80.81717597130118,1816.875649388804,162.8479971538074,300.8845110088096
