degree,window,bandwidth,avg_return,num_stocks,min_return,max_return,median_return,std_return
4,20,1.9999999999999996,200.34437689764908,86,-82.05100680223532,960.9941713008631,152.5945612416865,232.53985542546494
