degree,window,bandwidth,avg_return,num_stocks,min_return,max_return,median_return,std_return
5,120,3.0999999999999996,393.4964087161788,86,-63.63938493707798,2735.46178381494,275.1521832812449,459.7581821375781
