degree,window,bandwidth,avg_return,num_stocks,min_return,max_return,median_return,std_return
8,110,0.9999999999999999,416.89642499442283,86,-51.33376730086514,2088.5295399581964,284.18112249832876,443.98963712073686
