degree,window,bandwidth,avg_return,num_stocks,min_return,max_return,median_return,std_return
5,20,3.6999999999999993,201.82932695362234,86,-61.21809510668792,1437.275901428495,128.48888019531836,236.01552787509956
