degree,window,bandwidth,avg_return,num_stocks,min_return,max_return,median_return,std_return
8,110,2.7999999999999994,341.2984091358322,86,-50.63558537798488,1545.438375532253,260.6010037314664,346.639529651934
