degree,window,bandwidth,avg_return,num_stocks,min_return,max_return,median_return,std_return
9,120,3.3999999999999995,396.0538087855173,86,-42.450692093482026,3426.308757288688,245.9133155238255,524.2794395744885
