degree,window,bandwidth,avg_return,num_stocks,min_return,max_return,median_return,std_return
2,110,3.0999999999999996,374.044397747114,86,-71.20802326902465,3958.844819718892,245.84314844802526,558.0407175201508
