degree,window,bandwidth,avg_return,num_stocks,min_return,max_return,median_return,std_return
5,110,2.5999999999999996,332.4847615863095,86,-33.26335054984024,1348.5149537044615,266.9572378569361,324.76025632797865
