degree,window,bandwidth,avg_return,num_stocks,min_return,max_return,median_return,std_return
6,20,1.9999999999999996,738.716008692031,86,-45.20402219102373,6230.2578819843875,399.4617943181876,1021.0775757178376
