degree,window,bandwidth,avg_return,num_stocks,min_return,max_return,median_return,std_return
2,110,2.3,324.9574062728686,86,-67.74667633571478,1637.931966649348,239.49564602380332,343.4789098361341
