degree,window,bandwidth,avg_return,num_stocks,min_return,max_return,median_return,std_return
8,30,3.2999999999999994,690.2291813869268,86,-49.5107698206312,3792.0225833599075,401.8189150262049,814.1979048415633
