degree,window,bandwidth,avg_return,num_stocks,min_return,max_return,median_return,std_return
6,80,3.8999999999999995,427.6909094626698,86,-56.25417624298264,4308.378834460746,269.0318550649706,592.9392202410185
