degree,window,bandwidth,avg_return,num_stocks,min_return,max_return,median_return,std_return
7,60,0.9999999999999999,224.69022562747074,86,-81.10742088713073,2195.6815379187465,157.48679165935306,289.34781580524276
