degree,window,bandwidth,avg_return,num_stocks,min_return,max_return,median_return,std_return
8,100,2.0999999999999996,322.0773565638054,86,-43.99846104766051,1154.8169021300212,241.4380701891632,292.69511949398475
