degree,window,bandwidth,avg_return,num_stocks,min_return,max_return,median_return,std_return
4,30,2.9999999999999996,340.47557062412346,86,-85.76360454568021,3391.157524022602,227.54410939480118,461.72190840692303
