degree,window,bandwidth,avg_return,num_stocks,min_return,max_return,median_return,std_return
7,70,2.6999999999999993,283.10524045877696,86,-75.94998145204559,3597.113862071179,158.7448531547139,464.7366264946863
