degree,window,bandwidth,avg_return,num_stocks,min_return,max_return,median_return,std_return
9,120,3.599999999999999,343.35036771905106,86,-48.50907445062562,2099.247636503571,252.94567829808585,378.55337634380294
