degree,window,bandwidth,avg_return,num_stocks,min_return,max_return,median_return,std_return
7,60,0.5,214.83239210912203,86,-74.98049648348437,1109.7497185844227,173.4559390593888,222.48036150289624
