degree,window,bandwidth,avg_return,num_stocks,min_return,max_return,median_return,std_return
7,60,3.1999999999999993,281.54738991962563,86,-81.04512122922924,6184.7154679500845,165.49632108813273,676.608823192264
