degree,window,bandwidth,avg_return,num_stocks,min_return,max_return,median_return,std_return
6,60,0.5,252.19288265220345,86,-82.42584221872113,1903.7343090451025,159.12292601650165,313.2698291290348
