degree,window,bandwidth,avg_return,num_stocks,min_return,max_return,median_return,std_return
3,120,1.4,366.27966238869993,86,-37.46066573069838,2678.416266679857,226.19139502808275,440.15472153667895
