degree,window,bandwidth,avg_return,num_stocks,min_return,max_return,median_return,std_return
6,60,1.9999999999999996,312.73181049511777,86,-52.88437203392146,5348.869986355891,206.20301152946615,599.9647955775563
