degree,window,bandwidth,avg_return,num_stocks,min_return,max_return,median_return,std_return
1,90,1.0999999999999999,395.21537220117574,86,-44.95639677698355,3358.493129190928,245.4413246788489,512.4994349642443
