degree,window,bandwidth,avg_return,num_stocks,min_return,max_return,median_return,std_return
2,120,2.7999999999999994,403.69365322974716,86,-75.65940776730129,2673.080830259546,266.0242112088438,469.3774073253465
