degree,window,bandwidth,avg_return,num_stocks,min_return,max_return,median_return,std_return
8,70,2.0999999999999996,195.6947383388076,86,-91.47679742698813,954.5518501276932,167.43263637440685,182.7772887416234
