degree,window,bandwidth,avg_return,num_stocks,min_return,max_return,median_return,std_return
7,100,3.6999999999999993,415.1338531765756,86,-42.24798128453994,2712.8996757304817,272.8672891893426,462.4480661816289
