degree,window,bandwidth,avg_return,num_stocks,min_return,max_return,median_return,std_return
4,120,2.8999999999999995,339.3539074319198,86,-62.326892883260975,2142.268262163059,182.91395844918233,416.9556737134425
