degree,window,bandwidth,avg_return,num_stocks,min_return,max_return,median_return,std_return
2,80,2.7999999999999994,353.4303474810105,86,-50.7888300786499,1928.861250126753,245.07737262837816,375.3471517782422
