degree,window,bandwidth,avg_return,num_stocks,min_return,max_return,median_return,std_return
2,100,2.4999999999999996,384.64944281674065,86,-81.53116075619047,2571.5981274967535,232.80089593906163,478.8421199302412
