degree,window,bandwidth,avg_return,num_stocks,min_return,max_return,median_return,std_return
8,20,1.6999999999999997,437.3602030479635,86,-10.89842477409662,2527.0172044104384,275.82871177880065,455.1390777107669
