degree,window,bandwidth,avg_return,num_stocks,min_return,max_return,median_return,std_return
6,80,1.9999999999999996,484.6537005386954,86,-19.89664851678746,3580.824828044254,356.99289144095553,582.6932324871308
