degree,window,bandwidth,avg_return,num_stocks,min_return,max_return,median_return,std_return
3,90,0.7999999999999999,363.1083395233214,86,-61.03545662514808,2511.968255290655,222.599867833144,438.38980957665484
