degree,window,bandwidth,avg_return,num_stocks,min_return,max_return,median_return,std_return
1,20,3.599999999999999,494.734590560467,86,-50.9135449802919,2357.155091612116,297.190242037355,555.997756288107
