degree,window,bandwidth,avg_return,num_stocks,min_return,max_return,median_return,std_return
7,50,3.1999999999999993,278.2012179593204,86,-75.69114404804435,2373.7104160043946,207.90425187483578,348.26572097389857
