degree,window,bandwidth,avg_return,num_stocks,min_return,max_return,median_return,std_return
7,70,0.5,232.15827494962215,86,-87.68441463860565,1390.135422444997,137.40821580466442,284.5964354790347
