degree,window,bandwidth,avg_return,num_stocks,min_return,max_return,median_return,std_return
4,70,1.8999999999999997,294.27298238033245,86,-84.46516662943013,2280.391826672234,204.53361812321793,366.9288288917991
