degree,window,bandwidth,avg_return,num_stocks,min_return,max_return,median_return,std_return
5,100,3.599999999999999,333.22526233310214,86,-65.29398825051416,2465.0603872106476,223.93883476398992,446.2087653108702
