degree,window,bandwidth,avg_return,num_stocks,min_return,max_return,median_return,std_return
8,100,2.3999999999999995,362.07015250107264,86,-29.348689624292312,2134.0647698059224,228.93094313596043,419.2536102150252
