degree,window,bandwidth,avg_return,num_stocks,min_return,max_return,median_return,std_return
1,70,1.4,420.57092022799856,86,-36.46165322270135,2508.449387679175,293.98105054716535,454.79279986030826
