degree,window,bandwidth,avg_return,num_stocks,min_return,max_return,median_return,std_return
9,100,1.4,214.18636875035494,86,-79.5973209936943,1421.8378830983775,143.74368066985954,265.0159880187154
