degree,window,bandwidth,avg_return,num_stocks,min_return,max_return,median_return,std_return
2,80,1.8999999999999997,371.0945971897452,86,-67.35998312348922,1948.2008969103238,214.69783906393326,432.9826273415819
