degree,window,bandwidth,avg_return,num_stocks,min_return,max_return,median_return,std_return
1,100,2.3999999999999995,553.8837654407869,86,-78.62001683976371,6265.542045079676,373.4891364764778,791.2679818661964
