degree,window,bandwidth,avg_return,num_stocks,min_return,max_return,median_return,std_return
2,70,1.5999999999999996,414.1823450503139,86,-74.91320914934177,3311.303540325079,270.8516189663661,562.8857640526998
