degree,window,bandwidth,avg_return,num_stocks,min_return,max_return,median_return,std_return
9,70,1.2999999999999998,283.1530604158292,86,-68.0682192122965,1734.4038436247222,217.52481582893927,324.8167453532863
