degree,window,bandwidth,avg_return,num_stocks,min_return,max_return,median_return,std_return
5,20,1.9999999999999996,275.9172975978959,86,-65.6733901191209,2526.8344854903803,165.74342059251808,446.0116454753758
