degree,window,bandwidth,avg_return,num_stocks,min_return,max_return,median_return,std_return
8,30,0.6,794.9029348424742,86,-29.78597963858663,7813.105076889479,554.9399077313088,1015.5381080650678
