degree,window,bandwidth,avg_return,num_stocks,min_return,max_return,median_return,std_return
8,40,1.2999999999999998,416.5719088419431,86,-83.80520276432395,3511.081648371492,210.3480538747986,672.9725892731842
