degree,window,bandwidth,avg_return,num_stocks,min_return,max_return,median_return,std_return
7,60,2.0999999999999996,208.64411270845338,86,-88.15281299670986,1126.6322281470768,180.6273394048902,208.54902599061762
