degree,window,bandwidth,avg_return,num_stocks,min_return,max_return,median_return,std_return
1,100,2.6999999999999993,556.5904600336085,86,-80.58226936972348,3951.8664642677045,321.04518770760905,693.7480115187836
