degree,window,bandwidth,avg_return,num_stocks,min_return,max_return,median_return,std_return
9,90,0.6,223.74164501890507,86,-82.88601868567379,2220.179648352648,136.66568831090132,338.6975532755405
