degree,window,bandwidth,avg_return,num_stocks,min_return,max_return,median_return,std_return
7,20,1.5999999999999996,760.3346411546464,86,-28.642042666265805,8053.676967098676,471.1220537103751,1226.7751640314366
