degree,window,bandwidth,avg_return,num_stocks,min_return,max_return,median_return,std_return
8,80,3.499999999999999,255.95000473089263,86,-74.81926316767913,1320.1876332169165,192.8629864741954,288.30981979614944
