degree,window,bandwidth,avg_return,num_stocks,min_return,max_return,median_return,std_return
5,90,3.0999999999999996,325.667848733176,86,-65.06819067059966,2552.3711498685893,225.37107960977752,374.7245967627773
