degree,window,bandwidth,avg_return,num_stocks,min_return,max_return,median_return,std_return
8,100,1.8999999999999997,303.7491557298655,86,-41.095660881708106,1373.075657766162,201.72395347763165,304.4647901513722
