degree,window,bandwidth,avg_return,num_stocks,min_return,max_return,median_return,std_return
2,80,3.1999999999999993,307.61931884285406,86,-48.47385272209361,988.9333931073827,246.7974986507672,257.1608855191202
