degree,window,bandwidth,avg_return,num_stocks,min_return,max_return,median_return,std_return
1,60,2.0999999999999996,436.44699578520715,86,-62.55803156364315,3251.946425099843,275.67314208833875,526.16471202253
