degree,window,bandwidth,avg_return,num_stocks,min_return,max_return,median_return,std_return
8,120,1.7999999999999998,424.592141703693,86,-52.702595848536824,2346.0565573756953,281.43788923480884,463.1612655417115
