degree,window,bandwidth,avg_return,num_stocks,min_return,max_return,median_return,std_return
6,40,1.6999999999999997,260.13343054276226,86,-65.76692185257467,1212.1466373375397,218.84519767820518,259.04180548876275
