degree,window,bandwidth,avg_return,num_stocks,min_return,max_return,median_return,std_return
7,40,2.6999999999999993,295.44620285161596,86,-59.942333905386604,1623.8929955378878,181.1061045255893,376.5367386189402
