degree,window,bandwidth,avg_return,num_stocks,min_return,max_return,median_return,std_return
7,30,3.7999999999999994,203.74560701820155,86,-63.984249854459385,2003.4305607938975,135.43141508892552,300.9469631389773
