degree,window,bandwidth,avg_return,num_stocks,min_return,max_return,median_return,std_return
4,70,1.2999999999999998,374.9519438608413,86,-39.939524633216024,3222.420569916494,241.0289106277961,561.8266404694537
