degree,window,bandwidth,avg_return,num_stocks,min_return,max_return,median_return,std_return
1,30,3.599999999999999,531.9036742222381,86,-38.58371079150215,3797.9093600315928,334.30645045070025,645.6118621363349
