degree,window,bandwidth,avg_return,num_stocks,min_return,max_return,median_return,std_return
1,40,0.7,390.05318290706174,86,-64.04146979483345,2881.208606258358,249.11002158361669,462.30536375656226
