degree,window,bandwidth,avg_return,num_stocks,min_return,max_return,median_return,std_return
5,80,1.6999999999999997,421.2812648744906,86,-38.60260156121104,2321.8085681295397,267.78670359513944,451.8313972136643
