degree,window,bandwidth,avg_return,num_stocks,min_return,max_return,median_return,std_return
8,70,0.7999999999999999,232.4514928904955,86,-72.90127461229726,1174.3104915594195,161.06382308526202,233.29473945942257
