degree,window,bandwidth,avg_return,num_stocks,min_return,max_return,median_return,std_return
5,100,0.9999999999999999,426.4830903381878,86,-59.0013627309635,3735.093147071912,252.75722830040115,605.7403989587233
