degree,window,bandwidth,avg_return,num_stocks,min_return,max_return,median_return,std_return
1,20,1.7999999999999998,476.63234498840563,86,-46.75163821219389,4336.165884519371,325.48287159942186,641.8815178211863
