degree,window,bandwidth,avg_return,num_stocks,min_return,max_return,median_return,std_return
1,70,3.1999999999999993,482.07428184218793,86,-40.09371630575996,3163.3671574918503,346.8325510529733,514.4765522867718
