degree,window,bandwidth,avg_return,num_stocks,min_return,max_return,median_return,std_return
3,60,3.2999999999999994,304.77029144731506,86,-84.65682153670315,1463.9725923151066,207.6916407500555,343.9696522070087
