degree,window,bandwidth,avg_return,num_stocks,min_return,max_return,median_return,std_return
1,100,3.1999999999999993,475.8261950177737,86,-48.53636739655079,2886.54604447159,349.1902222788583,483.04286757108355
