degree,window,bandwidth,avg_return,num_stocks,min_return,max_return,median_return,std_return
2,20,2.1999999999999997,506.5326807856845,86,-46.91806088151614,2553.660931692228,378.04725085647186,502.28571883931806
