degree,window,bandwidth,avg_return,num_stocks,min_return,max_return,median_return,std_return
9,120,1.4999999999999998,351.26729257782006,86,-49.96626066418345,2252.455984747609,227.99658268469096,401.7513454649615
