degree,window,bandwidth,avg_return,num_stocks,min_return,max_return,median_return,std_return
5,80,1.9999999999999996,400.18734176361056,86,-55.07233549983598,3200.398322816413,274.519652371049,487.19222046926205
