degree,window,bandwidth,avg_return,num_stocks,min_return,max_return,median_return,std_return
9,100,3.6999999999999993,301.4415263379638,86,-66.14896599842155,3745.815323754674,172.73969559309978,521.8707363338857
