degree,window,bandwidth,avg_return,num_stocks,min_return,max_return,median_return,std_return
7,90,0.6,370.94433047139887,86,-57.62011664398572,2464.144223512856,245.30221579741806,431.89234467065484
