degree,window,bandwidth,avg_return,num_stocks,min_return,max_return,median_return,std_return
8,60,3.3999999999999995,267.71240925756393,86,-80.49784182942119,1231.5334643908939,200.81765961861112,275.9231817065764
