degree,window,bandwidth,avg_return,num_stocks,min_return,max_return,median_return,std_return
8,90,2.5999999999999996,288.074289113537,86,-55.96898907515684,5882.7224516027145,162.8262920630301,649.2130520184179
