degree,window,bandwidth,avg_return,num_stocks,min_return,max_return,median_return,std_return
5,80,1.2999999999999998,468.2950245427901,86,-60.344341746406805,3719.5461793260924,347.3228479020547,542.5266357210055
