degree,window,bandwidth,avg_return,num_stocks,min_return,max_return,median_return,std_return
8,70,1.1999999999999997,229.0707185238515,86,-58.8777891242874,1033.8166885681992,159.43621327303265,225.36895528686205
