degree,window,bandwidth,avg_return,num_stocks,min_return,max_return,median_return,std_return
2,60,3.499999999999999,478.40685191194797,86,-40.07065671410032,8329.601006657318,196.33115638690276,979.7121118666728
