degree,window,bandwidth,avg_return,num_stocks,min_return,max_return,median_return,std_return
1,120,1.6999999999999997,426.0312248125352,86,-32.79694622140656,4080.506301259622,311.9758005928485,507.6611338800892
