degree,window,bandwidth,avg_return,num_stocks,min_return,max_return,median_return,std_return
6,60,0.7999999999999999,258.5348213687541,86,-70.86543955442077,2737.699565414123,150.47570137691372,369.53663712421377
