degree,window,bandwidth,avg_return,num_stocks,min_return,max_return,median_return,std_return
6,90,2.8999999999999995,427.15479949105725,86,-55.67018537040178,3993.8046723273123,268.84033531530997,559.2834883280672
