degree,window,bandwidth,avg_return,num_stocks,min_return,max_return,median_return,std_return
2,110,0.5,360.34201679551364,86,-71.10385354315908,2356.365923106181,223.28958453445014,400.29063353219215
