degree,window,bandwidth,avg_return,num_stocks,min_return,max_return,median_return,std_return
1,70,1.8999999999999997,438.7615765785063,86,-73.00094981823626,4002.472653928899,279.51565373447875,563.8500561133615
