degree,window,bandwidth,avg_return,num_stocks,min_return,max_return,median_return,std_return
8,60,1.6999999999999997,298.5569315807128,86,-75.70382305687032,1260.9940210778095,236.15201382426582,302.8971667712266
