degree,window,bandwidth,avg_return,num_stocks,min_return,max_return,median_return,std_return
1,80,2.7999999999999994,578.1244251376287,86,-79.12001406838736,9874.87793190615,382.36788865499545,1114.1599655555938
