degree,window,bandwidth,avg_return,num_stocks,min_return,max_return,median_return,std_return
7,40,0.5,318.8617605297618,86,-85.83669815476688,1824.1496198263817,218.72529825058055,395.15166249442535
