degree,window,bandwidth,avg_return,num_stocks,min_return,max_return,median_return,std_return
8,110,3.2999999999999994,403.7228990926958,86,-63.522689097684385,3305.2447677701693,268.762130991362,487.2992481866801
