degree,window,bandwidth,avg_return,num_stocks,min_return,max_return,median_return,std_return
9,90,3.999999999999999,257.2985562574951,86,-91.17252113220177,2224.6435801596062,173.7205856548666,347.8643426318693
