degree,window,bandwidth,avg_return,num_stocks,min_return,max_return,median_return,std_return
1,50,1.8999999999999997,442.77622674513555,86,-47.86898145859415,2809.3555783395823,320.4923431910614,493.43483009877826
