degree,window,bandwidth,avg_return,num_stocks,min_return,max_return,median_return,std_return
5,20,1.5999999999999996,293.85271781719194,86,-72.97271124740642,2544.6307615984983,173.4986785810506,434.10589996123315
