degree,window,bandwidth,avg_return,num_stocks,min_return,max_return,median_return,std_return
4,120,2.4999999999999996,354.7638290114959,86,-47.69858180641487,1912.4602864690708,212.0878699476158,413.35436068976935
