degree,window,bandwidth,avg_return,num_stocks,min_return,max_return,median_return,std_return
2,110,3.6999999999999993,392.9650307628866,86,-62.86874004626271,2889.2740595470514,284.23892309624824,451.4671786253509
