degree,window,bandwidth,avg_return,num_stocks,min_return,max_return,median_return,std_return
8,50,2.7999999999999994,306.06889792673445,86,-64.3818480899215,2016.2861463625347,156.85745829334644,368.9798913402005
