degree,window,bandwidth,avg_return,num_stocks,min_return,max_return,median_return,std_return
9,120,3.1999999999999993,393.1653926376628,86,-55.74786217099168,3900.238284811161,263.03987684448464,511.75065408722
