degree,window,bandwidth,avg_return,num_stocks,min_return,max_return,median_return,std_return
8,120,1.1999999999999997,392.57019595237404,86,-38.067074261080904,1974.4758519806214,289.33595663040603,398.71134494816556
