degree,window,bandwidth,avg_return,num_stocks,min_return,max_return,median_return,std_return
8,30,1.6999999999999997,801.6244445270037,86,-28.634371146754216,6707.350597282589,466.0070684665947,1012.5075051869038
