degree,window,bandwidth,avg_return,num_stocks,min_return,max_return,median_return,std_return
5,80,1.4999999999999998,443.8677475613438,86,-45.363184040065725,2510.2048944893463,306.8918599951354,508.4610814464059
