degree,window,bandwidth,avg_return,num_stocks,min_return,max_return,median_return,std_return
6,60,1.4999999999999998,270.0600075923694,86,-67.80423403293358,4198.540917840931,175.86516025463553,490.42740430762825
