degree,window,bandwidth,avg_return,num_stocks,min_return,max_return,median_return,std_return
3,70,0.7,333.2299305430441,86,-54.170715774369924,3673.239109079688,228.58685536888783,457.5722561034271
