degree,window,bandwidth,avg_return,num_stocks,min_return,max_return,median_return,std_return
4,60,2.1999999999999997,503.3875759721971,86,-44.55392950604706,5880.513454218146,303.6724605672521,793.6687247450384
