degree,window,bandwidth,avg_return,num_stocks,min_return,max_return,median_return,std_return
9,40,3.0999999999999996,377.3008308306202,86,-60.69963798298561,2354.3948335126474,206.8086622435875,469.87660178597713
