degree,window,bandwidth,avg_return,num_stocks,min_return,max_return,median_return,std_return
1,110,1.8999999999999997,448.06617419588565,86,-33.647536075734465,4501.89816883209,349.606419295415,540.0164952662635
