degree,window,bandwidth,avg_return,num_stocks,min_return,max_return,median_return,std_return
6,70,3.2999999999999994,354.9924306061223,86,-61.29917442244894,1683.8120726318846,221.29496597090161,380.5774665301294
