degree,window,bandwidth,avg_return,num_stocks,min_return,max_return,median_return,std_return
5,40,3.7999999999999994,335.9555681308191,86,-70.05919931518012,2007.3331203752061,202.0641270536181,413.5112279021293
