degree,window,bandwidth,avg_return,num_stocks,min_return,max_return,median_return,std_return
1,110,2.8999999999999995,571.0420178955524,86,-76.1487589796929,5550.587004240479,357.4292657917067,783.6309348470508
