degree,window,bandwidth,avg_return,num_stocks,min_return,max_return,median_return,std_return
2,70,3.2999999999999994,293.7919983232082,86,-67.13096915084562,2957.0241352058233,217.04403051950825,383.67206929383497
