degree,window,bandwidth,avg_return,num_stocks,min_return,max_return,median_return,std_return
2,100,3.8999999999999995,429.16996709086135,86,-49.106557493614964,2804.560896217213,254.04961022770675,511.54945678826044
