degree,window,bandwidth,avg_return,num_stocks,min_return,max_return,median_return,std_return
2,30,2.6999999999999993,328.2152953877874,86,-72.1710465626569,3104.580413358395,211.44607508557073,447.63331979496087
