degree,window,bandwidth,avg_return,num_stocks,min_return,max_return,median_return,std_return
2,30,3.7999999999999994,301.3462169575805,86,-47.88032619332313,1505.836041713093,194.34825090305569,324.9248482194927
