degree,window,bandwidth,avg_return,num_stocks,min_return,max_return,median_return,std_return
5,60,1.2999999999999998,498.9334040222821,86,-50.28590440713355,3341.89031991215,299.7950572770694,601.1252802514698
