degree,window,bandwidth,avg_return,num_stocks,min_return,max_return,median_return,std_return
1,30,1.8999999999999997,433.0026865336368,86,-61.35921877456536,2776.192389744099,279.66524997594547,498.38634672804824
