degree,window,bandwidth,avg_return,num_stocks,min_return,max_return,median_return,std_return
8,20,2.3999999999999995,432.4913740145395,86,-12.758222212603995,2573.9910676104264,284.81545944552977,464.2721638203343
