degree,window,bandwidth,avg_return,num_stocks,min_return,max_return,median_return,std_return
1,70,1.5999999999999996,428.78938607637417,86,-34.19287835647925,1998.944200061106,268.7869324120093,461.4282325261944
