degree,window,bandwidth,avg_return,num_stocks,min_return,max_return,median_return,std_return
2,70,0.9999999999999999,349.50763239216764,86,-71.1408900785649,2573.792249039443,240.21134654448826,438.6380428428626
