degree,window,bandwidth,avg_return,num_stocks,min_return,max_return,median_return,std_return
7,50,3.8999999999999995,231.34553437538452,86,-72.28386691733672,1254.0394183859853,141.01007637262182,265.46689282277737
