degree,window,bandwidth,avg_return,num_stocks,min_return,max_return,median_return,std_return
5,40,3.499999999999999,362.4203894356333,86,-51.038339140270296,5763.717590211143,236.89518617675515,657.5901001116619
