degree,window,bandwidth,avg_return,num_stocks,min_return,max_return,median_return,std_return
1,40,0.8999999999999999,410.65128928355193,86,-57.69119856434576,2706.732508245832,275.9119864018186,468.88049503020716
