degree,window,bandwidth,avg_return,num_stocks,min_return,max_return,median_return,std_return
8,120,1.4999999999999998,415.3777330949302,86,-59.5271480293459,2379.7170014650997,273.44966088684856,476.59810101966355
