degree,window,bandwidth,avg_return,num_stocks,min_return,max_return,median_return,std_return
1,80,1.6999999999999997,440.3429172006463,86,-40.39366639890861,4814.965049234444,282.7883061815316,640.1569235591473
