degree,window,bandwidth,avg_return,num_stocks,min_return,max_return,median_return,std_return
3,70,1.0999999999999999,330.74661190587216,86,-35.44597747718546,2546.6382671576557,248.69332756340665,422.7673775586431
