degree,window,bandwidth,avg_return,num_stocks,min_return,max_return,median_return,std_return
8,120,2.8999999999999995,420.14989593692906,86,-38.161017796932676,2818.2318643953513,272.778748304394,472.58743533483994
