degree,window,bandwidth,avg_return,num_stocks,min_return,max_return,median_return,std_return
7,70,2.0999999999999996,277.8243881444944,86,-75.93709857525388,4339.871155075675,168.31317413906095,505.15672796787663
