degree,window,bandwidth,avg_return,num_stocks,min_return,max_return,median_return,std_return
7,30,2.4999999999999996,234.4335939007221,86,-63.016197096048124,1303.669268695626,161.83840986269917,267.9779235763736
