degree,window,bandwidth,avg_return,num_stocks,min_return,max_return,median_return,std_return
3,100,1.0999999999999999,369.06349675361326,86,-66.84286428451038,2474.4037454457507,232.9216859411824,405.84266975584353
