degree,window,bandwidth,avg_return,num_stocks,min_return,max_return,median_return,std_return
8,20,2.0999999999999996,438.6495385970137,86,-11.607696478052713,2983.896092397823,306.6748397718863,470.57815824914024
