degree,window,bandwidth,avg_return,num_stocks,min_return,max_return,median_return,std_return
7,20,2.3999999999999995,723.5961233309137,86,-35.764292803006434,6624.910539809469,435.3337866785651,1050.6877075565246
