degree,window,bandwidth,avg_return,num_stocks,min_return,max_return,median_return,std_return
9,80,0.7,277.5885348882143,86,-71.01515403881493,1799.4119620849863,183.0373765592119,314.8480959483011
