degree,window,bandwidth,avg_return,num_stocks,min_return,max_return,median_return,std_return
7,100,3.2999999999999994,405.051463983229,86,-78.9406195165175,2447.958311242476,278.5088976813379,452.0288197707973
