degree,window,bandwidth,avg_return,num_stocks,min_return,max_return,median_return,std_return
9,60,2.8999999999999995,318.28625771972514,86,-65.2721428334069,3703.0918031617816,168.47435943280243,486.2455029063829
