degree,window,bandwidth,avg_return,num_stocks,min_return,max_return,median_return,std_return
1,120,2.9999999999999996,549.5796697751211,86,-69.89588856447372,4815.577419375095,361.4526483062663,740.5935444984129
