degree,window,bandwidth,avg_return,num_stocks,min_return,max_return,median_return,std_return
7,60,3.6999999999999993,358.9879854445436,86,-85.94977676982931,13726.285033707463,152.81771857517302,1465.3137801198409
