degree,window,bandwidth,avg_return,num_stocks,min_return,max_return,median_return,std_return
7,60,2.6999999999999993,201.88677449963384,86,-90.77103465838114,1076.2497622769197,139.5906951614288,225.79586614193673
