degree,window,bandwidth,avg_return,num_stocks,min_return,max_return,median_return,std_return
9,110,2.9999999999999996,276.30188813924815,86,-51.063772405917575,1747.875601863553,186.66793026631805,295.1030097454332
