degree,window,bandwidth,avg_return,num_stocks,min_return,max_return,median_return,std_return
8,70,3.7999999999999994,204.32276902841372,86,-77.12442458705236,1249.5439471785019,130.77950096330704,256.85154141113594
