degree,window,bandwidth,avg_return,num_stocks,min_return,max_return,median_return,std_return
5,100,2.6999999999999993,322.03755934731214,86,-78.55994423771472,1430.9334772424825,207.9707030183134,329.4979784198854
