degree,window,bandwidth,avg_return,num_stocks,min_return,max_return,median_return,std_return
9,20,3.499999999999999,587.7816185275736,86,-1.1126675705743765,5447.819434181673,324.8756769618515,815.7199403402288
