degree,window,bandwidth,avg_return,num_stocks,min_return,max_return,median_return,std_return
7,90,1.1999999999999997,395.67184871050006,86,-53.44769341682208,2179.7254890510817,245.57293330175042,454.21000205446376
