degree,window,bandwidth,avg_return,num_stocks,min_return,max_return,median_return,std_return
7,120,2.0999999999999996,444.2805235547868,86,-46.68025824206848,2521.5995183175005,276.25678843786346,465.7674800646677
