degree,window,bandwidth,avg_return,num_stocks,min_return,max_return,median_return,std_return
5,80,1.4,448.0136798542013,86,-53.429639903404876,3488.1163475625626,296.93578776628283,517.6593673035877
