degree,window,bandwidth,avg_return,num_stocks,min_return,max_return,median_return,std_return
8,90,3.1999999999999993,281.82497860580366,86,-64.83587108578436,4147.0140039377475,142.79223345421755,510.9965295025151
