degree,window,bandwidth,avg_return,num_stocks,min_return,max_return,median_return,std_return
3,50,2.3999999999999995,365.5386377364731,86,-68.5400909143149,3800.266263364716,230.19400718394922,569.5887917465357
