degree,window,bandwidth,avg_return,num_stocks,min_return,max_return,median_return,std_return
9,110,3.599999999999999,328.10191820343965,86,-59.21684638749155,1921.352100334302,199.06356863646732,382.7948316720572
