degree,window,bandwidth,avg_return,num_stocks,min_return,max_return,median_return,std_return
1,100,3.3999999999999995,474.65711679580306,86,-36.39520106896785,2384.7479552689224,350.3249206708231,471.7921181386208
