degree,window,bandwidth,avg_return,num_stocks,min_return,max_return,median_return,std_return
6,40,3.0999999999999996,233.09277228702567,86,-86.96799201073345,883.536588776228,180.81107376397875,227.5994576909808
