degree,window,bandwidth,avg_return,num_stocks,min_return,max_return,median_return,std_return
4,90,1.9999999999999996,362.58278149989025,86,-48.50719809638549,3473.9790970393124,261.7474615734325,484.6354748931652
