degree,window,bandwidth,avg_return,num_stocks,min_return,max_return,median_return,std_return
6,120,3.7999999999999994,296.0134718615851,86,-89.99217117530068,3877.747751576227,170.81589952058727,486.2810911350233
