degree,window,bandwidth,avg_return,num_stocks,min_return,max_return,median_return,std_return
9,90,3.1999999999999993,244.6134196498756,86,-77.71853811393612,2031.5939087271167,136.63359333182623,322.83159932162897
