degree,window,bandwidth,avg_return,num_stocks,min_return,max_return,median_return,std_return
3,100,3.6999999999999993,302.69162201168,86,-61.78915757350379,1803.7001009287299,178.60021868879895,372.5814660599125
