degree,window,bandwidth,avg_return,num_stocks,min_return,max_return,median_return,std_return
5,30,1.9999999999999996,286.63036459365617,86,-71.59212664619231,1012.7467287433373,227.66514763132295,263.959180909249
