degree,window,bandwidth,avg_return,num_stocks,min_return,max_return,median_return,std_return
8,50,1.2999999999999998,358.18751419355954,86,-76.37175190559363,2670.6424315744102,188.7897225377397,517.1558482081614
