degree,window,bandwidth,avg_return,num_stocks,min_return,max_return,median_return,std_return
6,90,3.1999999999999993,420.0863506561298,86,-31.455166623253355,3490.564008590861,283.1904120785649,521.1651630317061
