degree,window,bandwidth,avg_return,num_stocks,min_return,max_return,median_return,std_return
2,100,2.7999999999999994,356.1594103030743,86,-69.4041301896845,1689.8294150577096,245.62545299358322,368.81879466288103
