degree,window,bandwidth,avg_return,num_stocks,min_return,max_return,median_return,std_return
3,30,1.0999999999999999,495.09024364141055,86,-40.00121159533857,5458.9209609570735,303.35048514034753,725.7281660148874
