degree,window,bandwidth,avg_return,num_stocks,min_return,max_return,median_return,std_return
4,50,2.9999999999999996,495.97682594943973,86,-47.1244367901367,5830.56423449494,305.31038146299943,799.4056165442099
