degree,window,bandwidth,avg_return,num_stocks,min_return,max_return,median_return,std_return
2,20,0.6,515.6592118306548,86,-45.128178639345315,4478.348299722813,301.06089691457885,715.2502396606722
