degree,window,bandwidth,avg_return,num_stocks,min_return,max_return,median_return,std_return
4,70,3.6999999999999993,257.6602059276939,86,-59.87939531662963,1825.7211484632642,176.9881465663414,312.60159815138155
