degree,window,bandwidth,avg_return,num_stocks,min_return,max_return,median_return,std_return
2,20,3.2999999999999994,401.298335959035,86,-65.33809312514879,2197.9970916383054,244.50805689342866,444.22281456613706
