degree,window,bandwidth,avg_return,num_stocks,min_return,max_return,median_return,std_return
6,110,3.499999999999999,332.1272437464818,86,-71.15319178590252,3629.8943014224074,229.04447702318896,471.13393291708724
