degree,window,bandwidth,avg_return,num_stocks,min_return,max_return,median_return,std_return
6,110,1.0999999999999999,449.35217527319486,86,-57.12785363127201,3830.1629751952064,262.3822061028823,614.6099233010476
