degree,window,bandwidth,avg_return,num_stocks,min_return,max_return,median_return,std_return
6,40,2.1999999999999997,278.2520620140972,86,-78.07977856916949,1347.2458893368134,235.5473489085065,280.10848436328325
