degree,window,bandwidth,avg_return,num_stocks,min_return,max_return,median_return,std_return
9,60,3.999999999999999,317.6896431284947,86,-51.675973177879584,3318.767694352405,209.19089974585228,434.1600690644161
