degree,window,bandwidth,avg_return,num_stocks,min_return,max_return,median_return,std_return
5,20,3.8999999999999995,201.51092028350945,86,-57.759714088294764,1178.74882538349,147.77294226703327,223.64525581696793
