degree,window,bandwidth,avg_return,num_stocks,min_return,max_return,median_return,std_return
5,110,2.0999999999999996,334.69350503413096,86,-80.13128479733528,1998.1498330140685,220.179317276473,362.0027445954032
