degree,window,bandwidth,avg_return,num_stocks,min_return,max_return,median_return,std_return
3,100,0.7,351.81102037211207,86,-64.48878510310533,1802.0186414617183,226.99735259902553,368.33013085694597
