degree,window,bandwidth,avg_return,num_stocks,min_return,max_return,median_return,std_return
4,60,3.599999999999999,340.85182305516724,86,-62.43793905397681,3620.6281719171393,153.56506875117384,539.0237730686191
