degree,window,bandwidth,avg_return,num_stocks,min_return,max_return,median_return,std_return
1,70,1.4999999999999998,421.7550283582625,86,-33.8495610443854,2170.160165764879,291.86251521070005,441.0852686704952
