degree,window,bandwidth,avg_return,num_stocks,min_return,max_return,median_return,std_return
8,80,3.2999999999999994,238.89120810893675,86,-77.0858244775483,1528.112052341022,155.99101189841522,308.9716535180069
