degree,window,bandwidth,avg_return,num_stocks,min_return,max_return,median_return,std_return
8,120,1.2999999999999998,406.14197977761035,86,-56.25062315006632,2405.229324264199,291.37455460864464,419.66949040348806
