degree,window,bandwidth,avg_return,num_stocks,min_return,max_return,median_return,std_return
6,50,3.6999999999999993,331.1435171567975,86,-71.97489937263576,5816.174770158462,211.40356056970813,671.4029498508485
