degree,window,bandwidth,avg_return,num_stocks,min_return,max_return,median_return,std_return
8,30,0.5,780.2038817283294,86,-22.07439764845848,6984.981743977177,531.237855457221,946.8685132399603
