degree,window,bandwidth,avg_return,num_stocks,min_return,max_return,median_return,std_return
5,60,2.1999999999999997,435.0246099665935,86,-42.44630724943411,2122.792504992252,293.5715121409154,464.5034498499512
