degree,window,bandwidth,avg_return,num_stocks,min_return,max_return,median_return,std_return
2,120,3.1999999999999993,455.29181953389053,86,-71.20802326902465,4879.876083205065,286.51569120552074,769.2077362380221
