degree,window,bandwidth,avg_return,num_stocks,min_return,max_return,median_return,std_return
4,40,1.5999999999999996,351.036123385646,86,-72.45901081956247,2379.2572191351214,206.92619180336342,428.9187355002973
