degree,window,bandwidth,avg_return,num_stocks,min_return,max_return,median_return,std_return
9,20,3.6999999999999993,588.1160886897426,86,-3.783339740953579,5524.4326127257,335.87889607492286,831.8111141612299
