degree,window,bandwidth,avg_return,num_stocks,min_return,max_return,median_return,std_return
4,60,3.6999999999999993,338.5571823725877,86,-82.13788926329589,2397.5534084658048,167.10615472242938,492.4748433716554
