degree,window,bandwidth,avg_return,num_stocks,min_return,max_return,median_return,std_return
1,50,3.8999999999999995,488.32385942566685,86,-53.770957874488055,4417.162532578769,340.73138024211744,616.5686922788842
