degree,window,bandwidth,avg_return,num_stocks,min_return,max_return,median_return,std_return
9,110,2.6999999999999993,256.80432322248544,86,-52.278987463968164,1295.0522163149699,183.71405239232763,254.44054684149222
