degree,window,bandwidth,avg_return,num_stocks,min_return,max_return,median_return,std_return
9,40,1.9999999999999996,450.8092897904129,86,-54.18421964340082,2854.681832336656,268.34077232934203,558.4071316875265
