degree,window,bandwidth,avg_return,num_stocks,min_return,max_return,median_return,std_return
7,120,1.4,507.75860070777816,86,-41.327216611612634,3760.145607314238,334.36405924236146,626.8342286428609
