degree,window,bandwidth,avg_return,num_stocks,min_return,max_return,median_return,std_return
1,30,3.2999999999999994,481.1543440250929,86,-65.0440017013708,2572.9543221734966,313.78378678924344,509.8712185817646
