degree,window,bandwidth,avg_return,num_stocks,min_return,max_return,median_return,std_return
8,120,2.4999999999999996,433.2217474358238,86,-17.267710122111403,4119.95772896758,268.32856223402894,571.5561128217897
