degree,window,bandwidth,avg_return,num_stocks,min_return,max_return,median_return,std_return
3,110,3.6999999999999993,306.8047421336018,86,-51.50990859748556,5510.813659977979,186.54628890258275,618.6715107728012
