degree,window,bandwidth,avg_return,num_stocks,min_return,max_return,median_return,std_return
3,100,3.999999999999999,289.3468386046865,86,-65.59454627226458,2607.0334263351847,187.3396185151509,418.6861895371785
