degree,window,bandwidth,avg_return,num_stocks,min_return,max_return,median_return,std_return
8,80,0.7999999999999999,251.5836600558718,86,-77.88505825109611,2119.9815250737424,168.85953378942543,360.99043222385194
