degree,window,bandwidth,avg_return,num_stocks,min_return,max_return,median_return,std_return
2,110,1.4999999999999998,350.6128221457902,86,-82.9221480921118,1716.6715967197892,262.9887715991588,377.99397481837013
