degree,window,bandwidth,avg_return,num_stocks,min_return,max_return,median_return,std_return
2,60,1.6999999999999997,355.7525002618923,86,-48.10163508715937,2258.574517364402,207.12490896479198,430.82881098369234
