degree,window,bandwidth,avg_return,num_stocks,min_return,max_return,median_return,std_return
9,110,1.7999999999999998,227.18847225196495,86,-69.35938905711599,1957.0272953878182,152.0960833067669,301.13161558281195
