degree,window,bandwidth,avg_return,num_stocks,min_return,max_return,median_return,std_return
9,60,2.4999999999999996,307.1367437988472,86,-76.64614054174011,2409.1943478665403,194.74569657546698,435.7181270323961
