degree,window,bandwidth,avg_return,num_stocks,min_return,max_return,median_return,std_return
8,90,1.7999999999999998,253.0884778882737,86,-75.93293220863252,3079.151610564086,150.2432081398307,419.4771283222281
