degree,window,bandwidth,avg_return,num_stocks,min_return,max_return,median_return,std_return
3,50,3.499999999999999,258.91647647537377,86,-60.56779253003024,1815.6586729491241,182.60990515485057,291.2546782061478
