degree,window,bandwidth,avg_return,num_stocks,min_return,max_return,median_return,std_return
1,120,3.499999999999999,480.2987537896812,86,-60.69808236921986,2160.439005073335,325.0391140260055,485.8392796988527
