degree,window,bandwidth,avg_return,num_stocks,min_return,max_return,median_return,std_return
4,120,3.499999999999999,236.44717219540652,86,-85.37474044166153,1244.8017383459253,184.30876273919796,227.18143126871234
