degree,window,bandwidth,avg_return,num_stocks,min_return,max_return,median_return,std_return
7,30,0.7,341.5456935709973,86,-58.04464938529692,2339.3599689775174,234.11071355962923,382.143421970247
