degree,window,bandwidth,avg_return,num_stocks,min_return,max_return,median_return,std_return
7,110,3.7999999999999994,402.0405755943423,86,-49.79030602006909,3376.8441642105577,272.09801348850533,494.6786564000988
