degree,window,bandwidth,avg_return,num_stocks,min_return,max_return,median_return,std_return
5,90,2.6999999999999993,322.28847505909187,86,-60.58673834120387,1572.9794528036134,206.696513015473,353.829365889864
