degree,window,bandwidth,avg_return,num_stocks,min_return,max_return,median_return,std_return
3,50,3.1999999999999993,258.52788117813134,86,-74.96402973801939,1400.1041186153514,192.80388805578022,282.71663945599647
