degree,window,bandwidth,avg_return,num_stocks,min_return,max_return,median_return,std_return
1,90,1.4999999999999998,460.686495714848,86,-49.551601942933985,5766.974545228121,284.9271294635366,720.9361247328255
