degree,window,bandwidth,avg_return,num_stocks,min_return,max_return,median_return,std_return
3,90,0.8999999999999999,392.8393743727367,86,-57.3838510122881,2742.763026313823,225.0885060107657,505.69820939389035
