degree,window,bandwidth,avg_return,num_stocks,min_return,max_return,median_return,std_return
7,20,2.6999999999999993,750.7084900579987,86,-34.209275816400186,8242.77204052826,475.24944182197135,1196.4161821750909
