degree,window,bandwidth,avg_return,num_stocks,min_return,max_return,median_return,std_return
4,20,2.1999999999999997,210.15907244807258,86,-81.06886372533192,1128.0999590334939,148.19656751193125,239.16487590452323
