degree,window,bandwidth,avg_return,num_stocks,min_return,max_return,median_return,std_return
9,30,2.0999999999999996,707.4426776256174,86,-37.824748555708766,6009.457406442816,456.08222006030246,984.8172010589078
