degree,window,bandwidth,avg_return,num_stocks,min_return,max_return,median_return,std_return
8,20,3.1999999999999993,420.8108981385615,86,-38.38728438500039,2503.5823827086815,282.402797197617,439.31891481643345
