degree,window,bandwidth,avg_return,num_stocks,min_return,max_return,median_return,std_return
4,60,1.6999999999999997,471.15443934822576,86,-39.552564565797155,2563.84503761092,303.58754429568535,520.9789004494996
