degree,window,bandwidth,avg_return,num_stocks,min_return,max_return,median_return,std_return
7,120,1.6999999999999997,462.12040967149346,86,-31.735807648773807,4055.634323742369,297.1679480187512,566.3606779087033
