degree,window,bandwidth,avg_return,num_stocks,min_return,max_return,median_return,std_return
9,120,1.0999999999999999,293.55577545509914,86,-54.86456702786049,1498.5879681476065,213.54399142072987,285.8005490957757
