degree,window,bandwidth,avg_return,num_stocks,min_return,max_return,median_return,std_return
9,70,3.7999999999999994,238.77134002793701,86,-56.38113968186998,1592.7439838272953,185.72923070631782,260.91495541436075
