degree,window,bandwidth,avg_return,num_stocks,min_return,max_return,median_return,std_return
6,110,1.5999999999999996,403.9940507746114,86,-55.74137782513259,5617.919068929914,254.68612168625032,679.694606711249
