degree,window,bandwidth,avg_return,num_stocks,min_return,max_return,median_return,std_return
9,70,0.5,355.78931466565064,86,-69.64980535421145,3500.243182405985,228.168527503721,503.4971947335643
