degree,window,bandwidth,avg_return,num_stocks,min_return,max_return,median_return,std_return
4,50,2.4999999999999996,465.4239662836701,86,-25.622389407678913,3784.848231104192,281.78138446102207,547.0149444255516
