degree,window,bandwidth,avg_return,num_stocks,min_return,max_return,median_return,std_return
4,60,3.2999999999999994,373.2285303368913,86,-50.389086159928965,3031.8477932615947,199.29067947550982,515.7548034087221
