degree,window,bandwidth,avg_return,num_stocks,min_return,max_return,median_return,std_return
1,50,1.4999999999999998,400.57598176135883,86,-62.69711453735213,1983.5768854356677,314.956940555139,373.6396378719399
