degree,window,bandwidth,avg_return,num_stocks,min_return,max_return,median_return,std_return
3,20,3.499999999999999,434.2502907784367,86,-43.960880668894184,4984.962236564911,257.76023437977204,729.1331783159284
