degree,window,bandwidth,avg_return,num_stocks,min_return,max_return,median_return,std_return
4,40,1.4999999999999998,374.45691812151745,86,-62.705049436263494,3272.156145825764,204.74180175095182,512.9638888091415
