degree,window,bandwidth,avg_return,num_stocks,min_return,max_return,median_return,std_return
2,100,1.8999999999999997,333.5254936275905,86,-76.7821972099319,1619.423177266835,232.88292440983372,329.4380114042662
