degree,window,bandwidth,avg_return,num_stocks,min_return,max_return,median_return,std_return
8,110,3.6999999999999993,363.30877266264747,86,-74.34006915808945,1948.1814463158564,235.47264337373994,388.0532840220703
