degree,window,bandwidth,avg_return,num_stocks,min_return,max_return,median_return,std_return
8,50,2.8999999999999995,308.83047113544484,86,-62.54244033529848,1798.3769347643533,157.03514948737774,354.5246975258804
