degree,window,bandwidth,avg_return,num_stocks,min_return,max_return,median_return,std_return
9,110,3.8999999999999995,319.19358369429716,86,-51.41799749984533,2206.5537377926635,236.36207365044322,345.61894078790544
