degree,window,bandwidth,avg_return,num_stocks,min_return,max_return,median_return,std_return
4,70,0.7,511.3555117127999,86,-51.39249099744132,8718.785705509938,303.7262203929086,1001.0841908881611
