degree,window,bandwidth,avg_return,num_stocks,min_return,max_return,median_return,std_return
2,40,3.8999999999999995,272.5956957875233,86,-66.98506860245182,1402.669787264404,158.35924585463303,301.0528720038951
