degree,window,bandwidth,avg_return,num_stocks,min_return,max_return,median_return,std_return
3,40,2.8999999999999995,432.9500479986536,86,-49.65934766718041,2917.588120925269,300.5755813305441,489.4784852171909
