degree,window,bandwidth,avg_return,num_stocks,min_return,max_return,median_return,std_return
3,50,2.8999999999999995,326.83696024530656,86,-51.868962497223514,1758.2544372206967,217.77897302635984,356.39655366350337
