degree,window,bandwidth,avg_return,num_stocks,min_return,max_return,median_return,std_return
8,60,1.5999999999999996,295.8992765283901,86,-74.35787255047303,1257.3644350032412,235.75855823834104,292.9220642534572
