degree,window,bandwidth,avg_return,num_stocks,min_return,max_return,median_return,std_return
1,90,2.4999999999999996,514.9585722199562,86,-78.61994789847849,6890.422939579429,372.5694781366069,807.7274740653925
