degree,window,bandwidth,avg_return,num_stocks,min_return,max_return,median_return,std_return
7,90,2.0999999999999996,412.8780298698087,86,-31.50731167380205,2753.3824583019464,253.14609759280512,473.9365239857689
