degree,window,bandwidth,avg_return,num_stocks,min_return,max_return,median_return,std_return
5,70,2.8999999999999995,460.9250190952946,86,-43.85657341597312,2431.6207232499573,308.90305456303065,505.9229849754804
