degree,window,bandwidth,avg_return,num_stocks,min_return,max_return,median_return,std_return
7,50,3.6999999999999993,260.80502793322614,86,-80.70475601597471,1614.9099862832384,170.73661201483054,312.34463922447475
