degree,window,bandwidth,avg_return,num_stocks,min_return,max_return,median_return,std_return
4,70,0.7999999999999999,578.6133261624224,86,-53.82090119169507,14690.478777349543,275.6467518654953,1604.615656201415
