degree,window,bandwidth,avg_return,num_stocks,min_return,max_return,median_return,std_return
6,100,2.3999999999999995,429.7892274826447,86,-70.70938424980102,2900.207953935323,256.8249303548164,512.0445340175079
