degree,window,bandwidth,avg_return,num_stocks,min_return,max_return,median_return,std_return
8,60,3.0999999999999996,259.3590434850424,86,-84.96842189450852,1297.1239542767103,208.88971435822265,243.2578618837906
