degree,window,bandwidth,avg_return,num_stocks,min_return,max_return,median_return,std_return
5,70,1.8999999999999997,482.9672611958455,86,-39.92331818398075,3465.073890728785,368.7488220348883,496.4901349399432
