degree,window,bandwidth,avg_return,num_stocks,min_return,max_return,median_return,std_return
2,80,2.5999999999999996,357.2699603056906,86,-80.42064692517852,3005.4773877445746,265.5469306710339,410.55513288812125
