degree,window,bandwidth,avg_return,num_stocks,min_return,max_return,median_return,std_return
7,90,3.3999999999999995,364.3877270789444,86,-38.954319322777046,2006.0201466547906,295.13897434791164,381.9706891902176
