degree,window,bandwidth,avg_return,num_stocks,min_return,max_return,median_return,std_return
6,70,3.599999999999999,366.945689646352,86,-56.58038293652636,1859.3746766726294,226.03103046305162,406.91736438730015
