degree,window,bandwidth,avg_return,num_stocks,min_return,max_return,median_return,std_return
9,80,1.0999999999999999,272.01089186001775,86,-74.5666207656301,1442.8015831762934,177.88666512000265,301.27696521646453
