degree,window,bandwidth,avg_return,num_stocks,min_return,max_return,median_return,std_return
4,20,2.5999999999999996,228.65219703441687,86,-88.91726514739045,1306.4658578956494,191.78101777802908,256.01225404922667
