degree,window,bandwidth,avg_return,num_stocks,min_return,max_return,median_return,std_return
7,20,3.1999999999999993,704.5495246655033,86,-38.13761930280797,6514.418965059682,443.0392390873006,1039.2522001866027
