degree,window,bandwidth,avg_return,num_stocks,min_return,max_return,median_return,std_return
2,60,0.5,390.1136059339661,86,-64.1367096933577,2547.8065109605714,245.5220485687711,465.9034824498362
