degree,window,bandwidth,avg_return,num_stocks,min_return,max_return,median_return,std_return
6,80,2.1999999999999997,492.04770246243316,86,-48.25076993510331,4117.4814684207595,365.29205301226864,571.0497702913809
