degree,window,bandwidth,avg_return,num_stocks,min_return,max_return,median_return,std_return
5,30,2.1999999999999997,288.78110868977245,86,-75.84980607220302,1367.049694304185,229.14414703079643,275.0672660712983
