degree,window,bandwidth,avg_return,num_stocks,min_return,max_return,median_return,std_return
2,70,1.0999999999999999,360.2933455653498,86,-67.10101090817312,2375.293039291427,199.49007166382273,461.5240387911436
