degree,window,bandwidth,avg_return,num_stocks,min_return,max_return,median_return,std_return
3,20,0.7,327.02805888805136,86,-75.73225033823768,1986.4592185975398,221.38692485246116,399.6623325747855
