degree,window,bandwidth,avg_return,num_stocks,min_return,max_return,median_return,std_return
3,120,3.499999999999999,271.31594685843675,86,-67.91954170903867,3367.8403189450933,204.73808114129656,439.65763665295515
