degree,window,bandwidth,avg_return,num_stocks,min_return,max_return,median_return,std_return
4,60,3.999999999999999,254.60630202299996,86,-73.11776676818023,1841.121883281927,175.5231492060834,299.2179541858082
