degree,window,bandwidth,avg_return,num_stocks,min_return,max_return,median_return,std_return
9,60,1.4,305.2506873755424,86,-88.2469595494992,2078.6726637341076,160.96412888134108,395.24946573600164
