degree,window,bandwidth,avg_return,num_stocks,min_return,max_return,median_return,std_return
2,40,3.0999999999999996,300.1916677852854,86,-75.18309569082082,1656.8277458268863,195.77636607340048,347.71328889360524
