degree,window,bandwidth,avg_return,num_stocks,min_return,max_return,median_return,std_return
1,110,3.499999999999999,498.079011496668,86,-37.891521098227415,3367.9087718219507,329.5676715556765,604.1311141114485
