degree,window,bandwidth,avg_return,num_stocks,min_return,max_return,median_return,std_return
8,40,3.7999999999999994,267.446593940687,86,-89.52979837863157,1842.6884639270022,171.93174493681738,354.13156263640275
