degree,window,bandwidth,avg_return,num_stocks,min_return,max_return,median_return,std_return
8,40,3.2999999999999994,272.27671376236435,86,-86.83577098339703,1973.2758766802503,188.06722414039228,348.8845596137231
