degree,window,bandwidth,avg_return,num_stocks,min_return,max_return,median_return,std_return
8,40,3.6999999999999993,269.6760183205258,86,-88.75475660489845,1874.8365615630248,153.25071099172226,347.8141488420113
