degree,window,bandwidth,avg_return,num_stocks,min_return,max_return,median_return,std_return
4,80,0.7,391.51917617379604,86,-64.74594587646989,3029.8251853478087,250.36064446703256,508.4569839221274
