degree,window,bandwidth,avg_return,num_stocks,min_return,max_return,median_return,std_return
2,50,3.0999999999999996,352.08681025511817,86,-69.20677494196055,3473.868571282767,203.5059147314168,524.8911218885241
