degree,window,bandwidth,avg_return,num_stocks,min_return,max_return,median_return,std_return
7,70,3.0999999999999996,249.5352818444953,86,-77.0556596947309,1360.3533686883918,172.24900509512463,266.0666611312193
