degree,window,bandwidth,avg_return,num_stocks,min_return,max_return,median_return,std_return
6,90,2.6999999999999993,429.1097783476507,86,-67.7384998593885,2681.5828786888774,299.0461218871102,489.9504201910421
