degree,window,bandwidth,avg_return,num_stocks,min_return,max_return,median_return,std_return
2,100,0.9999999999999999,353.8035233629449,86,-66.69376930399274,1922.8901623879779,248.91454887943252,380.33938806019137
