degree,window,bandwidth,avg_return,num_stocks,min_return,max_return,median_return,std_return
6,50,0.7,266.02520397849656,86,-72.87750512453441,2950.846838583991,183.92098901877335,368.22849570841004
