degree,window,bandwidth,avg_return,num_stocks,min_return,max_return,median_return,std_return
9,40,1.4,441.88651148852455,86,-53.698489053607744,2132.46696104789,293.24520684989363,450.63677914699093
