degree,window,bandwidth,avg_return,num_stocks,min_return,max_return,median_return,std_return
9,90,1.5999999999999996,222.78269966575093,86,-72.8548989841625,1609.0971660491182,147.45576564669915,263.0301096437808
