degree,window,bandwidth,avg_return,num_stocks,min_return,max_return,median_return,std_return
7,60,3.8999999999999995,307.4182974737463,86,-89.6424948238594,8289.882530106566,169.56965404457821,892.6687983512614
