degree,window,bandwidth,avg_return,num_stocks,min_return,max_return,median_return,std_return
6,100,3.0999999999999996,446.5959197716545,86,-21.758393546443703,8475.55735875927,237.75392623367827,948.3439373659144
