degree,window,bandwidth,avg_return,num_stocks,min_return,max_return,median_return,std_return
9,30,2.1999999999999997,710.4722566477263,86,-38.91377169601294,6150.758432912932,478.3257894010954,979.7366021645103
