degree,window,bandwidth,avg_return,num_stocks,min_return,max_return,median_return,std_return
4,50,3.1999999999999993,489.3115684461035,86,-48.51934427469426,3827.505832071131,288.0776899543473,734.4276675947242
