degree,window,bandwidth,avg_return,num_stocks,min_return,max_return,median_return,std_return
9,60,1.5999999999999996,317.97609102701455,86,-83.18327447509819,2812.3788307443438,173.46071753962698,444.33662900203507
