degree,window,bandwidth,avg_return,num_stocks,min_return,max_return,median_return,std_return
7,60,3.3999999999999995,274.30374767619253,86,-89.12876541874016,5558.66284516065,178.8348271610183,613.6890181339729
