degree,window,bandwidth,avg_return,num_stocks,min_return,max_return,median_return,std_return
8,50,3.0999999999999996,339.7209815731083,86,-68.56231665122212,2536.0419210360674,193.78902807395153,422.29951942474156
