degree,window,bandwidth,avg_return,num_stocks,min_return,max_return,median_return,std_return
7,30,3.8999999999999995,187.73336221089792,86,-61.83733672255103,1525.1851772404762,133.61700312069138,239.26280365645803
