degree,window,bandwidth,avg_return,num_stocks,min_return,max_return,median_return,std_return
4,30,1.9999999999999996,257.32187412332274,86,-84.47200280950187,2216.416589576317,139.5501607868776,341.61745088129356
