degree,window,bandwidth,avg_return,num_stocks,min_return,max_return,median_return,std_return
4,100,1.9999999999999996,416.90865268140783,86,-37.409757969301644,4480.10252809832,299.69756721589863,561.6945341883451
