degree,window,bandwidth,avg_return,num_stocks,min_return,max_return,median_return,std_return
2,70,0.7999999999999999,361.7075881806333,86,-67.86804068674955,2483.673668045161,222.20630937681932,418.94827292626167
