degree,window,bandwidth,avg_return,num_stocks,min_return,max_return,median_return,std_return
9,90,1.2999999999999998,217.2221013114807,86,-78.45376095092698,2408.314047750262,146.7195325671611,315.3071664520617
