degree,window,bandwidth,avg_return,num_stocks,min_return,max_return,median_return,std_return
2,40,3.7999999999999994,291.24496097388504,86,-61.450365935196515,1209.1297858529563,194.88155158119378,288.2848031851276
