degree,window,bandwidth,avg_return,num_stocks,min_return,max_return,median_return,std_return
7,120,3.499999999999999,316.3503936486892,86,-47.09701980649223,2832.038696203674,219.70970388701747,412.256568943779
