degree,window,bandwidth,avg_return,num_stocks,min_return,max_return,median_return,std_return
6,30,0.7999999999999999,335.42665007800156,86,-83.25964682459082,2688.979205944014,165.36326419192326,535.4964606139883
