degree,window,bandwidth,avg_return,num_stocks,min_return,max_return,median_return,std_return
6,80,3.1999999999999993,419.5584462450415,86,-31.25086981223862,2222.0259194878345,264.0908882992888,396.5451735994834
