degree,window,bandwidth,avg_return,num_stocks,min_return,max_return,median_return,std_return
9,30,2.9999999999999996,758.5495905532432,86,-28.631511335610394,7169.573945654817,478.88812354292156,1133.1223467713735
