degree,window,bandwidth,avg_return,num_stocks,min_return,max_return,median_return,std_return
8,20,3.3999999999999995,425.59338759582903,86,-34.75271454336024,2670.621400878863,284.97404985752934,444.215348483316
