degree,window,bandwidth,avg_return,num_stocks,min_return,max_return,median_return,std_return
1,70,0.7,420.3253083696284,86,-49.8957318158765,1727.2909963939417,288.38316693311117,401.48416613576643
