degree,window,bandwidth,avg_return,num_stocks,min_return,max_return,median_return,std_return
7,70,3.499999999999999,330.7605500392787,86,-75.75147836071476,3937.461331127248,179.8695168329115,532.0330007353484
