degree,window,bandwidth,avg_return,num_stocks,min_return,max_return,median_return,std_return
4,40,1.1999999999999997,350.24412448710854,86,-46.9137153473645,1881.7205369349288,236.24088513918716,386.9498628871697
