degree,window,bandwidth,avg_return,num_stocks,min_return,max_return,median_return,std_return
9,70,2.1999999999999997,260.91485864077134,86,-63.65664825877535,1394.7749445632455,213.60369610790326,259.11138122418663
