degree,window,bandwidth,avg_return,num_stocks,min_return,max_return,median_return,std_return
3,80,3.2999999999999994,295.4286608130567,86,-84.81938394273585,1695.0240612194902,180.66799866283645,343.46743913544753
