degree,window,bandwidth,avg_return,num_stocks,min_return,max_return,median_return,std_return
3,50,3.6999999999999993,237.87999190626763,86,-63.448615109825255,1946.6818421254104,174.47640887848019,294.8813800640421
