degree,window,bandwidth,avg_return,num_stocks,min_return,max_return,median_return,std_return
6,80,3.3999999999999995,401.09279405655144,86,-51.22256224476131,2603.207775516422,265.05610721199264,476.2510796190274
