degree,window,bandwidth,avg_return,num_stocks,min_return,max_return,median_return,std_return
9,30,2.6999999999999993,728.3313063477791,86,-37.3530281323893,6611.697782436207,486.2298683763829,1022.7770952782523
