degree,window,bandwidth,avg_return,num_stocks,min_return,max_return,median_return,std_return
4,40,3.3999999999999995,469.71255403396833,86,-59.20274446412823,3922.4729599577386,249.96938736834028,683.1992424685784
