degree,window,bandwidth,avg_return,num_stocks,min_return,max_return,median_return,std_return
3,100,2.4999999999999996,323.5446377694057,86,-73.40274344957975,1816.5495731421722,210.86176005308948,366.0870330140827
