degree,window,bandwidth,avg_return,num_stocks,min_return,max_return,median_return,std_return
1,110,0.5,439.8683544737204,86,-43.72938341240056,4630.50296657829,265.9389769362649,625.8142747208864
