degree,window,bandwidth,avg_return,num_stocks,min_return,max_return,median_return,std_return
9,60,1.6999999999999997,330.2947355956897,86,-86.81360754853166,4017.1011450822116,160.82929894778627,534.5192832096883
