degree,window,bandwidth,avg_return,num_stocks,min_return,max_return,median_return,std_return
2,40,1.4,367.68766539934813,86,-62.490241221799046,2006.1864055244341,246.19632294832564,403.689517465065
