degree,window,bandwidth,avg_return,num_stocks,min_return,max_return,median_return,std_return
1,60,3.3999999999999995,497.58385784148777,86,-58.34343551508828,2894.821258693291,387.6054611371479,527.5536113258212
