degree,window,bandwidth,avg_return,num_stocks,min_return,max_return,median_return,std_return
5,20,0.7999999999999999,344.92401832318575,86,-52.992139097639466,2528.2658594251616,216.95333972085032,465.8955102056084
