degree,window,bandwidth,avg_return,num_stocks,min_return,max_return,median_return,std_return
6,20,2.7999999999999994,649.3436894131617,86,-39.01990916166677,4228.70708915858,385.3501867572759,858.6439311079114
