degree,window,bandwidth,avg_return,num_stocks,min_return,max_return,median_return,std_return
3,20,3.0999999999999996,399.8800616451509,86,-35.037134810848634,2633.2022792771745,242.03466137325944,519.3653437711266
