degree,window,bandwidth,avg_return,num_stocks,min_return,max_return,median_return,std_return
8,40,3.3999999999999995,258.5640040562124,86,-88.27300626512915,1450.2945894296581,171.68037526288765,302.3235340605987
