degree,window,bandwidth,avg_return,num_stocks,min_return,max_return,median_return,std_return
1,30,3.6999999999999993,523.5925093554387,86,-39.843246869933935,5407.771588386416,302.7593334633779,716.953718509377
