degree,window,bandwidth,avg_return,num_stocks,min_return,max_return,median_return,std_return
3,120,3.599999999999999,288.5524733960565,86,-64.46501497821696,3772.319772547952,192.6537201882337,476.887140491804
