degree,window,bandwidth,avg_return,num_stocks,min_return,max_return,median_return,std_return
1,70,0.8999999999999999,418.84597354558184,86,-50.85057472446092,1987.723186830108,313.3645165552747,394.5066339681484
