degree,window,bandwidth,avg_return,num_stocks,min_return,max_return,median_return,std_return
5,60,2.9999999999999996,392.5675164637677,86,-50.92835013939578,2732.090185491986,209.11005086302924,482.27479575568543
