degree,window,bandwidth,avg_return,num_stocks,min_return,max_return,median_return,std_return
2,50,1.6999999999999997,363.7661879236079,86,-58.808417569756976,1727.648568269878,249.95374575673213,369.1777873310579
