degree,window,bandwidth,avg_return,num_stocks,min_return,max_return,median_return,std_return
1,100,0.8999999999999999,410.6168916808064,86,-55.54161651642689,3745.8398783025245,261.445635025785,544.5077918597304
