degree,window,bandwidth,avg_return,num_stocks,min_return,max_return,median_return,std_return
5,70,0.9999999999999999,541.3804032450703,86,-26.61841094602384,2709.5434851093314,339.29322192863725,573.97983931309
