degree,window,bandwidth,avg_return,num_stocks,min_return,max_return,median_return,std_return
7,110,0.8999999999999999,474.1118915360901,86,-17.462333909691914,2477.6666465678145,303.9145537117391,518.4220804836302
