degree,window,bandwidth,avg_return,num_stocks,min_return,max_return,median_return,std_return
6,110,1.8999999999999997,406.1492824445011,86,-44.787859455608874,4833.776851743182,264.843177762807,579.8416697366519
