degree,window,bandwidth,avg_return,num_stocks,min_return,max_return,median_return,std_return
1,70,1.2999999999999998,424.5158696733077,86,-41.59070121030858,1891.1152057316222,325.444353068792,408.30030605872184
