degree,window,bandwidth,avg_return,num_stocks,min_return,max_return,median_return,std_return
5,30,2.3,277.0117245399662,86,-76.25680378652528,1607.8164155811016,197.51741304338682,283.72489258892057
