degree,window,bandwidth,avg_return,num_stocks,min_return,max_return,median_return,std_return
7,90,1.4,421.42214732504243,86,-64.51762611816511,2347.340906296524,230.09691453836302,482.02615600951987
