degree,window,bandwidth,avg_return,num_stocks,min_return,max_return,median_return,std_return
3,20,3.599999999999999,440.07706051917364,86,-54.80492683304794,4101.459419791349,262.78855195249736,697.9241371218037
