degree,window,bandwidth,avg_return,num_stocks,min_return,max_return,median_return,std_return
8,100,2.3,334.915587611614,86,-44.68283495504121,1702.6103743436452,243.03312311604145,334.4676767575641
