degree,window,bandwidth,avg_return,num_stocks,min_return,max_return,median_return,std_return
5,70,1.4,532.851727844476,86,-23.98445866248001,3211.487504089601,371.1859151669021,550.4550194848291
