degree,window,bandwidth,avg_return,num_stocks,min_return,max_return,median_return,std_return
3,40,1.1999999999999997,585.1544338883863,86,-35.37154858676943,4014.01894347883,465.1259738598039,597.7851051611892
