degree,window,bandwidth,avg_return,num_stocks,min_return,max_return,median_return,std_return
4,20,1.4,210.9553279206085,86,-79.51797020536692,1816.2487709848372,111.63244924306076,299.0259239435656
