degree,window,bandwidth,avg_return,num_stocks,min_return,max_return,median_return,std_return
8,30,2.8999999999999995,745.1727733374639,86,-41.31922584470807,4923.183117764374,428.47025396704703,906.7020992953202
