degree,window,bandwidth,avg_return,num_stocks,min_return,max_return,median_return,std_return
7,120,2.7999999999999994,441.38551316533784,86,-55.09687153797167,4873.195321974503,224.80655116798903,622.1467058205855
