degree,window,bandwidth,avg_return,num_stocks,min_return,max_return,median_return,std_return
2,20,0.7,491.65148241682806,86,-42.943814198648276,3703.7445704160364,270.55054354968195,587.7808226610347
