degree,window,bandwidth,avg_return,num_stocks,min_return,max_return,median_return,std_return
7,120,1.5999999999999996,505.1642401218799,86,-31.053357024745353,4028.9214326090173,304.3544771686543,658.4771328166677
