degree,window,bandwidth,avg_return,num_stocks,min_return,max_return,median_return,std_return
2,30,2.8999999999999995,298.44093615718526,86,-74.89734533498014,1732.829635286553,202.00624187918336,360.87504190382947
