degree,window,bandwidth,avg_return,num_stocks,min_return,max_return,median_return,std_return
3,120,2.5999999999999996,368.79830773136246,86,-71.83581652164433,3683.545396526789,203.92519631161116,510.50225271592006
