degree,window,bandwidth,avg_return,num_stocks,min_return,max_return,median_return,std_return
8,60,0.6,344.2838595829431,86,-71.32943950245851,3745.323283976797,254.9223739036966,478.4088223006209
