degree,window,bandwidth,avg_return,num_stocks,min_return,max_return,median_return,std_return
2,30,1.9999999999999996,399.53770518200633,86,-62.01253362779555,3094.478768379013,277.7192818984109,492.3324057431985
