degree,window,bandwidth,avg_return,num_stocks,min_return,max_return,median_return,std_return
5,40,1.5999999999999996,310.19246844231014,86,-79.27977759185492,6189.436059916037,187.37475504178755,704.2081436282364
