degree,window,bandwidth,avg_return,num_stocks,min_return,max_return,median_return,std_return
9,50,1.7999999999999998,299.14802776407146,86,-74.40142904857493,2893.240328117374,187.7017761303338,411.24325861262844
