degree,window,bandwidth,avg_return,num_stocks,min_return,max_return,median_return,std_return
4,60,2.5999999999999996,491.53216388104414,86,-33.520003111035145,4499.618588588965,289.3509716176354,717.4305961812838
