degree,window,bandwidth,avg_return,num_stocks,min_return,max_return,median_return,std_return
7,110,1.4999999999999998,439.73314183610813,86,-24.272201265251315,2609.979114931789,274.57806274162544,488.5893414104458
