degree,window,bandwidth,avg_return,num_stocks,min_return,max_return,median_return,std_return
5,90,1.6999999999999997,374.9369048725184,86,-53.91321445922224,4119.719348312446,231.41492824050644,546.6489010968093
