degree,window,bandwidth,avg_return,num_stocks,min_return,max_return,median_return,std_return
4,40,3.2999999999999994,441.76293345697036,86,-39.712064517355685,3210.77497450178,255.4028310891144,536.4393557403619
