degree,window,bandwidth,avg_return,num_stocks,min_return,max_return,median_return,std_return
7,80,2.6999999999999993,379.7089915816257,86,-70.71885797939005,5481.388692057768,241.30103213530072,647.8376055321726
