degree,window,bandwidth,avg_return,num_stocks,min_return,max_return,median_return,std_return
1,60,2.6999999999999993,476.91692131835225,86,-78.8351079511174,5017.057078675927,360.3715597272437,615.1721222383227
