degree,window,bandwidth,avg_return,num_stocks,min_return,max_return,median_return,std_return
8,120,3.7999999999999994,395.6770721141353,86,-31.77868771436537,5055.763808372227,218.1197949269436,622.5326780606001
