degree,window,bandwidth,avg_return,num_stocks,min_return,max_return,median_return,std_return
3,60,0.7999999999999999,364.9703964857359,86,-72.6091049166144,2039.0453297812396,203.19094384974534,425.44000578860863
