degree,window,bandwidth,avg_return,num_stocks,min_return,max_return,median_return,std_return
4,70,3.2999999999999994,275.9280797010822,86,-42.35075275732845,2150.865973166049,170.92013901572716,343.19144935837966
