degree,window,bandwidth,avg_return,num_stocks,min_return,max_return,median_return,std_return
6,20,0.8999999999999999,787.6944481920264,86,-60.49946540047062,5916.48357970916,448.90967406017865,1097.0908142443805
