degree,window,bandwidth,avg_return,num_stocks,min_return,max_return,median_return,std_return
6,100,1.7999999999999998,435.7567568857517,86,-34.61948351003204,4758.517175753398,304.6203849941029,689.6861739377696
