degree,window,bandwidth,avg_return,num_stocks,min_return,max_return,median_return,std_return
3,60,0.6,381.8380550759637,86,-59.73492555711027,2599.719739025309,214.41772677201408,508.76880876705
