degree,window,bandwidth,avg_return,num_stocks,min_return,max_return,median_return,std_return
6,120,1.5999999999999996,444.9879429379419,86,-66.71015225876181,5056.887521225566,277.7453474601867,682.7760004848695
