degree,window,bandwidth,avg_return,num_stocks,min_return,max_return,median_return,std_return
3,110,1.4999999999999998,346.64127414854516,86,-47.15734510100634,2806.644365939799,234.73558223335826,431.0349536983078
