degree,window,bandwidth,avg_return,num_stocks,min_return,max_return,median_return,std_return
6,70,0.7,382.21002758641373,86,-67.39283619454427,6483.798893098191,243.00078781399662,736.6700137836309
