degree,window,bandwidth,avg_return,num_stocks,min_return,max_return,median_return,std_return
2,90,0.7999999999999999,349.06863627801687,86,-69.77581054418806,2595.5601641362778,230.24285708185408,423.67845371382333
