degree,window,bandwidth,avg_return,num_stocks,min_return,max_return,median_return,std_return
9,100,1.2999999999999998,213.92195200317838,86,-89.9928953072862,1390.923082761993,147.10292101396283,259.55133052769645
