degree,window,bandwidth,avg_return,num_stocks,min_return,max_return,median_return,std_return
6,120,1.2999999999999998,470.24517458877034,86,-58.15428719132284,6301.974916395399,268.4810264376635,814.7705078963818
