degree,window,bandwidth,avg_return,num_stocks,min_return,max_return,median_return,std_return
4,20,2.6999999999999993,261.93777269833896,86,-88.55425424288507,2202.044039405101,171.41803602896928,352.2667249229965
