degree,window,bandwidth,avg_return,num_stocks,min_return,max_return,median_return,std_return
1,70,2.6999999999999993,558.1762984819502,86,-79.65234570990421,7237.239165159733,359.13015133040267,899.88461450109
