degree,window,bandwidth,avg_return,num_stocks,min_return,max_return,median_return,std_return
8,60,1.9999999999999996,313.0563009524202,86,-73.32614456950277,2124.813276056223,197.36625406716212,363.5965000948648
