degree,window,bandwidth,avg_return,num_stocks,min_return,max_return,median_return,std_return
4,110,3.8999999999999995,272.00943875421217,86,-75.39218198520538,1458.2117201614801,175.9524488794282,287.6984196164507
