degree,window,bandwidth,avg_return,num_stocks,min_return,max_return,median_return,std_return
3,20,0.6,320.0738892970896,86,-76.14608807803704,2170.02477057235,221.54330450409597,380.23858143015343
