degree,window,bandwidth,avg_return,num_stocks,min_return,max_return,median_return,std_return
5,80,3.6999999999999993,325.96196827744006,86,-55.21460386890358,1969.1908871192315,229.6518519304319,377.2204922439518
