degree,window,bandwidth,avg_return,num_stocks,min_return,max_return,median_return,std_return
4,50,1.4,624.6547672424251,86,-48.957215960552205,8270.0483262647,411.3796372335404,992.0913200425117
