degree,window,bandwidth,avg_return,num_stocks,min_return,max_return,median_return,std_return
9,70,1.4,277.34987869498195,86,-68.95975025070982,1620.4391197936225,197.3515102822841,304.0116412541762
