degree,window,bandwidth,avg_return,num_stocks,min_return,max_return,median_return,std_return
9,30,1.4,706.8966682394921,86,-27.616847424266854,11452.463070220665,441.23180932058926,1318.1726203681924
