degree,window,bandwidth,avg_return,num_stocks,min_return,max_return,median_return,std_return
2,120,2.1999999999999997,339.4719111779436,86,-59.005544521233986,2734.420360270561,231.1861640924334,391.6940011528319
