degree,window,bandwidth,avg_return,num_stocks,min_return,max_return,median_return,std_return
2,110,0.9999999999999999,340.8800346420922,86,-77.53934646155139,1644.6886451097366,241.22989307250097,345.52322598983267
