degree,window,bandwidth,avg_return,num_stocks,min_return,max_return,median_return,std_return
2,110,1.5999999999999996,359.36356474330563,86,-76.84977709892536,2451.380230561414,220.33222959200583,425.4077300860517
