degree,window,bandwidth,avg_return,num_stocks,min_return,max_return,median_return,std_return
4,120,1.9999999999999996,389.6925670909779,86,-46.97661414461589,6613.20098704871,263.86678757921254,736.8142581591643
