degree,window,bandwidth,avg_return,num_stocks,min_return,max_return,median_return,std_return
4,70,3.1999999999999993,279.511541337705,86,-48.632388367032064,2227.8552826413056,163.09942217328938,363.9295671811115
