degree,window,bandwidth,avg_return,num_stocks,min_return,max_return,median_return,std_return
6,40,2.3,270.30902649759497,86,-79.10001081623396,1141.6944164683923,235.97462343582026,254.96415133841592
