degree,window,bandwidth,avg_return,num_stocks,min_return,max_return,median_return,std_return
9,100,2.1999999999999997,216.43409633385366,86,-78.43441648836861,1509.0961597600465,133.3857020448557,283.8308812567152
