degree,window,bandwidth,avg_return,num_stocks,min_return,max_return,median_return,std_return
8,100,2.6999999999999993,390.8610195915808,86,-50.70706242611768,2664.1017256596783,214.38321081122064,511.3392233576083
