degree,window,bandwidth,avg_return,num_stocks,min_return,max_return,median_return,std_return
6,110,1.9999999999999996,400.63558657534827,86,-49.81604410178655,4267.678441041957,267.09633485721054,523.4654004077632
