degree,window,bandwidth,avg_return,num_stocks,min_return,max_return,median_return,std_return
8,50,3.6999999999999993,398.95465727044405,86,-64.67539226424452,7644.8835850374635,172.82059332129768,903.7840235766317
