degree,window,bandwidth,avg_return,num_stocks,min_return,max_return,median_return,std_return
9,30,2.5999999999999996,719.3184724716449,86,-38.76949620307646,6295.536969871095,468.846407215689,988.8509955382376
