degree,window,bandwidth,avg_return,num_stocks,min_return,max_return,median_return,std_return
5,100,3.7999999999999994,328.5478187536335,86,-65.29398825051416,2863.2088142327243,213.15060653445113,494.99963129064844
