degree,window,bandwidth,avg_return,num_stocks,min_return,max_return,median_return,std_return
2,60,2.1999999999999997,453.37422235068857,86,-61.952642246978314,6571.9567953767555,266.26587154802235,776.389937545932
