degree,window,bandwidth,avg_return,num_stocks,min_return,max_return,median_return,std_return
9,80,1.1999999999999997,255.85295362815307,86,-79.12754362721205,1061.334752621382,179.87165314977483,256.2200451926935
