degree,window,bandwidth,avg_return,num_stocks,min_return,max_return,median_return,std_return
4,30,0.7,235.66146790168438,86,-81.93175196404607,1386.6203751058108,173.1143359143345,273.03886368558204
