degree,window,bandwidth,avg_return,num_stocks,min_return,max_return,median_return,std_return
8,60,2.5999999999999996,297.1814514325133,86,-74.8918369803086,1767.8397216492904,209.73245025485608,308.68290715533146
