degree,window,bandwidth,avg_return,num_stocks,min_return,max_return,median_return,std_return
4,50,1.2999999999999998,584.3457736917902,86,-47.235503542646974,3584.425784113335,485.57442017205153,641.2926209839251
