degree,window,bandwidth,avg_return,num_stocks,min_return,max_return,median_return,std_return
4,70,2.3999999999999995,332.06576841543233,86,-65.71827150369123,2473.864989870548,187.54529118984289,433.4548524540044
