degree,window,bandwidth,avg_return,num_stocks,min_return,max_return,median_return,std_return
9,80,3.0999999999999996,191.5433324729302,86,-89.2189120020065,1252.4578898439677,154.8383947401563,201.90398408733847
