degree,window,bandwidth,avg_return,num_stocks,min_return,max_return,median_return,std_return
7,20,3.999999999999999,726.6133415303648,86,-53.68992385845303,6456.498506472694,388.3280686985528,1118.3498972085224
