degree,window,bandwidth,avg_return,num_stocks,min_return,max_return,median_return,std_return
5,80,1.7999999999999998,409.83912261667865,86,-38.453974298570834,2098.6436368761238,257.75993030988775,426.8321557232388
