degree,window,bandwidth,avg_return,num_stocks,min_return,max_return,median_return,std_return
5,70,0.5,552.0085662393165,86,-13.024736104404274,3469.9140627074266,342.4951055591604,626.4998281014845
