degree,window,bandwidth,avg_return,num_stocks,min_return,max_return,median_return,std_return
8,110,3.599999999999999,394.45787875930705,86,-63.48241861124821,2120.349871150351,245.7784020275458,443.1615801462959
