degree,window,bandwidth,avg_return,num_stocks,min_return,max_return,median_return,std_return
2,70,1.9999999999999996,403.51730733386046,86,-66.54592677204684,3015.934231088683,227.40809203871135,560.9531623327163
