degree,window,bandwidth,avg_return,num_stocks,min_return,max_return,median_return,std_return
1,30,1.4,401.8119739336168,86,-65.25592212413488,3288.8959971126633,253.11398922674618,510.41737074454267
