degree,window,bandwidth,avg_return,num_stocks,min_return,max_return,median_return,std_return
8,50,0.5,351.2253278575388,86,-79.74265308455433,2260.3455466255004,203.86012316502544,486.82216928280354
