degree,window,bandwidth,avg_return,num_stocks,min_return,max_return,median_return,std_return
8,110,2.9999999999999996,366.24864854575884,86,-51.71066658857719,3348.1853341207234,246.9371582479384,476.170230089604
