degree,window,bandwidth,avg_return,num_stocks,min_return,max_return,median_return,std_return
6,30,3.3999999999999995,242.8386674342516,86,-77.47020283912856,1055.6773795820352,176.07654736178205,248.75457464470924
