degree,window,bandwidth,avg_return,num_stocks,min_return,max_return,median_return,std_return
6,100,0.5,620.498147014069,86,-35.40884888613612,5415.545655199572,323.42847165916316,934.3069353424614
