degree,window,bandwidth,avg_return,num_stocks,min_return,max_return,median_return,std_return
8,70,2.8999999999999995,227.8460943401411,86,-86.19706052939009,1751.360853440321,152.78350707397854,261.30790150146095
