degree,window,bandwidth,avg_return,num_stocks,min_return,max_return,median_return,std_return
8,40,1.0999999999999999,445.58998060920464,86,-86.34644041919663,3870.4659704207015,219.12492240484704,754.0618841713479
