degree,window,bandwidth,avg_return,num_stocks,min_return,max_return,median_return,std_return
1,80,0.7999999999999999,415.3649850802748,86,-46.54807553460768,1986.0763246129509,292.3405661587203,428.28380565646165
