degree,window,bandwidth,avg_return,num_stocks,min_return,max_return,median_return,std_return
5,120,3.1999999999999993,357.698785278319,86,-69.32078665490964,2800.710661347461,234.00279397431706,402.58497608972783
