degree,window,bandwidth,avg_return,num_stocks,min_return,max_return,median_return,std_return
7,40,3.3999999999999995,276.0000265700218,86,-63.36107282543158,2347.1701490208857,171.53878079114003,355.70702282335606
