degree,window,bandwidth,avg_return,num_stocks,min_return,max_return,median_return,std_return
2,40,1.7999999999999998,355.65126253342265,86,-58.42684875007986,1656.2073297273557,241.78185920816517,368.1138282062688
