degree,window,bandwidth,avg_return,num_stocks,min_return,max_return,median_return,std_return
8,50,1.5999999999999996,371.64837363186166,86,-74.64784779458246,3070.0229316574887,176.35613154336977,568.7022319459858
