degree,window,bandwidth,avg_return,num_stocks,min_return,max_return,median_return,std_return
3,40,1.7999999999999998,439.57705499868257,86,-44.57088989078816,2096.7270891158996,320.9577994720479,411.9541710630994
