degree,window,bandwidth,avg_return,num_stocks,min_return,max_return,median_return,std_return
6,20,3.6999999999999993,552.834438967206,86,-48.10065830363997,4390.361104358839,388.23688826034504,638.1036687417725
