degree,window,bandwidth,avg_return,num_stocks,min_return,max_return,median_return,std_return
5,110,3.7999999999999994,328.5908846673308,86,-53.74494549782693,2382.911344292283,179.61357758597643,425.90296964064976
