degree,window,bandwidth,avg_return,num_stocks,min_return,max_return,median_return,std_return
2,70,3.999999999999999,482.0028721094556,86,-60.19752327108444,3310.225164155593,252.44304071542422,644.2455807876332
