degree,window,bandwidth,avg_return,num_stocks,min_return,max_return,median_return,std_return
3,100,2.9999999999999996,265.5824403365923,86,-67.36644220055918,1424.917847322718,175.93175898422174,290.4831820159444
