degree,window,bandwidth,avg_return,num_stocks,min_return,max_return,median_return,std_return
2,20,0.5,509.87335444573273,86,-43.977760746307915,4689.469940527686,282.8849705395402,769.7258233731903
