degree,window,bandwidth,avg_return,num_stocks,min_return,max_return,median_return,std_return
2,110,3.499999999999999,409.6639293818894,86,-64.99813903194911,3323.2346072202936,295.42744157338154,577.0882511831353
