degree,window,bandwidth,avg_return,num_stocks,min_return,max_return,median_return,std_return
4,80,2.8999999999999995,407.0168392803533,86,-69.47702882360532,5640.390422283414,259.5384471130209,698.9503623543236
