degree,window,bandwidth,avg_return,num_stocks,min_return,max_return,median_return,std_return
9,20,1.1999999999999997,610.8580624401797,86,-20.257879727121573,4929.214836868347,354.1642877007431,790.86510162079
