degree,window,bandwidth,avg_return,num_stocks,min_return,max_return,median_return,std_return
5,50,1.7999999999999998,313.4794825403667,86,-71.6882845949726,4097.531922989367,183.64556855265425,492.22510173077876
