degree,window,bandwidth,avg_return,num_stocks,min_return,max_return,median_return,std_return
3,100,2.3999999999999995,334.82520541861817,86,-57.361157817955466,2177.208874587889,197.46323002934594,410.34133971824866
