degree,window,bandwidth,avg_return,num_stocks,min_return,max_return,median_return,std_return
4,40,2.3,428.36593363965625,86,-82.33827733233187,3183.5756446517526,318.5971427928691,535.2846594863266
