degree,window,bandwidth,avg_return,num_stocks,min_return,max_return,median_return,std_return
9,60,1.0999999999999999,297.69501991056535,86,-89.38223894618372,1817.3303711761964,163.2456573112483,369.8872422932712
