degree,window,bandwidth,avg_return,num_stocks,min_return,max_return,median_return,std_return
8,40,2.6999999999999993,292.2101759156521,86,-73.85713451367484,1449.0090618028796,194.74690072602914,342.71364833315056
