degree,window,bandwidth,avg_return,num_stocks,min_return,max_return,median_return,std_return
1,110,1.9999999999999996,456.37914510950884,86,-34.95667454217588,4894.536247100828,334.41212178015394,592.9431963627076
