degree,window,bandwidth,avg_return,num_stocks,min_return,max_return,median_return,std_return
2,30,2.4999999999999996,398.7879564396142,86,-74.0783532514406,6436.526079975225,205.9001319716196,751.1778244196764
