degree,window,bandwidth,avg_return,num_stocks,min_return,max_return,median_return,std_return
3,90,1.7999999999999998,350.8091133099704,86,-52.829814987787984,2143.4065527869807,209.04865755173077,410.17638512063155
