degree,window,bandwidth,avg_return,num_stocks,min_return,max_return,median_return,std_return
6,110,1.4999999999999998,403.9251066408159,86,-44.80516636984977,4581.503596254754,262.62094269192164,594.7855920733945
