degree,window,bandwidth,avg_return,num_stocks,min_return,max_return,median_return,std_return
5,20,3.999999999999999,211.72648656300686,86,-58.292401142027416,1157.4568094712085,154.89799279371962,234.85620614143653
