degree,window,bandwidth,avg_return,num_stocks,min_return,max_return,median_return,std_return
8,20,2.8999999999999995,431.84884697330233,86,-4.672771368051963,2303.5365048660638,289.28646109364115,453.4023961709875
