degree,window,bandwidth,avg_return,num_stocks,min_return,max_return,median_return,std_return
4,30,2.7999999999999994,288.1764765433647,86,-83.00336097687115,2327.740608303784,195.33568843384234,385.44286946152766
