degree,window,bandwidth,avg_return,num_stocks,min_return,max_return,median_return,std_return
3,100,1.7999999999999998,399.8151238585122,86,-60.842554925509916,2562.568051257042,251.63506774721156,506.5705541693325
