degree,window,bandwidth,avg_return,num_stocks,min_return,max_return,median_return,std_return
1,120,1.4999999999999998,431.2364256744057,86,-44.71451072417094,3527.1479067253217,328.06574443465865,455.31402068358585
