degree,window,bandwidth,avg_return,num_stocks,min_return,max_return,median_return,std_return
4,20,3.3999999999999995,305.8286225446152,86,-83.51455558506021,4949.872330735324,187.1702552933079,588.8493521238163
