degree,window,bandwidth,avg_return,num_stocks,min_return,max_return,median_return,std_return
8,60,0.8999999999999999,313.54602801828634,86,-68.29729807895333,2556.760667885195,222.74349443820904,370.7379149075779
