degree,window,bandwidth,avg_return,num_stocks,min_return,max_return,median_return,std_return
9,60,1.8999999999999997,326.1664121088852,86,-84.29138020307714,4163.724369584152,174.66654832573494,537.9327428104964
