degree,window,bandwidth,avg_return,num_stocks,min_return,max_return,median_return,std_return
4,20,1.7999999999999998,200.13171013288706,86,-80.5660134316478,1159.640719938854,144.11640111579152,253.34714126580852
