degree,window,bandwidth,avg_return,num_stocks,min_return,max_return,median_return,std_return
7,90,3.599999999999999,391.60914658162017,86,-61.662525879832245,2308.905752195987,296.2632467327544,426.4639931644826
