degree,window,bandwidth,avg_return,num_stocks,min_return,max_return,median_return,std_return
3,20,1.1999999999999997,334.9100324600418,86,-59.89481989255637,2899.981338801923,209.6589008644118,404.90148334782106
