degree,window,bandwidth,avg_return,num_stocks,min_return,max_return,median_return,std_return
9,90,3.7999999999999994,260.8193786379161,86,-92.66086957348419,1534.2148549606768,163.60870937379997,311.6144226548561
