degree,window,bandwidth,avg_return,num_stocks,min_return,max_return,median_return,std_return
9,40,1.0999999999999999,463.0325295204193,86,-45.6174510970278,2331.6083487592355,283.07561717271744,473.01847105493687
