degree,window,bandwidth,avg_return,num_stocks,min_return,max_return,median_return,std_return
7,80,1.1999999999999997,299.35692397888744,86,-59.358434606495216,5405.807395123401,187.99316102557347,605.9317229034511
