degree,window,bandwidth,avg_return,num_stocks,min_return,max_return,median_return,std_return
3,90,1.6999999999999997,351.7327835290015,86,-58.621517095528034,3077.1760403828507,216.1463089928624,454.78913960147673
