degree,window,bandwidth,avg_return,num_stocks,min_return,max_return,median_return,std_return
2,110,0.6,358.9931370014177,86,-71.42211328237565,2533.388348752267,233.32870194262824,409.29106168525317
