degree,window,bandwidth,avg_return,num_stocks,min_return,max_return,median_return,std_return
2,20,1.4999999999999998,471.4160518353735,86,-25.844125737568657,2429.6606958500697,346.72504040817245,441.33759055544044
