degree,window,bandwidth,avg_return,num_stocks,min_return,max_return,median_return,std_return
5,30,1.4999999999999998,315.286144478672,86,-78.48909508521848,2739.0018019864924,235.40740539379163,388.84526680614704
