degree,window,bandwidth,avg_return,num_stocks,min_return,max_return,median_return,std_return
1,110,1.6999999999999997,428.13076326667687,86,-34.789323741871314,4268.92181460143,348.5136093407383,506.5795515271279
