degree,window,bandwidth,avg_return,num_stocks,min_return,max_return,median_return,std_return
8,80,3.1999999999999993,248.3978513231668,86,-77.49429962959321,2584.7862236164115,127.40231367920902,375.23074402656636
