degree,window,bandwidth,avg_return,num_stocks,min_return,max_return,median_return,std_return
6,90,0.9999999999999999,571.4937781387326,86,-50.30161262424725,4121.376891380024,364.1594293683995,711.4954041920452
