degree,window,bandwidth,avg_return,num_stocks,min_return,max_return,median_return,std_return
4,30,0.6,236.5423247711453,86,-82.1167428612115,1481.4308877565195,157.9500182066762,282.97699037508227
