degree,window,bandwidth,avg_return,num_stocks,min_return,max_return,median_return,std_return
3,30,1.5999999999999996,445.933194031413,86,-58.14445727944283,2862.693594768217,285.13014322694494,529.5686133952604
