degree,window,bandwidth,avg_return,num_stocks,min_return,max_return,median_return,std_return
9,20,2.3,605.4119846490978,86,-7.575566776043033,5229.857317836327,326.90824889759733,819.879661932143
