degree,window,bandwidth,avg_return,num_stocks,min_return,max_return,median_return,std_return
1,40,1.7999999999999998,475.21874653755754,86,-57.25680160254255,2817.794587512657,319.7637157002083,526.1954473190233
