degree,window,bandwidth,avg_return,num_stocks,min_return,max_return,median_return,std_return
5,60,3.8999999999999995,437.8131486831701,86,-61.97656770989551,3588.4268884317707,259.17193045832676,579.4261269577328
