degree,window,bandwidth,avg_return,num_stocks,min_return,max_return,median_return,std_return
7,20,0.8999999999999999,714.5045298217838,86,-34.30446752330304,5834.535046908154,453.9420038205741,1016.1639312381358
