degree,window,bandwidth,avg_return,num_stocks,min_return,max_return,median_return,std_return
5,90,1.1999999999999997,430.2067063614568,86,-60.771889708907665,6885.375228648655,236.6758333762886,841.7350747515056
