degree,window,bandwidth,avg_return,num_stocks,min_return,max_return,median_return,std_return
5,50,2.1999999999999997,379.99806715064693,86,-70.77923563601102,5273.141208619013,208.7053721642917,671.5078133440649
