degree,window,bandwidth,avg_return,num_stocks,min_return,max_return,median_return,std_return
9,70,2.3999999999999995,259.50011453040537,86,-60.993687336985936,1769.3380445351397,198.7120056388597,287.8130326781126
