degree,window,bandwidth,avg_return,num_stocks,min_return,max_return,median_return,std_return
1,120,2.7999999999999994,569.0410681537953,86,-72.65360828988415,5028.6646548380695,387.1119546593672,734.5621475609433
