degree,window,bandwidth,avg_return,num_stocks,min_return,max_return,median_return,std_return
5,60,0.7,434.89880542374834,86,-55.71321632320518,2949.7557614601387,287.8426529149794,505.5422899012385
