degree,window,bandwidth,avg_return,num_stocks,min_return,max_return,median_return,std_return
1,30,2.0999999999999996,425.30871884818026,86,-67.09852757657684,2232.452905821631,294.9441416166469,432.3135421191603
