degree,window,bandwidth,avg_return,num_stocks,min_return,max_return,median_return,std_return
5,80,1.0999999999999999,518.0455441451232,86,-45.84029481839561,5114.596272487423,339.34009850546374,690.7487223919235
