degree,window,bandwidth,avg_return,num_stocks,min_return,max_return,median_return,std_return
6,20,3.0999999999999996,611.8569644824033,86,-57.4031256210671,3565.402540815563,388.662861663487,706.5956878717354
