degree,window,bandwidth,avg_return,num_stocks,min_return,max_return,median_return,std_return
8,20,1.7999999999999998,431.9070841777421,86,-14.912493655252366,2588.3080767564948,277.25047375745976,449.97579058829
