degree,window,bandwidth,avg_return,num_stocks,min_return,max_return,median_return,std_return
6,80,2.8999999999999995,395.10786859329403,86,-69.3678056436173,1741.499709130477,276.8307984109938,382.31960441017156
