degree,window,bandwidth,avg_return,num_stocks,min_return,max_return,median_return,std_return
3,100,0.5,364.42021847394756,86,-67.38822244711146,2268.3306555181657,244.511553272271,430.365980484525
