degree,window,bandwidth,avg_return,num_stocks,min_return,max_return,median_return,std_return
6,30,1.9999999999999996,243.25896768011654,86,-77.00607715317413,1857.3164607679087,138.4189350890996,317.2267332173846
