degree,window,bandwidth,avg_return,num_stocks,min_return,max_return,median_return,std_return
8,110,3.8999999999999995,353.4810243342032,86,-82.53892886003604,1857.5902039078337,228.72948216032557,373.7285376725497
