degree,window,bandwidth,avg_return,num_stocks,min_return,max_return,median_return,std_return
2,20,1.0999999999999999,484.4272754871423,86,-34.5236879696878,3527.998498249704,321.3389734331829,580.4391115102593
