degree,window,bandwidth,avg_return,num_stocks,min_return,max_return,median_return,std_return
6,20,3.999999999999999,511.22568180237425,86,-39.5729322604026,3228.7190470712167,364.35515414328097,554.4634419569953
