degree,window,bandwidth,avg_return,num_stocks,min_return,max_return,median_return,std_return
3,40,3.6999999999999993,298.8964638661735,86,-66.86429561226434,2084.6908315777428,158.89082324880943,429.47301353099476
