degree,window,bandwidth,avg_return,num_stocks,min_return,max_return,median_return,std_return
4,60,2.3999999999999995,513.7504185339476,86,-42.84797231500745,5892.8634651486045,264.1376139360867,832.7526571237106
