degree,window,bandwidth,avg_return,num_stocks,min_return,max_return,median_return,std_return
1,80,1.7999999999999998,486.60914892572066,86,-42.1264931669497,6412.350495342245,288.4844287533822,786.9771579132134
