degree,window,bandwidth,avg_return,num_stocks,min_return,max_return,median_return,std_return
6,30,3.999999999999999,249.94089025720706,86,-74.70769946600278,1058.6732566078956,196.47166309078358,253.03227339367078
