degree,window,bandwidth,avg_return,num_stocks,min_return,max_return,median_return,std_return
2,30,3.3999999999999995,290.2826085106192,86,-27.670088203375453,2476.250113909398,168.58453313534795,389.7770235979922
