degree,window,bandwidth,avg_return,num_stocks,min_return,max_return,median_return,std_return
5,50,1.4999999999999998,295.3310844122838,86,-57.346413233120295,4233.593385411855,184.50443593922046,506.4935090292733
