degree,window,bandwidth,avg_return,num_stocks,min_return,max_return,median_return,std_return
6,60,3.999999999999999,471.630553201114,86,-79.18591416530859,4443.372914675019,278.60435088784976,708.7081740260945
