degree,window,bandwidth,avg_return,num_stocks,min_return,max_return,median_return,std_return
4,100,0.6,347.80823318815726,86,-68.03538970128463,1925.4258741387857,273.3723412215102,337.9987592639666
