degree,window,bandwidth,avg_return,num_stocks,min_return,max_return,median_return,std_return
8,100,3.599999999999999,363.5203253338366,86,-55.40449794621958,3998.159989979476,208.62097923226492,536.1212664691976
