degree,window,bandwidth,avg_return,num_stocks,min_return,max_return,median_return,std_return
4,120,3.6999999999999993,234.54708479196483,86,-84.31589119549191,995.6100560342451,175.02584990070108,232.65675535887547
