degree,window,bandwidth,avg_return,num_stocks,min_return,max_return,median_return,std_return
7,50,2.4999999999999996,267.05744844041453,86,-78.69903982669246,1098.2445828989423,234.35194074941316,257.02326296046664
