degree,window,bandwidth,avg_return,num_stocks,min_return,max_return,median_return,std_return
1,100,1.2999999999999998,423.91511531850136,86,-50.063055459533324,3940.3252631745568,288.0015874005886,549.4018050234209
