degree,window,bandwidth,avg_return,num_stocks,min_return,max_return,median_return,std_return
3,120,1.5999999999999996,345.29768343929567,86,-30.36497151097241,2000.076996892392,199.16393199937318,393.66052692215806
