degree,window,bandwidth,avg_return,num_stocks,min_return,max_return,median_return,std_return
4,70,2.4999999999999996,320.4613387174064,86,-72.1507752918545,2791.790125444453,193.82146410759546,424.5944231624713
