degree,window,bandwidth,avg_return,num_stocks,min_return,max_return,median_return,std_return
7,40,1.2999999999999998,271.63572146477395,86,-73.65519804455298,1638.9613015260952,162.55320298886136,325.1046297276166
