degree,window,bandwidth,avg_return,num_stocks,min_return,max_return,median_return,std_return
5,80,3.3999999999999995,349.7891341731327,86,-49.10577127317839,4272.982350572118,247.15102946618526,521.5632954436074
