degree,window,bandwidth,avg_return,num_stocks,min_return,max_return,median_return,std_return
3,40,2.9999999999999996,407.1205555980837,86,-40.212950001059355,2461.261102462796,273.2816145771264,432.38829802012134
