degree,window,bandwidth,avg_return,num_stocks,min_return,max_return,median_return,std_return
2,70,0.8999999999999999,352.0013473693853,86,-74.94038690097796,2005.7767099709708,245.62825578971592,397.5873886747469
