degree,window,bandwidth,avg_return,num_stocks,min_return,max_return,median_return,std_return
7,30,2.0999999999999996,263.3013840144164,86,-63.18143951923203,1536.815308047208,166.51085724342477,301.2558332176417
