degree,window,bandwidth,avg_return,num_stocks,min_return,max_return,median_return,std_return
5,70,2.1999999999999997,514.950326395199,86,-48.78931099579689,4041.95536865951,379.4899534934876,626.3431098414467
