degree,window,bandwidth,avg_return,num_stocks,min_return,max_return,median_return,std_return
3,70,2.0999999999999996,385.87870122626674,86,-62.679831379424925,2140.117183111455,271.61271169546603,398.2944417522241
