degree,window,bandwidth,avg_return,num_stocks,min_return,max_return,median_return,std_return
6,100,1.9999999999999996,435.74388411359286,86,-56.90275666293755,4010.645395961942,261.22475032747684,571.9364783574845
