degree,window,bandwidth,avg_return,num_stocks,min_return,max_return,median_return,std_return
2,70,0.5,402.88368103631365,86,-59.752590011647165,3435.986085870146,291.5470453590284,509.20932994068835
