degree,window,bandwidth,avg_return,num_stocks,min_return,max_return,median_return,std_return
6,60,1.6999999999999997,294.82506708246024,86,-62.322693157856634,4559.039787643449,182.78741786382915,533.2405576672668
