degree,window,bandwidth,avg_return,num_stocks,min_return,max_return,median_return,std_return
4,90,1.4,350.5937236045263,86,-55.896612542763876,4835.108336897423,239.37962797416586,557.5329945509338
