degree,window,bandwidth,avg_return,num_stocks,min_return,max_return,median_return,std_return
2,70,3.499999999999999,321.0141458407284,86,-63.858415748258615,1775.0311197796918,237.94586516230544,317.95441436046883
