degree,window,bandwidth,avg_return,num_stocks,min_return,max_return,median_return,std_return
7,100,2.0999999999999996,500.01413539816576,86,-46.76872899351096,4345.319982733682,335.42717919888776,622.4765284122468
