degree,window,bandwidth,avg_return,num_stocks,min_return,max_return,median_return,std_return
5,120,1.4,334.68262423995674,86,-68.12757445992708,2696.079459029513,236.18531849209927,413.7283578040779
