degree,window,bandwidth,avg_return,num_stocks,min_return,max_return,median_return,std_return
5,40,1.4999999999999998,266.9048341844271,86,-74.46320164572732,3249.2841696275254,164.12977003439002,417.4788235540935
