degree,window,bandwidth,avg_return,num_stocks,min_return,max_return,median_return,std_return
4,40,0.7,338.19476997646416,86,-36.68145362116583,1872.4194103034126,207.76965995972074,392.57093527648226
