degree,window,bandwidth,avg_return,num_stocks,min_return,max_return,median_return,std_return
8,60,0.7999999999999999,327.51507655159753,86,-66.13294830005565,2294.0938368853685,246.10713756188346,374.3304911247148
