degree,window,bandwidth,avg_return,num_stocks,min_return,max_return,median_return,std_return
9,80,1.5999999999999996,276.41802763525857,86,-83.02334757100282,2273.9611617425508,161.28687303267736,368.13615820373997
