degree,window,bandwidth,avg_return,num_stocks,min_return,max_return,median_return,std_return
6,60,3.599999999999999,435.8600958998406,86,-73.73129965064993,3269.0956964445304,274.5343674484137,602.6739101766987
