degree,window,bandwidth,avg_return,num_stocks,min_return,max_return,median_return,std_return
7,60,1.6999999999999997,235.93193079673193,86,-83.91487448527137,3205.1761406150035,169.29499999795667,371.99057696829226
