degree,window,bandwidth,avg_return,num_stocks,min_return,max_return,median_return,std_return
4,120,1.2999999999999998,390.1871441807121,86,-43.96464917433002,3950.2185661971694,254.11224804338357,534.1221791386586
