degree,window,bandwidth,avg_return,num_stocks,min_return,max_return,median_return,std_return
3,50,3.999999999999999,247.23661576624545,86,-85.80178002785523,1465.5474948875333,131.90547374246518,291.83270895104965
