degree,window,bandwidth,avg_return,num_stocks,min_return,max_return,median_return,std_return
3,40,3.0999999999999996,385.257490258117,86,-52.51901160603487,2344.948771128979,257.7832892366825,430.75285196288564
