degree,window,bandwidth,avg_return,num_stocks,min_return,max_return,median_return,std_return
2,120,1.2999999999999998,365.1711603048729,86,-79.82648431212962,2110.8666480535826,230.9302916589503,397.42990295370714
