degree,window,bandwidth,avg_return,num_stocks,min_return,max_return,median_return,std_return
3,60,1.6999999999999997,354.00195471501905,86,-63.38146148246153,2052.3298695352437,214.38719901141528,423.69041745608007
