degree,window,bandwidth,avg_return,num_stocks,min_return,max_return,median_return,std_return
8,120,3.999999999999999,423.0063144100047,86,-42.69297241471105,4827.728974616119,239.31507902189782,634.8295010935093
