degree,window,bandwidth,avg_return,num_stocks,min_return,max_return,median_return,std_return
2,50,0.7,387.50103401802556,86,-56.18309744794446,3085.3130583945376,236.2371569028963,505.0863625656197
