degree,window,bandwidth,avg_return,num_stocks,min_return,max_return,median_return,std_return
3,20,1.8999999999999997,361.9877743485675,86,-87.67353552908914,2391.2899800727523,220.05678227769695,409.6598530860486
