degree,window,bandwidth,avg_return,num_stocks,min_return,max_return,median_return,std_return
4,110,3.599999999999999,299.2179726324482,86,-80.63974230451745,3959.8437655253456,199.59015236452944,471.766911583128
