degree,window,bandwidth,avg_return,num_stocks,min_return,max_return,median_return,std_return
3,100,0.8999999999999999,371.61417821433207,86,-58.45675646615,2132.654939971134,259.4465123990908,416.0562181077741
