degree,window,bandwidth,avg_return,num_stocks,min_return,max_return,median_return,std_return
5,100,0.8999999999999999,446.2508245034247,86,-65.97382658745285,4686.997506066568,282.4857287173106,657.6593420435456
