degree,window,bandwidth,avg_return,num_stocks,min_return,max_return,median_return,std_return
3,120,0.8999999999999999,341.63580865718006,86,-39.11552627489641,1791.861874099569,235.9946986551704,373.6198275974552
