degree,window,bandwidth,avg_return,num_stocks,min_return,max_return,median_return,std_return
3,30,2.0999999999999996,476.2458517531068,86,-72.0866488601554,2980.0775630124012,361.011443218913,486.82329297022284
