degree,window,bandwidth,avg_return,num_stocks,min_return,max_return,median_return,std_return
9,90,2.8999999999999995,289.6803951678082,86,-87.9948743171662,3833.43608804769,132.3562620546238,509.7534678906268
