degree,window,bandwidth,avg_return,num_stocks,min_return,max_return,median_return,std_return
2,90,0.6,344.42185245625933,86,-53.092406873195905,3262.9933828817966,231.63254152871582,450.2380742605627
