degree,window,bandwidth,avg_return,num_stocks,min_return,max_return,median_return,std_return
9,80,2.4999999999999996,214.64530468645205,86,-92.23046189761448,1707.3140509673997,178.01470171459295,244.59768124600387
