degree,window,bandwidth,avg_return,num_stocks,min_return,max_return,median_return,std_return
7,60,0.6,214.79547741019303,86,-81.92141469747092,1341.2389287216408,162.2382432061251,239.7521040677481
