degree,window,bandwidth,avg_return,num_stocks,min_return,max_return,median_return,std_return
3,120,3.6999999999999993,265.9806486644084,86,-59.89615001197932,2196.7763393985765,185.3789433184736,363.5490476400623
