degree,window,bandwidth,avg_return,num_stocks,min_return,max_return,median_return,std_return
2,90,3.599999999999999,350.95964028442353,86,-62.6435930033488,2076.0213613308347,232.0459113836982,385.54977278338737
