degree,window,bandwidth,avg_return,num_stocks,min_return,max_return,median_return,std_return
9,110,1.1999999999999997,231.3365438183394,86,-79.3322430995709,3456.906958346168,141.40287709716017,409.80773044833285
