degree,window,bandwidth,avg_return,num_stocks,min_return,max_return,median_return,std_return
4,80,0.5,381.9954210624006,86,-65.3084155884022,3172.2735031982347,234.6726369612411,507.8490881141181
