degree,window,bandwidth,avg_return,num_stocks,min_return,max_return,median_return,std_return
4,70,3.999999999999999,246.7631877114237,86,-60.92360935041904,2087.9559900359245,170.97833611473115,311.6380066212773
