degree,window,bandwidth,avg_return,num_stocks,min_return,max_return,median_return,std_return
9,60,2.7999999999999994,290.18195619809234,86,-66.85238561896999,2581.8296335501973,165.46197479839066,385.5829329020949
