degree,window,bandwidth,avg_return,num_stocks,min_return,max_return,median_return,std_return
8,20,1.2999999999999998,425.4370255398441,86,-7.741614264165018,2045.0058902811754,289.4139989797329,438.6011712293024
