degree,window,bandwidth,avg_return,num_stocks,min_return,max_return,median_return,std_return
8,70,2.5999999999999996,229.51128370832996,86,-88.4144798547278,1344.3218531628902,194.21820551725105,229.13238004571267
