degree,window,bandwidth,avg_return,num_stocks,min_return,max_return,median_return,std_return
7,60,3.7999999999999994,323.04416917061775,86,-89.72355532663883,9592.69284595441,170.62713827034753,1029.8761642522115
