degree,window,bandwidth,avg_return,num_stocks,min_return,max_return,median_return,std_return
5,30,1.8999999999999997,294.9065312444475,86,-74.4583352711803,1118.6235684953892,233.32313861324212,275.246335447138
