degree,window,bandwidth,avg_return,num_stocks,min_return,max_return,median_return,std_return
3,80,0.9999999999999999,339.98700651394853,86,-42.96344191078756,4275.211558338767,231.7896483217527,497.83890621075335
