degree,window,bandwidth,avg_return,num_stocks,min_return,max_return,median_return,std_return
8,30,2.5999999999999996,741.1500976512896,86,-40.65720759908119,3977.6558212327595,440.44437907950174,779.9600961536252
