degree,window,bandwidth,avg_return,num_stocks,min_return,max_return,median_return,std_return
3,120,1.6999999999999997,362.6101796486522,86,-40.37927036196937,1574.4649239712796,219.06794896960167,392.84199759235685
