degree,window,bandwidth,avg_return,num_stocks,min_return,max_return,median_return,std_return
9,50,1.4,328.5559343560098,86,-77.95486701356758,3358.7101398893274,191.69747287688472,485.688685716628
