degree,window,bandwidth,avg_return,num_stocks,min_return,max_return,median_return,std_return
1,60,0.5,419.5368592067377,86,-69.20803478983963,2500.1552620001944,267.56855409125444,467.3355719758854
