degree,window,bandwidth,avg_return,num_stocks,min_return,max_return,median_return,std_return
4,20,2.8999999999999995,280.74439761228683,86,-84.66500698636177,3925.305422680345,177.33100509539463,469.0395769069412
