degree,window,bandwidth,avg_return,num_stocks,min_return,max_return,median_return,std_return
7,70,3.1999999999999993,252.33871473719375,86,-79.62906552267089,1387.2953877980613,170.98834222926035,277.31781309541293
