degree,window,bandwidth,avg_return,num_stocks,min_return,max_return,median_return,std_return
9,20,3.2999999999999994,624.7927278007511,86,0.4223423666593044,8209.228361577376,328.11864353822114,1053.2636667440054
