degree,window,bandwidth,avg_return,num_stocks,min_return,max_return,median_return,std_return
9,90,1.9999999999999996,254.2172539586711,86,-79.7919638358142,1960.1413571917017,126.14349794913895,356.7638565912246
