degree,window,bandwidth,avg_return,num_stocks,min_return,max_return,median_return,std_return
6,110,2.1999999999999997,359.2093569204821,86,-50.980693729548406,2990.924302408634,234.97954848997728,422.38525472618846
