degree,window,bandwidth,avg_return,num_stocks,min_return,max_return,median_return,std_return
1,20,0.8999999999999999,520.1209537872146,86,-62.48249147565807,2988.239418958114,366.2674367878574,556.1049491141163
