degree,window,bandwidth,avg_return,num_stocks,min_return,max_return,median_return,std_return
6,50,2.7999999999999994,266.1972724691481,86,-54.502970282954934,4548.188277306765,161.76482896547293,517.6784840023378
