degree,window,bandwidth,avg_return,num_stocks,min_return,max_return,median_return,std_return
3,30,2.7999999999999994,459.361555785558,86,-29.045468165372757,3068.2408491655524,338.1671521466075,517.2986819190362
