degree,window,bandwidth,avg_return,num_stocks,min_return,max_return,median_return,std_return
2,60,2.7999999999999994,397.0587141025381,86,-68.69990649998061,4967.523869970035,218.15919397646877,613.908606270055
