degree,window,bandwidth,avg_return,num_stocks,min_return,max_return,median_return,std_return
7,30,1.8999999999999997,287.1787466455258,86,-55.850425110158874,1849.105844803034,194.9405199777127,329.46997758935447
