degree,window,bandwidth,avg_return,num_stocks,min_return,max_return,median_return,std_return
1,60,2.3999999999999995,461.4584947872993,86,-76.0308146238154,4203.40182285607,340.1698827287841,575.0144421790359
