degree,window,bandwidth,avg_return,num_stocks,min_return,max_return,median_return,std_return
9,80,0.8999999999999999,271.4493248777977,86,-61.424886841218736,1381.531010625452,171.9788201057999,295.3193388326802
