degree,window,bandwidth,avg_return,num_stocks,min_return,max_return,median_return,std_return
2,40,1.4999999999999998,354.3333067941648,86,-61.09159610121544,1830.634985237793,225.82358742117862,362.8314455614782
