degree,window,bandwidth,avg_return,num_stocks,min_return,max_return,median_return,std_return
3,80,3.3999999999999995,307.4254818997366,86,-82.18805444445283,1923.0077893048706,203.43150428177336,393.173358562471
