degree,window,bandwidth,avg_return,num_stocks,min_return,max_return,median_return,std_return
9,110,3.3999999999999995,320.5271570851234,86,-44.905075631223404,2570.8276544659957,217.258136603989,452.6353058438637
