degree,window,bandwidth,avg_return,num_stocks,min_return,max_return,median_return,std_return
1,40,3.599999999999999,442.0380984036708,86,-30.34276141925214,3550.3522604470027,266.88300508526356,555.1812819699027
