degree,window,bandwidth,avg_return,num_stocks,min_return,max_return,median_return,std_return
6,120,3.999999999999999,276.41607605880273,86,-80.59328698717465,2611.827065106813,174.97886845602625,380.65921538677793
