degree,window,bandwidth,avg_return,num_stocks,min_return,max_return,median_return,std_return
8,30,3.3999999999999995,695.1389346315729,86,-59.349827760997734,3947.939903530165,390.4002327258261,781.5090595739591
