degree,window,bandwidth,avg_return,num_stocks,min_return,max_return,median_return,std_return
8,60,3.999999999999999,249.39048297869525,86,-74.31286863514867,1112.6007411241742,186.86090415114086,253.8478078943488
