degree,window,bandwidth,avg_return,num_stocks,min_return,max_return,median_return,std_return
1,70,2.4999999999999996,510.00818894060734,86,-81.42453024849084,6334.887092979541,382.05508996346066,751.5861904867248
