degree,window,bandwidth,avg_return,num_stocks,min_return,max_return,median_return,std_return
4,70,0.6,542.207781563652,86,-38.379174216276766,10229.922892506851,300.6053836120946,1156.7266669576509
