degree,window,bandwidth,avg_return,num_stocks,min_return,max_return,median_return,std_return
1,60,2.3,478.15647234529337,86,-72.3144827600773,3423.027606444115,307.51097278738257,600.8757018811111
