degree,window,bandwidth,avg_return,num_stocks,min_return,max_return,median_return,std_return
2,80,1.7999999999999998,392.02439070869633,86,-65.02099982900393,2418.622855366441,204.85504429420797,490.7393857321098
