degree,window,bandwidth,avg_return,num_stocks,min_return,max_return,median_return,std_return
5,40,3.0999999999999996,294.20637370195664,86,-42.61293932495956,1815.677603839281,224.65052166987198,336.3450247760059
