degree,window,bandwidth,avg_return,num_stocks,min_return,max_return,median_return,std_return
1,120,3.1999999999999993,505.50198810190466,86,-46.41238644561106,2682.0285814646254,310.5821804401238,545.4323045236092
