degree,window,bandwidth,avg_return,num_stocks,min_return,max_return,median_return,std_return
4,50,2.5999999999999996,485.35961591941543,86,-40.327291025292304,5510.367741372025,302.7199529283388,693.4277147922537
