degree,window,bandwidth,avg_return,num_stocks,min_return,max_return,median_return,std_return
7,30,3.0999999999999996,202.41359092569778,86,-65.20606183165327,2198.2118024963447,143.1847707162388,297.21500319171963
