degree,window,bandwidth,avg_return,num_stocks,min_return,max_return,median_return,std_return
8,40,1.9999999999999996,335.8414825090921,86,-71.83522383797974,2609.9171295039687,196.15834920641475,491.20193869313647
