degree,window,bandwidth,avg_return,num_stocks,min_return,max_return,median_return,std_return
8,90,0.9999999999999999,233.6772650882371,86,-84.36957263281761,1933.8100358576905,141.38377508142253,312.6017290981093
