degree,window,bandwidth,avg_return,num_stocks,min_return,max_return,median_return,std_return
3,50,2.1999999999999997,369.5394383679539,86,-32.436261828158116,4002.753430293617,245.7083301010665,583.1703217606384
