degree,window,bandwidth,avg_return,num_stocks,min_return,max_return,median_return,std_return
2,40,2.9999999999999996,298.34636749384777,86,-65.78718560491986,2080.5522319418933,199.12617696101557,354.8031573737469
