degree,window,bandwidth,avg_return,num_stocks,min_return,max_return,median_return,std_return
9,60,3.2999999999999994,310.68845327279996,86,-55.284159299382296,4226.727184153451,164.89399526447465,531.6370646331808
