degree,window,bandwidth,avg_return,num_stocks,min_return,max_return,median_return,std_return
4,20,3.2999999999999994,312.4280181973231,86,-86.26466688612872,4806.0823955626865,170.84205615384116,581.5037837347452
