degree,window,bandwidth,avg_return,num_stocks,min_return,max_return,median_return,std_return
3,90,2.4999999999999996,404.3241340950543,86,-66.40460027910196,4841.158201218499,219.89843903067108,620.7111459694577
