degree,window,bandwidth,avg_return,num_stocks,min_return,max_return,median_return,std_return
4,30,2.5999999999999996,301.9164771735468,86,-75.35649047938261,3990.470724957136,209.9823254920214,513.0425602105695
