degree,window,bandwidth,avg_return,num_stocks,min_return,max_return,median_return,std_return
4,70,1.4999999999999998,347.9759470898168,86,-52.91934858155118,3933.1619073735924,230.97192342943265,526.6187133891951
