degree,window,bandwidth,avg_return,num_stocks,min_return,max_return,median_return,std_return
3,70,1.6999999999999997,351.73589883731995,86,-52.045407472018866,2608.778319134712,262.17048239233657,381.93129531999455
