degree,window,bandwidth,avg_return,num_stocks,min_return,max_return,median_return,std_return
9,50,3.999999999999999,302.47775742052886,86,-54.625369715616266,5533.835615561215,178.18825998385347,628.5469241744045
