degree,window,bandwidth,avg_return,num_stocks,min_return,max_return,median_return,std_return
8,90,3.2999999999999994,292.1932193330733,86,-62.39086420375719,3552.0229388135867,146.21233569259857,478.39018389592627
