degree,window,bandwidth,avg_return,num_stocks,min_return,max_return,median_return,std_return
5,60,1.4,504.6662616283859,86,-45.270428163329136,3266.303804325471,301.91860153361654,601.6567764235873
