degree,window,bandwidth,avg_return,num_stocks,min_return,max_return,median_return,std_return
6,40,3.2999999999999994,255.01433138630154,86,-89.69837446981444,1498.4442462787265,197.74617519167418,278.6267402564002
