degree,window,bandwidth,avg_return,num_stocks,min_return,max_return,median_return,std_return
6,50,2.1999999999999997,233.32172288334965,86,-83.6412840154482,2932.622574257095,155.41687604141697,373.8963106556352
