degree,window,bandwidth,avg_return,num_stocks,min_return,max_return,median_return,std_return
5,70,2.3,511.17188228490727,86,-45.48518140026483,3838.0692564403953,379.7775648333252,556.2380492079085
