degree,window,bandwidth,avg_return,num_stocks,min_return,max_return,median_return,std_return
9,110,1.4,237.65851661703076,86,-63.14683077073078,2608.9175373896483,148.96085565768016,375.57941000096514
