degree,window,bandwidth,avg_return,num_stocks,min_return,max_return,median_return,std_return
2,100,3.599999999999999,387.11224311135294,86,-62.6881019875001,2792.367886244587,245.41425535893183,476.8249544793268
