degree,window,bandwidth,avg_return,num_stocks,min_return,max_return,median_return,std_return
1,60,3.2999999999999994,460.08520802218914,86,-55.006643753899986,3477.61893707212,330.3259007619313,505.1678120564655
