degree,window,bandwidth,avg_return,num_stocks,min_return,max_return,median_return,std_return
2,110,2.1999999999999997,346.85260131525143,86,-67.95110145181525,2084.871383056695,226.62510798587198,421.9944942223549
