degree,window,bandwidth,avg_return,num_stocks,min_return,max_return,median_return,std_return
3,90,2.3,388.7989636015854,86,-50.162137076491184,4332.97775904967,230.40850967058887,555.725544965854
