degree,window,bandwidth,avg_return,num_stocks,min_return,max_return,median_return,std_return
3,90,0.7,350.8630160157415,86,-58.566307149852435,3473.3531818905726,245.80518480210299,472.4901238982005
