degree,window,bandwidth,avg_return,num_stocks,min_return,max_return,median_return,std_return
5,80,2.4999999999999996,401.4254317363771,86,-77.89281457955562,2712.1318828267576,252.72010953656087,513.8354325401261
