degree,window,bandwidth,avg_return,num_stocks,min_return,max_return,median_return,std_return
6,70,1.1999999999999997,368.24682944301776,86,-65.88448145426878,3349.3711284406672,236.78985642643892,464.51225533201784
