degree,window,bandwidth,avg_return,num_stocks,min_return,max_return,median_return,std_return
7,40,0.6,313.6429245719237,86,-89.69632242605776,1983.3372768258162,195.48108027306918,389.8222863164921
