degree,window,bandwidth,avg_return,num_stocks,min_return,max_return,median_return,std_return
6,20,2.8999999999999995,628.6600441198643,86,-54.895779584350244,3970.8013690743855,378.5711132010185,824.6538081586771
