degree,window,bandwidth,avg_return,num_stocks,min_return,max_return,median_return,std_return
2,20,3.1999999999999993,392.95199123025196,86,-63.86434440892006,1889.812039838295,248.55841244391596,410.2599849068369
