degree,window,bandwidth,avg_return,num_stocks,min_return,max_return,median_return,std_return
4,60,3.8999999999999995,305.0133025426114,86,-77.48289347514789,2195.737155275889,191.17966554649266,409.42303870505214
