degree,window,bandwidth,avg_return,num_stocks,min_return,max_return,median_return,std_return
7,50,2.0999999999999996,269.10054459768315,86,-67.9379757717547,1683.3045249807267,218.9899809459547,287.15643581403435
