degree,window,bandwidth,avg_return,num_stocks,min_return,max_return,median_return,std_return
4,100,3.0999999999999996,352.7324726165882,86,-64.30385053929773,2798.839871892176,235.1250708326544,417.52984264135125
