degree,window,bandwidth,avg_return,num_stocks,min_return,max_return,median_return,std_return
6,70,1.7999999999999998,361.0482742269701,86,-53.21669160358883,3428.5524177961493,247.57007276710732,500.76265006299656
