degree,window,bandwidth,avg_return,num_stocks,min_return,max_return,median_return,std_return
3,110,1.7999999999999998,371.07584665307934,86,-43.91965421481123,2562.365556841448,218.67071534992652,431.46827577138686
