degree,window,bandwidth,avg_return,num_stocks,min_return,max_return,median_return,std_return
7,60,2.9999999999999996,230.57640969866952,86,-73.55506530432015,1176.8705202137958,159.0195785052586,253.59363405804245
