degree,window,bandwidth,avg_return,num_stocks,min_return,max_return,median_return,std_return
5,110,3.3999999999999995,314.3376751281661,86,-76.07508487662777,2086.2565148464123,242.39354850836384,351.6238611691874
