degree,window,bandwidth,avg_return,num_stocks,min_return,max_return,median_return,std_return
1,40,1.4999999999999998,474.6903586094957,86,-65.78766415869623,3202.979984744521,308.2816096902396,508.2321617281343
