degree,window,bandwidth,avg_return,num_stocks,min_return,max_return,median_return,std_return
9,30,3.999999999999999,754.8154607470124,86,-32.53428205289709,6284.786164835215,421.2880458987981,1095.7955347496065
