degree,window,bandwidth,avg_return,num_stocks,min_return,max_return,median_return,std_return
3,90,0.6,370.56807039507095,86,-62.2235235643595,3997.067802899738,255.43952775616566,506.8030352249181
