degree,window,bandwidth,avg_return,num_stocks,min_return,max_return,median_return,std_return
4,50,1.9999999999999996,443.8080309155988,86,-37.64739628618009,2895.5181934136253,321.46242473116706,446.2573130009231
