degree,window,bandwidth,avg_return,num_stocks,min_return,max_return,median_return,std_return
6,120,0.5,478.141230621336,86,-37.75521494345862,3629.5229879216135,277.13215984918014,626.8678822613675
