degree,window,bandwidth,avg_return,num_stocks,min_return,max_return,median_return,std_return
9,30,3.8999999999999995,735.3534217558324,86,-31.87481310251491,5223.773784556585,434.3143439941068,1016.9928753656828
