degree,window,bandwidth,avg_return,num_stocks,min_return,max_return,median_return,std_return
4,80,0.9999999999999999,341.09454847176437,86,-65.51597921923647,2467.7333720533406,226.37968646134752,425.4059160924511
