degree,window,bandwidth,avg_return,num_stocks,min_return,max_return,median_return,std_return
7,40,2.8999999999999995,298.32105035109015,86,-61.97547726790715,1858.8443496674954,180.90941812680887,368.26753813321795
