degree,window,bandwidth,avg_return,num_stocks,min_return,max_return,median_return,std_return
6,110,3.999999999999999,341.7583898233622,86,-80.27203273553218,3245.288943742706,196.94009959783514,466.76342761109515
