degree,window,bandwidth,avg_return,num_stocks,min_return,max_return,median_return,std_return
9,50,3.599999999999999,335.6308060665755,86,-82.72503744121296,7034.823475675979,175.87582081113237,791.2926192396033
