degree,window,bandwidth,avg_return,num_stocks,min_return,max_return,median_return,std_return
8,40,1.7999999999999998,365.2238270932125,86,-77.13533989365146,2558.0742351166386,190.1215655619148,528.748751392722
