degree,window,bandwidth,avg_return,num_stocks,min_return,max_return,median_return,std_return
8,40,3.0999999999999996,271.31011050407517,86,-85.64441795313301,1520.1144723446728,207.64491645261967,308.05664575395724
