degree,window,bandwidth,avg_return,num_stocks,min_return,max_return,median_return,std_return
9,40,2.7999999999999994,376.51265517800306,86,-43.17465104236926,2179.0908810563246,221.53769664954984,438.7131616232738
