degree,window,bandwidth,avg_return,num_stocks,min_return,max_return,median_return,std_return
6,90,1.5999999999999996,523.7493903934981,86,-55.14945886349364,2664.232853601474,367.3856627440498,568.0148815919553
