degree,window,bandwidth,avg_return,num_stocks,min_return,max_return,median_return,std_return
4,110,3.499999999999999,295.43384518361455,86,-79.71922235456789,1555.4300024254896,210.7504100634124,326.05943532389375
