degree,window,bandwidth,avg_return,num_stocks,min_return,max_return,median_return,std_return
8,120,3.3999999999999995,367.7320078684499,86,-46.89498941337224,2629.472888263298,247.95148430449933,397.1700033315443
