degree,window,bandwidth,avg_return,num_stocks,min_return,max_return,median_return,std_return
8,30,3.999999999999999,667.0382743611484,86,-62.09439733554151,4733.82869065206,387.42418825112895,828.727877976689
