degree,window,bandwidth,avg_return,num_stocks,min_return,max_return,median_return,std_return
3,30,1.2999999999999998,481.4333593764861,86,-23.020165746555968,4097.87673680349,267.0271578311946,633.3430810081146
