degree,window,bandwidth,avg_return,num_stocks,min_return,max_return,median_return,std_return
5,100,1.1999999999999997,396.50712299273937,86,-66.06549457813529,5056.910894456635,221.14107035621328,615.2689238984035
