degree,window,bandwidth,avg_return,num_stocks,min_return,max_return,median_return,std_return
2,40,1.9999999999999996,353.2121542024721,86,-61.60466232369941,1922.7056383371678,238.31968998814799,378.45155775755626
