degree,window,bandwidth,avg_return,num_stocks,min_return,max_return,median_return,std_return
7,110,3.3999999999999995,369.90381098078706,86,-73.15467607117708,3109.957451773768,251.7286830439489,437.65522066530235
