degree,window,bandwidth,avg_return,num_stocks,min_return,max_return,median_return,std_return
6,110,2.6999999999999993,343.8332839613954,86,-66.9982738203976,3425.8398408256426,229.86842393484568,465.58411208431585
