degree,window,bandwidth,avg_return,num_stocks,min_return,max_return,median_return,std_return
7,20,2.1999999999999997,723.035758365879,86,-38.76428535730898,7616.397608100655,469.33567896280806,1054.5379753635625
