degree,window,bandwidth,avg_return,num_stocks,min_return,max_return,median_return,std_return
4,40,2.7999999999999994,431.11269761429264,86,-63.22297367123121,2356.287602198161,343.0007999137229,438.1182567011253
