degree,window,bandwidth,avg_return,num_stocks,min_return,max_return,median_return,std_return
8,90,0.8999999999999999,227.77611880026166,86,-86.6123205185196,2836.423657268007,122.85612198599686,356.61362629759503
