degree,window,bandwidth,avg_return,num_stocks,min_return,max_return,median_return,std_return
8,50,2.6999999999999993,312.96339107501126,86,-59.766851805191855,2623.8327570236947,183.6420517207753,406.3674640609342
