degree,window,bandwidth,avg_return,num_stocks,min_return,max_return,median_return,std_return
8,70,0.7,248.3051141232717,86,-69.21478298362308,1294.9462454533596,161.6026810247264,262.98155307160897
