degree,window,bandwidth,avg_return,num_stocks,min_return,max_return,median_return,std_return
2,60,1.1999999999999997,384.7634048854818,86,-70.63133158874317,2360.693156757174,258.755871540402,468.6204752004532
