degree,window,bandwidth,avg_return,num_stocks,min_return,max_return,median_return,std_return
1,20,3.1999999999999993,496.5904918030556,86,-70.70267262152728,9349.078988485244,270.28037409480106,1030.437909059377
