degree,window,bandwidth,avg_return,num_stocks,min_return,max_return,median_return,std_return
4,80,1.1999999999999997,318.5789723952147,86,-72.66738700129841,2057.6162045140977,221.94316441905914,344.61643361496914
