degree,window,bandwidth,avg_return,num_stocks,min_return,max_return,median_return,std_return
5,90,0.5,603.0776224507362,86,-58.895736868226535,8343.338321001163,311.8620340860351,1258.771793753223
