degree,window,bandwidth,avg_return,num_stocks,min_return,max_return,median_return,std_return
6,80,3.999999999999999,421.9776125778266,86,-48.37521555295965,3128.6577287786836,235.9331382263465,507.63018481901463
