degree,window,bandwidth,avg_return,num_stocks,min_return,max_return,median_return,std_return
7,80,3.599999999999999,391.7166346985069,86,-48.68980419340847,3119.4281274045343,211.98633652182684,519.2007382842456
