degree,window,bandwidth,avg_return,num_stocks,min_return,max_return,median_return,std_return
4,100,3.2999999999999994,334.13896191917024,86,-77.013628218678,2707.9509115552232,243.74033788159912,398.462455952722
