degree,window,bandwidth,avg_return,num_stocks,min_return,max_return,median_return,std_return
4,20,1.6999999999999997,207.85282203382755,86,-78.35778382587193,1102.9129300462066,145.090235242134,265.91136666209457
