degree,window,bandwidth,avg_return,num_stocks,min_return,max_return,median_return,std_return
5,90,2.8999999999999995,318.3700406114398,86,-71.48412407696998,1400.657927092132,258.0268631966875,305.7454443971685
