degree,window,bandwidth,avg_return,num_stocks,min_return,max_return,median_return,std_return
9,40,0.8999999999999999,464.1248684713295,86,-53.7367668671874,1996.008146128882,319.7644751443912,463.5922741590553
