degree,window,bandwidth,avg_return,num_stocks,min_return,max_return,median_return,std_return
4,60,3.1999999999999993,373.30814603005183,86,-50.389086159928965,1954.9942465499958,236.45551774358242,416.06043552478775
