degree,window,bandwidth,avg_return,num_stocks,min_return,max_return,median_return,std_return
9,20,2.5999999999999996,604.3645812703988,86,-5.23184137432494,6431.854368858359,338.69103489249767,896.9783646198393
