degree,window,bandwidth,avg_return,num_stocks,min_return,max_return,median_return,std_return
5,80,0.7,593.6147576539973,86,-41.83257749311308,5596.163551600659,355.8377630775292,827.1485703383456
