degree,window,bandwidth,avg_return,num_stocks,min_return,max_return,median_return,std_return
4,30,1.4999999999999998,235.59975554352252,86,-76.04693077073509,1292.2518074321918,172.95930958510075,259.70553242556247
