degree,window,bandwidth,avg_return,num_stocks,min_return,max_return,median_return,std_return
9,100,2.7999999999999994,223.15342443879447,86,-63.56511536784162,2656.773997789488,137.89005790566517,338.88635001706103
