degree,window,bandwidth,avg_return,num_stocks,min_return,max_return,median_return,std_return
5,20,2.3999999999999995,250.29031592297025,86,-63.81155287008522,1938.049514735495,150.9832347733624,365.8433528261385
