degree,window,bandwidth,avg_return,num_stocks,min_return,max_return,median_return,std_return
2,80,2.6999999999999993,364.32595574247813,86,-79.09463433171521,3412.1511676108453,293.1240041015112,439.47165021857813
