degree,window,bandwidth,avg_return,num_stocks,min_return,max_return,median_return,std_return
2,120,1.1999999999999997,356.12850134421655,86,-74.69908363368847,2077.9979999085986,235.24488971890577,388.1415184187367
