degree,window,bandwidth,avg_return,num_stocks,min_return,max_return,median_return,std_return
4,70,3.7999999999999994,258.21941711255505,86,-47.551646367761904,1462.8883002481941,169.5248831319243,298.2561993800403
