degree,window,bandwidth,avg_return,num_stocks,min_return,max_return,median_return,std_return
1,80,0.9999999999999999,408.6070633091385,86,-43.62300313918422,2125.3213164467893,304.5804400305407,407.9395298357812
