degree,window,bandwidth,avg_return,num_stocks,min_return,max_return,median_return,std_return
8,30,1.0999999999999999,816.2026021701743,86,-23.66200331274821,7025.4509955428675,564.7812571565382,979.6996891547595
