degree,window,bandwidth,avg_return,num_stocks,min_return,max_return,median_return,std_return
6,50,0.8999999999999999,262.62033549673,86,-82.36462543109349,3374.0409353379505,180.47157894671685,398.0726354779353
