degree,window,bandwidth,avg_return,num_stocks,min_return,max_return,median_return,std_return
4,70,0.9999999999999999,497.0329772360398,86,-43.21480263734089,9872.032856071437,292.3840073672644,1117.598090750846
