degree,window,bandwidth,avg_return,num_stocks,min_return,max_return,median_return,std_return
5,120,3.499999999999999,309.2013396454891,86,-74.64722625751845,1468.1190032579887,221.226606117016,307.4315038121077
