degree,window,bandwidth,avg_return,num_stocks,min_return,max_return,median_return,std_return
2,20,1.9999999999999996,478.7762709149155,86,-50.302096829562196,1752.8349175929754,420.7039156222961,389.18575784620947
