degree,window,bandwidth,avg_return,num_stocks,min_return,max_return,median_return,std_return
1,20,3.999999999999999,542.8235103704325,86,-35.74728091952861,4913.461303470157,275.95446660707955,724.3461468800296
