degree,window,bandwidth,avg_return,num_stocks,min_return,max_return,median_return,std_return
2,110,2.0999999999999996,343.21980319255397,86,-58.5930219795027,2439.9981248066997,195.01048787453755,419.5254941864599
