degree,window,bandwidth,avg_return,num_stocks,min_return,max_return,median_return,std_return
4,80,1.2999999999999998,301.47430791250105,86,-69.45387078805886,2367.627083327996,204.71311405970687,355.41819587059854
