degree,window,bandwidth,avg_return,num_stocks,min_return,max_return,median_return,std_return
2,120,2.4999999999999996,349.1985527046054,86,-62.72298255641879,1735.8927299028608,252.55949253533367,334.5438318533687
