degree,window,bandwidth,avg_return,num_stocks,min_return,max_return,median_return,std_return
2,110,1.0999999999999999,336.285869615225,86,-80.36095561830261,1483.014053366308,247.86059026483764,336.1374544165704
