degree,window,bandwidth,avg_return,num_stocks,min_return,max_return,median_return,std_return
1,80,1.2999999999999998,405.16011282006923,86,-35.18426611547473,3528.614780827272,255.6045335770528,485.065194083158
