degree,window,bandwidth,avg_return,num_stocks,min_return,max_return,median_return,std_return
3,40,3.2999999999999994,351.0355553918962,86,-49.51430281980287,2500.5596861789295,208.5933692547481,429.7220541195574
