degree,window,bandwidth,avg_return,num_stocks,min_return,max_return,median_return,std_return
3,120,2.3,361.46767212770425,86,-71.91074683221419,2872.8365167320526,211.02544366891345,435.56870863046606
