degree,window,bandwidth,avg_return,num_stocks,min_return,max_return,median_return,std_return
8,20,2.1999999999999997,431.6579761622383,86,-14.985279876242567,3038.7091427970604,293.0600438685908,475.0943875177521
