degree,window,bandwidth,avg_return,num_stocks,min_return,max_return,median_return,std_return
1,90,1.9999999999999996,500.24890438342237,86,-38.30198105038394,8476.651236638887,343.84026062319697,944.218860171292
