degree,window,bandwidth,avg_return,num_stocks,min_return,max_return,median_return,std_return
3,60,1.4999999999999998,364.42124164981664,86,-58.41019336536375,2091.4247111174964,226.49260424161008,421.9126934943073
