degree,window,bandwidth,avg_return,num_stocks,min_return,max_return,median_return,std_return
6,50,1.2999999999999998,338.6415198128279,86,-83.58868434146827,10607.120287525884,155.44578268990085,1138.1866843553164
