degree,window,bandwidth,avg_return,num_stocks,min_return,max_return,median_return,std_return
5,20,0.7,356.5352098154135,86,-38.96290084702306,3017.3457837084725,208.1068390421266,485.2730053640073
