degree,window,bandwidth,avg_return,num_stocks,min_return,max_return,median_return,std_return
8,80,3.999999999999999,279.78145766169814,86,-84.25145667461824,1416.7704052518916,184.80143080827708,306.5939335816084
