degree,window,bandwidth,avg_return,num_stocks,min_return,max_return,median_return,std_return
9,70,2.9999999999999996,283.41914087092425,86,-69.81143169439878,1990.4029628733358,206.4765177532646,332.9065139426042
