degree,window,bandwidth,avg_return,num_stocks,min_return,max_return,median_return,std_return
5,30,2.7999999999999994,267.3637098402751,86,-83.77971484831404,2181.095989876913,202.8257164180053,327.0061171723983
