degree,window,bandwidth,avg_return,num_stocks,min_return,max_return,median_return,std_return
7,60,1.8999999999999997,212.57811309797964,86,-87.43129300563062,1916.165678073859,165.76856756400372,266.3198470279536
