degree,window,bandwidth,avg_return,num_stocks,min_return,max_return,median_return,std_return
9,30,1.9999999999999996,707.9554984594337,86,-37.58072070740295,6671.186954980809,459.6992108479169,1017.6828973145226
