degree,window,bandwidth,avg_return,num_stocks,min_return,max_return,median_return,std_return
5,70,0.6,577.4263467938545,86,-29.101696375730775,4356.867506459558,350.4193333763783,718.4952426853874
