degree,window,bandwidth,avg_return,num_stocks,min_return,max_return,median_return,std_return
2,120,0.9999999999999999,364.0345833824019,86,-80.18141494546191,1993.0155467376153,274.01172436360343,391.98719861858666
