degree,window,bandwidth,avg_return,num_stocks,min_return,max_return,median_return,std_return
9,70,3.8999999999999995,242.33310668105966,86,-54.73493950834337,1724.4962171134728,175.59040526114427,289.57925194553826
