degree,window,bandwidth,avg_return,num_stocks,min_return,max_return,median_return,std_return
8,50,2.5999999999999996,317.2469383028278,86,-61.480916476320644,2737.2659755574778,166.9608109490888,435.58153393532837
