degree,window,bandwidth,avg_return,num_stocks,min_return,max_return,median_return,std_return
7,90,0.7,376.5880462694493,86,-60.849190471142535,1835.4497812554712,246.8319208223735,412.6289338496627
