degree,window,bandwidth,avg_return,num_stocks,min_return,max_return,median_return,std_return
9,40,2.8999999999999995,368.02362188193035,86,-60.001213203547124,2125.467708317721,216.617913669112,434.0615777587894
