degree,window,bandwidth,avg_return,num_stocks,min_return,max_return,median_return,std_return
6,50,3.599999999999999,349.91731452034907,86,-71.6716475008666,7183.648496395247,183.88607095457235,820.9077287353799
