degree,window,bandwidth,avg_return,num_stocks,min_return,max_return,median_return,std_return
3,40,3.999999999999999,336.17132417766624,86,-58.083186596215896,5322.457427100453,193.38165959011508,642.315545556344
