degree,window,bandwidth,avg_return,num_stocks,min_return,max_return,median_return,std_return
9,120,2.8999999999999995,391.76607744893334,86,-32.11741069587396,2459.90622609012,277.7950899117316,442.993533525757
