degree,window,bandwidth,avg_return,num_stocks,min_return,max_return,median_return,std_return
3,50,2.7999999999999994,343.31983333092757,86,-52.10391516390275,2360.039874235496,228.24744858674222,380.86247016587004
