degree,window,bandwidth,avg_return,num_stocks,min_return,max_return,median_return,std_return
7,80,0.7999999999999999,354.33387483610363,86,-80.9304271221334,10397.909047465617,191.08628408402564,1117.7367362951225
