degree,window,bandwidth,avg_return,num_stocks,min_return,max_return,median_return,std_return
7,60,2.1999999999999997,202.52579707631784,86,-88.54033687349602,1458.6986707204358,157.36117756619208,235.86877419636977
