degree,window,bandwidth,avg_return,num_stocks,min_return,max_return,median_return,std_return
1,30,0.8999999999999999,361.250637841555,86,-49.29943079408271,1948.027542894086,209.40129227116415,422.5810592807608
