degree,window,bandwidth,avg_return,num_stocks,min_return,max_return,median_return,std_return
5,30,3.999999999999999,321.12700223713273,86,-80.91263502675305,9332.707114287274,132.93416116183982,1016.0900357623957
