degree,window,bandwidth,avg_return,num_stocks,min_return,max_return,median_return,std_return
1,110,3.599999999999999,446.45810680238804,86,-44.21789988922533,2612.1235172402303,292.52739334522784,486.93099138655964
