degree,window,bandwidth,avg_return,num_stocks,min_return,max_return,median_return,std_return
3,120,2.3999999999999995,380.91056743362185,86,-66.64175691795732,3741.4394341370057,218.77939873852677,512.0557904195741
