degree,window,bandwidth,avg_return,num_stocks,min_return,max_return,median_return,std_return
5,60,3.499999999999999,442.7811303945654,86,-41.45386114636524,3528.3941619142324,243.21977006451294,575.4833495072832
