degree,window,bandwidth,avg_return,num_stocks,min_return,max_return,median_return,std_return
1,90,2.0999999999999996,482.22394801832746,86,-80.3936150065027,9030.396845952777,343.6239160122258,981.9296616017193
