degree,window,bandwidth,avg_return,num_stocks,min_return,max_return,median_return,std_return
5,90,3.3999999999999995,300.2927328180497,86,-63.486953921145286,2036.3534347838122,218.10712380061278,336.3029683157346
