degree,window,bandwidth,avg_return,num_stocks,min_return,max_return,median_return,std_return
8,120,3.1999999999999993,416.6575078524525,86,-35.3529573646269,3120.413577512121,259.4629945335585,515.988040275114
