degree,window,bandwidth,avg_return,num_stocks,min_return,max_return,median_return,std_return
1,50,3.2999999999999994,435.48561148572065,86,-58.98228495856379,5279.843508681631,323.6300390883598,659.3379614400811
