degree,window,bandwidth,avg_return,num_stocks,min_return,max_return,median_return,std_return
1,40,2.9999999999999996,485.71169665567066,86,-61.13385672098014,2951.00154141997,383.03563498385097,566.4729385806162
