degree,window,bandwidth,avg_return,num_stocks,min_return,max_return,median_return,std_return
7,110,2.6999999999999993,463.19425266178183,86,-63.25991577460245,3583.670300136383,300.5599244960541,593.9280866863328
