degree,window,bandwidth,avg_return,num_stocks,min_return,max_return,median_return,std_return
9,70,1.0999999999999999,290.12535112403157,86,-69.40628620107917,2315.6319712216027,209.51081750221385,368.9139098488034
