degree,window,bandwidth,avg_return,num_stocks,min_return,max_return,median_return,std_return
1,90,0.8999999999999999,387.8227181353539,86,-46.711308470007744,3051.8663331681255,254.6289808868181,461.31880254097734
