degree,window,bandwidth,avg_return,num_stocks,min_return,max_return,median_return,std_return
2,110,3.999999999999999,441.8031170189083,86,-57.63910983169157,3522.4019906968365,241.9595785187505,620.7311796376546
