degree,window,bandwidth,avg_return,num_stocks,min_return,max_return,median_return,std_return
2,120,1.8999999999999997,316.4007810022194,86,-73.16674059580988,1589.0708333732255,237.56725309685044,307.0188011763863
