degree,window,bandwidth,avg_return,num_stocks,min_return,max_return,median_return,std_return
7,30,1.6999999999999997,313.67706964993255,86,-58.74495808659918,2763.5841863017895,192.58978885417255,399.1531001907742
