degree,window,bandwidth,avg_return,num_stocks,min_return,max_return,median_return,std_return
4,120,3.3999999999999995,267.1117992095562,86,-84.54545916650002,1523.8002409212029,186.98864212892528,273.22961420071624
