degree,window,bandwidth,avg_return,num_stocks,min_return,max_return,median_return,std_return
7,20,0.6,693.0737822376171,86,-25.817963767495765,6117.904756407229,418.3257594779716,991.1894377273475
