degree,window,bandwidth,avg_return,num_stocks,min_return,max_return,median_return,std_return
4,30,0.9999999999999999,267.0739422434075,86,-87.4926751807042,1929.3944331407627,168.3727385539531,343.2171690773928
