degree,window,bandwidth,avg_return,num_stocks,min_return,max_return,median_return,std_return
1,20,0.6,485.23189407753114,86,-55.72986572955758,1938.4884646229825,299.0253477102383,460.1916289607732
