degree,window,bandwidth,avg_return,num_stocks,min_return,max_return,median_return,std_return
2,80,0.8999999999999999,334.1838132607006,86,-64.8956854844172,2009.6536321734752,218.2567441937938,366.1052200304959
