degree,window,bandwidth,avg_return,num_stocks,min_return,max_return,median_return,std_return
8,20,2.4999999999999996,443.56323826936654,86,-7.722779317808453,2712.583305813744,296.93822925445284,493.3819761741578
