degree,window,bandwidth,avg_return,num_stocks,min_return,max_return,median_return,std_return
2,90,2.0999999999999996,388.89969457771855,86,-69.75637192323249,2012.3283217000226,225.7416237569908,431.1296721706813
