degree,window,bandwidth,avg_return,num_stocks,min_return,max_return,median_return,std_return
6,90,3.999999999999999,391.26462710281186,86,-47.747989989847774,4003.50823815103,228.47294323911092,525.562705232812
