degree,window,bandwidth,avg_return,num_stocks,min_return,max_return,median_return,std_return
7,20,1.4,737.2260245609847,86,-31.730191657979656,7983.950996158584,479.6994275000045,1081.740910054903
