degree,window,bandwidth,avg_return,num_stocks,min_return,max_return,median_return,std_return
8,60,3.499999999999999,276.4300290408357,86,-79.67753426828631,1327.1587132729228,209.66782189007668,304.6953686644445
