degree,window,bandwidth,avg_return,num_stocks,min_return,max_return,median_return,std_return
4,20,3.999999999999999,337.0297771660757,86,-65.33328470578516,5433.135125722876,205.47282618762085,635.2681479924951
