degree,window,bandwidth,avg_return,num_stocks,min_return,max_return,median_return,std_return
4,50,2.7999999999999994,507.41797691221296,86,-55.24643097901761,5033.57081948438,325.6043034589178,762.3836309316615
