degree,window,bandwidth,avg_return,num_stocks,min_return,max_return,median_return,std_return
7,40,3.599999999999999,271.0869678303841,86,-56.39479937949614,2050.4280463897576,177.3730078956669,326.21823903439395
