degree,window,bandwidth,avg_return,num_stocks,min_return,max_return,median_return,std_return
8,110,1.1999999999999997,403.7210989228714,86,-39.39622983433356,2026.1600849499257,281.9405942959026,405.83001140018155
