degree,window,bandwidth,avg_return,num_stocks,min_return,max_return,median_return,std_return
2,70,1.2999999999999998,394.05343660834393,86,-76.66635520103428,2792.799050028519,205.68248163287768,543.3074189553018
