degree,window,bandwidth,avg_return,num_stocks,min_return,max_return,median_return,std_return
2,110,2.3999999999999995,319.1929171680004,86,-80.21506378122706,1755.6362143021981,234.0824700218391,329.9130935068266
