degree,window,bandwidth,avg_return,num_stocks,min_return,max_return,median_return,std_return
3,40,3.599999999999999,275.8522867205377,86,-46.43492577191973,1722.3930209585767,170.68047122365817,324.65320318601226
