degree,window,bandwidth,avg_return,num_stocks,min_return,max_return,median_return,std_return
8,110,1.7999999999999998,477.8762267519239,86,-9.060731798157686,3308.3788098155333,319.5342047453213,556.7124154271621
