degree,window,bandwidth,avg_return,num_stocks,min_return,max_return,median_return,std_return
4,40,1.8999999999999997,369.1357760865885,86,-59.35090164722888,2382.452684462178,236.1063833816558,430.63853765306413
