degree,window,bandwidth,avg_return,num_stocks,min_return,max_return,median_return,std_return
1,40,2.6999999999999993,487.0623238709629,86,-51.2833061647987,3776.7838515315384,308.5332194521339,610.9941754494572
