degree,window,bandwidth,avg_return,num_stocks,min_return,max_return,median_return,std_return
4,80,1.7999999999999998,288.176651699631,86,-53.961483086716036,2016.289665292016,215.91283467811186,322.43480018067385
