degree,window,bandwidth,avg_return,num_stocks,min_return,max_return,median_return,std_return
2,60,3.0999999999999996,360.8013835687514,86,-60.74584939282649,2689.530744055396,192.3131075667228,490.691796264924
