degree,window,bandwidth,avg_return,num_stocks,min_return,max_return,median_return,std_return
2,70,2.6999999999999993,369.3383299395323,86,-51.43503084284157,2156.4073705297355,240.9144443680343,433.2671949187706
