degree,window,bandwidth,avg_return,num_stocks,min_return,max_return,median_return,std_return
4,90,1.6999999999999997,337.02118581082084,86,-56.12209920641441,2750.304265966317,233.31917645184467,387.6086402061344
