degree,window,bandwidth,avg_return,num_stocks,min_return,max_return,median_return,std_return
8,90,2.8999999999999995,303.7822517838022,86,-63.62203084988801,6684.979994122846,146.95194510195,736.2371745411435
