degree,window,bandwidth,avg_return,num_stocks,min_return,max_return,median_return,std_return
2,40,3.6999999999999993,299.2356306814449,86,-44.12469801168997,1395.360870533545,211.29307024419595,303.9888971031034
