degree,window,bandwidth,avg_return,num_stocks,min_return,max_return,median_return,std_return
9,100,1.1999999999999997,213.97938007766902,86,-89.96806623394404,1541.9593402837286,155.26781298452332,259.60347402827745
