degree,window,bandwidth,avg_return,num_stocks,min_return,max_return,median_return,std_return
2,50,2.9999999999999996,325.6407101661123,86,-75.44394137091012,1880.9196376319226,212.4025337018246,366.18729667928903
