degree,window,bandwidth,avg_return,num_stocks,min_return,max_return,median_return,std_return
3,110,2.9999999999999996,316.06781247219465,86,-54.79797067932039,2070.6806819082803,181.25178933377862,358.76758180021676
