degree,window,bandwidth,avg_return,num_stocks,min_return,max_return,median_return,std_return
9,40,2.4999999999999996,373.501396949145,86,-56.12471490934608,2673.9015053152684,243.44081163760205,418.994029257499
