degree,window,bandwidth,avg_return,num_stocks,min_return,max_return,median_return,std_return
9,60,3.7999999999999994,337.01016315414336,86,-58.076621801362485,5730.8896290088505,199.73673640178288,650.6483957702643
