degree,window,bandwidth,avg_return,num_stocks,min_return,max_return,median_return,std_return
7,110,3.499999999999999,388.8128224586511,86,-72.8856029047212,4123.9588413639585,232.4984555206812,529.8476434491997
