degree,window,bandwidth,avg_return,num_stocks,min_return,max_return,median_return,std_return
6,40,2.6999999999999993,286.7232955542138,86,-85.62048452342036,1968.8008105640702,219.63248556393071,343.6091127824982
