degree,window,bandwidth,avg_return,num_stocks,min_return,max_return,median_return,std_return
2,50,1.8999999999999997,379.7528260086195,86,-54.40021269936841,1870.0193253698164,250.87459249609418,418.6771083286895
