degree,window,bandwidth,avg_return,num_stocks,min_return,max_return,median_return,std_return
1,120,0.8999999999999999,400.05076102298335,86,-32.594041800464105,3691.833861277026,283.7098384603047,491.5221743844508
