degree,window,bandwidth,avg_return,num_stocks,min_return,max_return,median_return,std_return
7,20,3.7999999999999994,700.6803517258319,86,-46.23798507418169,5694.633229098469,397.1355902330767,985.1791697983056
