degree,window,bandwidth,avg_return,num_stocks,min_return,max_return,median_return,std_return
5,80,3.8999999999999995,349.62650319892896,86,-57.106631611967615,2311.150635568269,220.6035449417094,461.68682922082604
