degree,window,bandwidth,avg_return,num_stocks,min_return,max_return,median_return,std_return
8,90,1.8999999999999997,278.90236324481435,86,-63.300318025906485,4377.052754859697,142.35561500744666,554.8981579968505
