degree,window,bandwidth,avg_return,num_stocks,min_return,max_return,median_return,std_return
5,90,2.9999999999999996,315.3460472894007,86,-67.45783546040056,2473.8895036797335,218.61082620364928,367.92384118873457
