degree,window,bandwidth,avg_return,num_stocks,min_return,max_return,median_return,std_return
1,20,2.9999999999999996,473.7025700211569,86,-80.3281027726548,6400.1320534484985,234.73776656229523,766.2753338742431
