degree,window,bandwidth,avg_return,num_stocks,min_return,max_return,median_return,std_return
8,40,2.5999999999999996,303.58573685597145,86,-75.79398943681319,1825.5075678574888,191.98777087031178,378.4030256936876
