degree,window,bandwidth,avg_return,num_stocks,min_return,max_return,median_return,std_return
2,120,3.999999999999999,546.668183829952,86,-60.67144027884508,4497.114437661585,273.2356989545268,835.8741367194461
