degree,window,bandwidth,avg_return,num_stocks,min_return,max_return,median_return,std_return
1,60,3.1999999999999993,469.8230126076539,86,-56.83588295679854,5095.867716680369,354.8790815254863,625.021467875938
