degree,window,bandwidth,avg_return,num_stocks,min_return,max_return,median_return,std_return
5,20,3.499999999999999,198.85985303463983,86,-61.32215998393389,1172.2965553833722,135.3658367353689,233.35991753486252
