degree,window,bandwidth,avg_return,num_stocks,min_return,max_return,median_return,std_return
8,90,1.1999999999999997,253.90414326098664,86,-87.95922609251721,3193.6196975114976,130.8915353742081,424.53172689961036
