degree,window,bandwidth,avg_return,num_stocks,min_return,max_return,median_return,std_return
8,50,3.8999999999999995,430.9340473218266,86,-71.50816410144162,10769.213296829004,197.6109259645269,1195.3243644060337
