degree,window,bandwidth,avg_return,num_stocks,min_return,max_return,median_return,std_return
3,20,2.7999999999999994,367.77435057217076,86,-67.78781586760083,3315.1064301241477,267.5567375289391,430.3605093227078
