degree,window,bandwidth,avg_return,num_stocks,min_return,max_return,median_return,std_return
4,120,0.9999999999999999,380.3290331051352,86,-56.98778165432137,2191.6397550627926,233.0608908362112,438.28003975774993
