degree,window,bandwidth,avg_return,num_stocks,min_return,max_return,median_return,std_return
2,20,2.8999999999999995,424.5198594869916,86,-46.89451757407749,2290.061666954775,314.4167146161708,435.79996691118413
