degree,window,bandwidth,avg_return,num_stocks,min_return,max_return,median_return,std_return
3,110,2.1999999999999997,369.0579277661208,86,-50.19956367287255,2819.6434057338706,214.92826264692576,501.6308732242941
