degree,window,bandwidth,avg_return,num_stocks,min_return,max_return,median_return,std_return
6,70,2.9999999999999996,327.7800604009783,86,-49.23475147028782,1467.2567034465285,263.4300379381802,304.2783206881679
