degree,window,bandwidth,avg_return,num_stocks,min_return,max_return,median_return,std_return
7,70,2.8999999999999995,252.8990610280898,86,-78.47510250114848,1266.673015451684,175.2949637918933,279.6056837587394
