degree,window,bandwidth,avg_return,num_stocks,min_return,max_return,median_return,std_return
3,90,1.8999999999999997,368.47111830021237,86,-51.08337651809798,1938.9195301358754,230.22782917523853,404.2242750191112
