degree,window,bandwidth,avg_return,num_stocks,min_return,max_return,median_return,std_return
9,70,3.499999999999999,276.0006346367613,86,-73.86266633688285,2282.955305251277,176.24600879143458,341.2235705419225
