degree,window,bandwidth,avg_return,num_stocks,min_return,max_return,median_return,std_return
2,40,2.7999999999999994,332.942799554928,86,-51.365979911172325,2957.2412551968605,207.15595959889023,449.8109349368795
