degree,window,bandwidth,avg_return,num_stocks,min_return,max_return,median_return,std_return
2,70,3.599999999999999,383.95295616039846,86,-63.858415748258615,2216.4814439060406,290.64741752614634,432.68366918735984
