degree,window,bandwidth,avg_return,num_stocks,min_return,max_return,median_return,std_return
5,90,3.599999999999999,307.59537176134825,86,-85.64977834182793,2774.8378827842585,212.152214352997,404.66416199872884
