degree,window,bandwidth,avg_return,num_stocks,min_return,max_return,median_return,std_return
8,20,0.8999999999999999,437.17815289524947,86,-0.9027355987502234,2453.2433342830823,298.84733643426114,469.6792231048382
