degree,window,bandwidth,avg_return,num_stocks,min_return,max_return,median_return,std_return
8,100,1.0999999999999999,293.2645881733134,86,-65.30686884721003,3685.5592194036376,184.9352719682027,454.00579434466573
