degree,window,bandwidth,avg_return,num_stocks,min_return,max_return,median_return,std_return
3,20,1.2999999999999998,336.4821329017394,86,-66.80364254322201,2480.1562700702607,229.80280724522692,379.13844080824686
