degree,window,bandwidth,avg_return,num_stocks,min_return,max_return,median_return,std_return
1,20,1.6999999999999997,500.6453222862736,86,-45.77372264348367,4613.219256027642,279.0021507166425,704.8277009718778
