degree,window,bandwidth,avg_return,num_stocks,min_return,max_return,median_return,std_return
6,120,2.8999999999999995,356.77383440545924,86,-66.6832054137221,3348.653872849814,195.9835817049048,523.8065783167316
