degree,window,bandwidth,avg_return,num_stocks,min_return,max_return,median_return,std_return
3,60,2.3999999999999995,390.70499428865253,86,-66.50137029823325,3049.8888151993847,258.6105067001662,482.98208927914305
