degree,window,bandwidth,avg_return,num_stocks,min_return,max_return,median_return,std_return
5,30,3.0999999999999996,271.9044614516079,86,-80.76755707302394,2709.0570976126733,165.04270338654158,399.3192026382447
