degree,window,bandwidth,avg_return,num_stocks,min_return,max_return,median_return,std_return
7,60,1.2999999999999998,231.4897176882936,86,-81.07546873625056,3537.1461522554364,152.87883796362178,402.1198906536441
