degree,window,bandwidth,avg_return,num_stocks,min_return,max_return,median_return,std_return
4,80,3.3999999999999995,406.6638480201339,86,-83.4291468038142,5896.923215932645,196.4603564259706,745.396557401902
