degree,window,bandwidth,avg_return,num_stocks,min_return,max_return,median_return,std_return
9,70,2.6999999999999993,267.14666550930934,86,-64.32050363158375,1261.425106061967,228.60623516887233,261.1543898867806
