degree,window,bandwidth,avg_return,num_stocks,min_return,max_return,median_return,std_return
5,90,1.0999999999999999,436.63736731494754,86,-54.99346393024489,7326.214191073597,263.6419131803817,849.487498663093
