degree,window,bandwidth,avg_return,num_stocks,min_return,max_return,median_return,std_return
7,30,3.999999999999999,179.5234277267772,86,-64.80828576684311,1159.855843767567,141.89534119175778,220.53729666860113
