degree,window,bandwidth,avg_return,num_stocks,min_return,max_return,median_return,std_return
7,90,1.5999999999999996,415.69092834374686,86,-52.3127902438047,2687.918988167398,218.80260023354296,502.5067541581085
