degree,window,bandwidth,avg_return,num_stocks,min_return,max_return,median_return,std_return
2,40,2.3,389.4183429762429,86,-67.69515222199229,3390.930767433963,206.5056838252906,603.8254932395895
