degree,window,bandwidth,avg_return,num_stocks,min_return,max_return,median_return,std_return
6,20,3.8999999999999995,515.9586771797676,86,-45.2249524454411,3383.8564065024334,363.72327146779924,546.2079164171782
