degree,window,bandwidth,avg_return,num_stocks,min_return,max_return,median_return,std_return
5,100,1.4999999999999998,369.4714873692828,86,-64.7386486824245,3675.603556061127,235.1570726578973,505.91616161249294
