degree,window,bandwidth,avg_return,num_stocks,min_return,max_return,median_return,std_return
3,110,0.7,347.4520092701354,86,-46.70634244875289,1762.6662576347685,240.6079915104609,368.49593607916546
