degree,window,bandwidth,avg_return,num_stocks,min_return,max_return,median_return,std_return
2,50,3.2999999999999994,356.908688334596,86,-59.93452548706004,5847.484113536674,199.32908537359498,699.3204627612347
