degree,window,bandwidth,avg_return,num_stocks,min_return,max_return,median_return,std_return
4,30,1.1999999999999997,258.7822121634303,86,-78.73611764505682,2396.5472834659977,194.07244258380413,322.9360485155108
