degree,window,bandwidth,avg_return,num_stocks,min_return,max_return,median_return,std_return
6,120,2.3999999999999995,350.04900697139277,86,-60.91367158355362,1856.9941524806989,265.08924972956163,376.4895262652795
