degree,window,bandwidth,avg_return,num_stocks,min_return,max_return,median_return,std_return
4,30,3.0999999999999996,345.3784696188284,86,-84.57618332072532,3611.492160924777,253.00678076513265,473.44610319531836
