degree,window,bandwidth,avg_return,num_stocks,min_return,max_return,median_return,std_return
5,90,1.8999999999999997,370.7999716882243,86,-60.892595892065835,3595.857077610839,242.26475437816043,542.9450452037396
