degree,window,bandwidth,avg_return,num_stocks,min_return,max_return,median_return,std_return
8,20,2.7999999999999994,437.036195239778,86,-14.091161196365828,2302.44011323113,289.5243815276146,465.5333431559006
