degree,window,bandwidth,avg_return,num_stocks,min_return,max_return,median_return,std_return
9,120,1.2999999999999998,311.52365553201486,86,-57.53504202989077,1433.1336582370036,202.90320036433906,315.5569125003472
