degree,window,bandwidth,avg_return,num_stocks,min_return,max_return,median_return,std_return
5,60,3.1999999999999993,443.1330242575442,86,-37.67809212342705,4881.5443625775515,249.2756566305847,694.7362502634483
