degree,window,bandwidth,avg_return,num_stocks,min_return,max_return,median_return,std_return
4,50,1.0999999999999999,635.7453711954465,86,-44.947372299105425,4801.322484228206,436.3605908849536,730.011008391857
