degree,window,bandwidth,avg_return,num_stocks,min_return,max_return,median_return,std_return
7,80,3.0999999999999996,326.807856220724,86,-67.03749460035684,2417.7222494347448,235.98697498444307,380.09531668867663
