degree,window,bandwidth,avg_return,num_stocks,min_return,max_return,median_return,std_return
7,30,1.1999999999999997,335.52429555276956,86,-61.83321537657061,3152.4695258109296,216.804141923698,433.91861619536314
