degree,window,bandwidth,avg_return,num_stocks,min_return,max_return,median_return,std_return
4,110,2.3999999999999995,329.23649937135656,86,-47.02256053588864,2575.1359896423123,243.73283449956807,393.23346233692433
