degree,window,bandwidth,avg_return,num_stocks,min_return,max_return,median_return,std_return
7,110,0.6,478.64710210978717,86,-40.0095868523564,2253.2137275604337,280.4255031612517,536.77506090705
