degree,window,bandwidth,avg_return,num_stocks,min_return,max_return,median_return,std_return
1,50,2.6999999999999993,460.6748073404907,86,-75.73380868814968,3778.7516463354896,317.80011684215197,571.0623984436745
