degree,window,bandwidth,avg_return,num_stocks,min_return,max_return,median_return,std_return
7,120,2.4999999999999996,467.7565091563594,86,-39.93456084610479,5716.122738824826,263.2345615210801,702.8404550844982
