degree,window,bandwidth,avg_return,num_stocks,min_return,max_return,median_return,std_return
4,120,2.3,338.3459543818277,86,-48.64723622840374,2437.387491260699,188.76432688938024,447.09112723394895
