degree,window,bandwidth,avg_return,num_stocks,min_return,max_return,median_return,std_return
1,90,3.1999999999999993,492.38215509882144,86,-66.47914506688093,2499.189972364375,361.49275585866974,510.5262843268234
