degree,window,bandwidth,avg_return,num_stocks,min_return,max_return,median_return,std_return
8,20,1.5999999999999996,444.60860800616325,86,-7.744242725315216,2457.968567578402,281.8981006906555,456.9352418802243
