degree,window,bandwidth,avg_return,num_stocks,min_return,max_return,median_return,std_return
1,100,3.0999999999999996,499.76485109282316,86,-68.49766958790286,2247.3586295698556,371.9726524581044,501.3586354079459
