degree,window,bandwidth,avg_return,num_stocks,min_return,max_return,median_return,std_return
8,80,1.1999999999999997,214.55122254220657,86,-84.76405049659196,1500.2296478910077,157.19504640883213,268.250203817658
