degree,window,bandwidth,avg_return,num_stocks,min_return,max_return,median_return,std_return
2,20,2.7999999999999994,454.7720174835847,86,-47.70640552129278,2415.0941557523524,286.73875166965996,515.1462100071132
