degree,window,bandwidth,avg_return,num_stocks,min_return,max_return,median_return,std_return
7,70,3.999999999999999,355.2091587331334,86,-65.53259599826114,5798.033211225966,208.4827647625846,662.2387389054984
