degree,window,bandwidth,avg_return,num_stocks,min_return,max_return,median_return,std_return
1,50,3.6999999999999993,436.5004076494692,86,-42.76739383579686,2610.9597353190184,345.31517820573754,452.0005069560205
