degree,window,bandwidth,avg_return,num_stocks,min_return,max_return,median_return,std_return
7,30,2.1999999999999997,253.0841483982564,86,-60.737083949125456,1275.7702996419748,186.143330164472,264.43541209599647
