degree,window,bandwidth,avg_return,num_stocks,min_return,max_return,median_return,std_return
6,30,3.0999999999999996,250.86815705360607,86,-76.61862802797046,1530.6144551299071,182.08690188612812,286.94418385735054
