degree,window,bandwidth,avg_return,num_stocks,min_return,max_return,median_return,std_return
8,120,0.6,429.0677842840307,86,-40.69386641662995,2187.747943875265,275.3203326399939,460.73127393170734
