degree,window,bandwidth,avg_return,num_stocks,min_return,max_return,median_return,std_return
7,40,0.9999999999999999,284.81830962644204,86,-88.47391028618489,1370.4251059158046,189.03638718158066,336.5587507526817
