degree,window,bandwidth,avg_return,num_stocks,min_return,max_return,median_return,std_return
8,20,2.5999999999999996,445.96274065688635,86,-8.276854534468656,2596.9678350566724,293.4265361385809,504.5833437829371
