degree,window,bandwidth,avg_return,num_stocks,min_return,max_return,median_return,std_return
6,50,2.4999999999999996,233.1971730451068,86,-71.55813195518141,1595.0472806961704,159.75867735930922,275.2862081940205
