degree,window,bandwidth,avg_return,num_stocks,min_return,max_return,median_return,std_return
8,30,3.499999999999999,711.0961989583565,86,-64.22047209622927,4104.518048594578,383.76290839199135,829.5616762858281
