degree,window,bandwidth,avg_return,num_stocks,min_return,max_return,median_return,std_return
6,70,0.5,388.7863924692921,86,-57.32216887008854,6807.540091667581,204.5837184859617,776.0812017733759
