degree,window,bandwidth,avg_return,num_stocks,min_return,max_return,median_return,std_return
7,100,1.0999999999999999,469.4358490013285,86,-54.59949813812176,2939.444468834156,311.1658194297256,516.71117994821
