degree,window,bandwidth,avg_return,num_stocks,min_return,max_return,median_return,std_return
8,60,2.3,325.658226507355,86,-73.94780766802893,2004.2220907606634,234.54068955899032,352.56944063342416
