degree,window,bandwidth,avg_return,num_stocks,min_return,max_return,median_return,std_return
7,60,3.0999999999999996,230.37288168201422,86,-74.82712036165913,1392.1608739976737,153.84496687177102,268.62048457881525
