degree,window,bandwidth,avg_return,num_stocks,min_return,max_return,median_return,std_return
2,70,3.7999999999999994,479.59528645538666,86,-63.91246349344731,3341.3249969607114,295.39635805178256,631.3405940852892
