degree,window,bandwidth,avg_return,num_stocks,min_return,max_return,median_return,std_return
6,40,2.8999999999999995,275.89586906208564,86,-87.08482667877506,2304.1925690048834,179.8517467981967,363.20375378904015
