degree,window,bandwidth,avg_return,num_stocks,min_return,max_return,median_return,std_return
9,70,3.599999999999999,265.1633786177791,86,-61.11476711515008,1584.1801024003466,176.00694566221492,302.9883219580359
