degree,window,bandwidth,avg_return,num_stocks,min_return,max_return,median_return,std_return
4,100,0.5,347.53221827006513,86,-62.56044037842686,2137.9845133590393,243.36224607298828,357.24474509182767
