degree,window,bandwidth,avg_return,num_stocks,min_return,max_return,median_return,std_return
2,50,3.999999999999999,342.5256707863938,86,-63.82389624969219,2110.7688296689325,195.45898424024367,389.77146649352704
