degree,window,bandwidth,avg_return,num_stocks,min_return,max_return,median_return,std_return
3,120,0.9999999999999999,348.5216985932876,86,-48.8599486447028,2481.9640869001328,225.70206071182838,398.57296531661825
