degree,window,bandwidth,avg_return,num_stocks,min_return,max_return,median_return,std_return
8,40,2.4999999999999996,303.7330281958556,86,-73.55218616552015,1524.8822998103797,202.42486451593106,374.10760559553376
