degree,window,bandwidth,avg_return,num_stocks,min_return,max_return,median_return,std_return
2,50,3.3999999999999995,361.3159721186119,86,-58.565081096136176,5932.759370967904,187.8685238544612,727.707161589744
