degree,window,bandwidth,avg_return,num_stocks,min_return,max_return,median_return,std_return
1,80,3.999999999999999,494.31760053245597,86,-44.216151647823835,2513.365725952574,404.8453989518817,496.2476941189123
