degree,window,bandwidth,avg_return,num_stocks,min_return,max_return,median_return,std_return
6,60,3.6999999999999993,456.256790740597,86,-84.93334467704564,4126.691560969894,273.6326222994039,681.683448390769
