degree,window,bandwidth,avg_return,num_stocks,min_return,max_return,median_return,std_return
8,70,2.9999999999999996,239.95146911846703,86,-86.16407070208797,1440.0897234482838,175.95263600015343,254.2318635808639
