degree,window,bandwidth,avg_return,num_stocks,min_return,max_return,median_return,std_return
8,90,1.5999999999999996,232.3798771774562,86,-90.32429380082696,2726.690691997171,137.45562483043759,355.6978705063175
