degree,window,bandwidth,avg_return,num_stocks,min_return,max_return,median_return,std_return
6,110,1.6999999999999997,413.03329796263904,86,-36.52654393016561,6370.502693733798,253.67860046568916,726.6226025485049
