degree,window,bandwidth,avg_return,num_stocks,min_return,max_return,median_return,std_return
6,120,1.6999999999999997,458.0264647900662,86,-63.00216956166087,5699.063357081605,268.03659923018813,745.1632389294882
